QualityGaugeCharacteristicKey,QualityGaugeKey,QualityInspectionCharacteristicKey,SequenceNumber,QuantityValue,AllocationPercent,SourceSystemKey,BatchId,LoadedAtUtc
-1,-1,-1,0,0.000000,0.0000,-1,0,1900-01-01T00:00:00.000
1,361,60,1,11.370000,0.0001,1,1,2026-08-24T00:00:00.000
2,367,463,2,12.740000,0.0002,1,1,2026-08-24T00:00:00.000
3,242,155,3,14.110000,0.0003,1,1,2026-08-24T00:00:00.000
4,6,186,4,15.480000,0.0004,1,1,2026-08-24T00:00:00.000
5,457,430,5,16.850000,0.0005,1,1,2026-08-24T00:00:00.000
6,322,94,6,18.220000,0.0006,1,1,2026-08-24T00:00:00.000
7,119,459,7,19.590000,0.0007,1,1,2026-08-24T00:00:00.000
8,357,325,8,20.960000,0.0008,1,1,2026-08-24T00:00:00.000
9,145,67,9,22.330000,0.0009,1,1,2026-08-24T00:00:00.000
10,363,444,10,23.700000,0.0010,1,1,2026-08-24T00:00:00.000
11,234,207,11,25.070000,0.0011,1,1,2026-08-24T00:00:00.000
12,413,129,12,26.440000,0.0012,1,1,2026-08-24T00:00:00.000
13,492,115,13,27.810000,0.0013,1,1,2026-08-24T00:00:00.000
14,28,386,14,29.180000,0.0014,1,1,2026-08-24T00:00:00.000
15,370,22,15,30.550000,0.0015,1,1,2026-08-24T00:00:00.000
16,352,52,16,31.920000,0.0016,1,1,2026-08-24T00:00:00.000
17,477,133,17,33.290000,0.0017,1,1,2026-08-24T00:00:00.000
18,43,437,18,34.660000,0.0018,1,1,2026-08-24T00:00:00.000
19,337,239,19,36.030000,0.0019,1,1,2026-08-24T00:00:00.000
20,311,273,20,37.400000,0.0020,1,1,2026-08-24T00:00:00.000
21,68,491,21,38.770000,0.0021,1,1,2026-08-24T00:00:00.000
22,362,230,22,40.140000,0.0022,1,1,2026-08-24T00:00:00.000
23,177,305,23,41.510000,0.0023,1,1,2026-08-24T00:00:00.000
24,213,411,24,42.880000,0.0024,1,1,2026-08-24T00:00:00.000
25,88,400,25,44.250000,0.0025,1,1,2026-08-24T00:00:00.000
26,28,161,26,45.620000,0.0026,1,1,2026-08-24T00:00:00.000
27,317,448,27,46.990000,0.0027,1,1,2026-08-24T00:00:00.000
28,333,128,28,48.360000,0.0028,1,1,2026-08-24T00:00:00.000
29,217,445,29,49.730000,0.0029,1,1,2026-08-24T00:00:00.000
30,30,439,30,51.100000,0.0030,1,1,2026-08-24T00:00:00.000
31,380,236,31,52.470000,0.0031,1,1,2026-08-24T00:00:00.000
32,262,6,32,53.840000,0.0032,1,1,2026-08-24T00:00:00.000
33,81,404,33,55.210000,0.0033,1,1,2026-08-24T00:00:00.000
34,434,203,34,56.580000,0.0034,1,1,2026-08-24T00:00:00.000
35,414,399,35,57.950000,0.0035,1,1,2026-08-24T00:00:00.000
36,384,430,36,59.320000,0.0036,1,1,2026-08-24T00:00:00.000
37,302,167,37,60.690000,0.0037,1,1,2026-08-24T00:00:00.000
38,456,240,38,62.060000,0.0038,1,1,2026-08-24T00:00:00.000
39,219,267,39,63.430000,0.0039,1,1,2026-08-24T00:00:00.000
40,118,100,40,64.800000,0.0040,1,1,2026-08-24T00:00:00.000
41,6,209,41,66.170000,0.0041,1,1,2026-08-24T00:00:00.000
42,81,30,42,67.540000,0.0042,1,1,2026-08-24T00:00:00.000
43,392,463,43,68.910000,0.0043,1,1,2026-08-24T00:00:00.000
44,262,181,44,70.280000,0.0044,1,1,2026-08-24T00:00:00.000
45,251,16,45,71.650000,0.0045,1,1,2026-08-24T00:00:00.000
46,263,347,46,73.020000,0.0046,1,1,2026-08-24T00:00:00.000
47,405,409,47,74.390000,0.0047,1,1,2026-08-24T00:00:00.000
48,435,406,48,75.760000,0.0048,1,1,2026-08-24T00:00:00.000
49,114,106,49,77.130000,0.0049,1,1,2026-08-24T00:00:00.000
50,404,229,50,78.500000,0.0050,1,1,2026-08-24T00:00:00.000
51,305,365,51,79.870000,0.0051,1,1,2026-08-24T00:00:00.000
52,213,276,52,81.240000,0.0052,1,1,2026-08-24T00:00:00.000
53,493,154,53,82.610000,0.0053,1,1,2026-08-24T00:00:00.000
54,78,487,54,83.980000,0.0054,1,1,2026-08-24T00:00:00.000
55,99,423,55,85.350000,0.0055,1,1,2026-08-24T00:00:00.000
56,312,163,56,86.720000,0.0056,1,1,2026-08-24T00:00:00.000
57,72,80,57,88.090000,0.0057,1,1,2026-08-24T00:00:00.000
58,15,343,58,89.460000,0.0058,1,1,2026-08-24T00:00:00.000
59,442,430,59,90.830000,0.0059,1,1,2026-08-24T00:00:00.000
60,436,277,60,92.200000,0.0060,1,1,2026-08-24T00:00:00.000
61,178,5,61,93.570000,0.0061,1,1,2026-08-24T00:00:00.000
62,473,304,62,94.940000,0.0062,1,1,2026-08-24T00:00:00.000
63,262,215,63,96.310000,0.0063,1,1,2026-08-24T00:00:00.000
64,27,206,64,97.680000,0.0064,1,1,2026-08-24T00:00:00.000
65,323,260,65,99.050000,0.0065,1,1,2026-08-24T00:00:00.000
66,207,198,66,100.420000,0.0066,1,1,2026-08-24T00:00:00.000
67,216,430,67,101.790000,0.0067,1,1,2026-08-24T00:00:00.000
68,328,436,68,103.160000,0.0068,1,1,2026-08-24T00:00:00.000
69,189,229,69,104.530000,0.0069,1,1,2026-08-24T00:00:00.000
70,113,162,70,105.900000,0.0070,1,1,2026-08-24T00:00:00.000
71,144,108,71,107.270000,0.0071,1,1,2026-08-24T00:00:00.000
72,4,141,72,108.640000,0.0072,1,1,2026-08-24T00:00:00.000
73,52,442,73,110.010000,0.0073,1,1,2026-08-24T00:00:00.000
74,344,136,74,111.380000,0.0074,1,1,2026-08-24T00:00:00.000
75,249,470,75,112.750000,0.0075,1,1,2026-08-24T00:00:00.000
76,340,498,76,114.120000,0.0076,1,1,2026-08-24T00:00:00.000
77,10,212,77,115.490000,0.0077,1,1,2026-08-24T00:00:00.000
78,173,128,78,116.860000,0.0078,1,1,2026-08-24T00:00:00.000
79,240,294,79,118.230000,0.0079,1,1,2026-08-24T00:00:00.000
80,55,19,80,119.600000,0.0080,1,1,2026-08-24T00:00:00.000
81,316,142,81,120.970000,0.0081,1,1,2026-08-24T00:00:00.000
82,26,157,82,122.340000,0.0082,1,1,2026-08-24T00:00:00.000
83,155,184,83,123.710000,0.0083,1,1,2026-08-24T00:00:00.000
84,67,299,84,125.080000,0.0084,1,1,2026-08-24T00:00:00.000
85,95,16,85,126.450000,0.0085,1,1,2026-08-24T00:00:00.000
86,375,5,86,127.820000,0.0086,1,1,2026-08-24T00:00:00.000
87,357,32,87,129.190000,0.0087,1,1,2026-08-24T00:00:00.000
88,383,55,88,130.560000,0.0088,1,1,2026-08-24T00:00:00.000
89,90,404,89,131.930000,0.0089,1,1,2026-08-24T00:00:00.000
90,482,234,90,133.300000,0.0090,1,1,2026-08-24T00:00:00.000
91,59,257,91,134.670000,0.0091,1,1,2026-08-24T00:00:00.000
92,399,437,92,136.040000,0.0092,1,1,2026-08-24T00:00:00.000
93,473,133,93,137.410000,0.0093,1,1,2026-08-24T00:00:00.000
94,159,119,94,138.780000,0.0094,1,1,2026-08-24T00:00:00.000
95,229,269,95,140.150000,0.0095,1,1,2026-08-24T00:00:00.000
96,394,68,96,141.520000,0.0096,1,1,2026-08-24T00:00:00.000
97,391,213,97,142.890000,0.0097,1,1,2026-08-24T00:00:00.000
98,478,268,98,144.260000,0.0098,1,1,2026-08-24T00:00:00.000
99,291,290,99,145.630000,0.0099,1,1,2026-08-24T00:00:00.000
100,416,41,100,147.000000,0.0100,1,1,2026-08-24T00:00:00.000
101,174,99,101,148.370000,0.0101,1,1,2026-08-24T00:00:00.000
102,205,190,102,149.740000,0.0102,1,1,2026-08-24T00:00:00.000
103,342,323,103,151.110000,0.0103,1,1,2026-08-24T00:00:00.000
104,350,292,104,152.480000,0.0104,1,1,2026-08-24T00:00:00.000
105,55,430,105,153.850000,0.0105,1,1,2026-08-24T00:00:00.000
106,50,88,106,155.220000,0.0106,1,1,2026-08-24T00:00:00.000
107,231,59,107,156.590000,0.0107,1,1,2026-08-24T00:00:00.000
108,406,481,108,157.960000,0.0108,1,1,2026-08-24T00:00:00.000
109,178,177,109,159.330000,0.0109,1,1,2026-08-24T00:00:00.000
110,284,384,110,160.700000,0.0110,1,1,2026-08-24T00:00:00.000
111,220,477,111,162.070000,0.0111,1,1,2026-08-24T00:00:00.000
112,102,41,112,163.440000,0.0112,1,1,2026-08-24T00:00:00.000
113,493,112,113,164.810000,0.0113,1,1,2026-08-24T00:00:00.000
114,353,251,114,166.180000,0.0114,1,1,2026-08-24T00:00:00.000
115,92,305,115,167.550000,0.0115,1,1,2026-08-24T00:00:00.000
116,450,305,116,168.920000,0.0116,1,1,2026-08-24T00:00:00.000
117,77,52,117,170.290000,0.0117,1,1,2026-08-24T00:00:00.000
118,185,212,118,171.660000,0.0118,1,1,2026-08-24T00:00:00.000
119,192,491,119,173.030000,0.0119,1,1,2026-08-24T00:00:00.000
120,205,171,120,174.400000,0.0120,1,1,2026-08-24T00:00:00.000
121,204,344,121,175.770000,0.0121,1,1,2026-08-24T00:00:00.000
122,373,384,122,177.140000,0.0122,1,1,2026-08-24T00:00:00.000
123,19,251,123,178.510000,0.0123,1,1,2026-08-24T00:00:00.000
124,27,149,124,179.880000,0.0124,1,1,2026-08-24T00:00:00.000
125,134,376,125,181.250000,0.0125,1,1,2026-08-24T00:00:00.000
126,356,491,126,182.620000,0.0126,1,1,2026-08-24T00:00:00.000
127,2,333,127,183.990000,0.0127,1,1,2026-08-24T00:00:00.000
128,281,437,128,185.360000,0.0128,1,1,2026-08-24T00:00:00.000
129,108,153,129,186.730000,0.0129,1,1,2026-08-24T00:00:00.000
130,44,130,130,188.100000,0.0130,1,1,2026-08-24T00:00:00.000
131,204,249,131,189.470000,0.0131,1,1,2026-08-24T00:00:00.000
132,364,293,132,190.840000,0.0132,1,1,2026-08-24T00:00:00.000
133,66,241,133,192.210000,0.0133,1,1,2026-08-24T00:00:00.000
134,376,268,134,193.580000,0.0134,1,1,2026-08-24T00:00:00.000
135,59,394,135,194.950000,0.0135,1,1,2026-08-24T00:00:00.000
136,99,107,136,196.320000,0.0136,1,1,2026-08-24T00:00:00.000
137,407,263,137,197.690000,0.0137,1,1,2026-08-24T00:00:00.000
138,229,72,138,199.060000,0.0138,1,1,2026-08-24T00:00:00.000
139,181,67,139,200.430000,0.0139,1,1,2026-08-24T00:00:00.000
140,442,226,140,201.800000,0.0140,1,1,2026-08-24T00:00:00.000
141,267,488,141,203.170000,0.0141,1,1,2026-08-24T00:00:00.000
142,224,488,142,204.540000,0.0142,1,1,2026-08-24T00:00:00.000
143,306,27,143,205.910000,0.0143,1,1,2026-08-24T00:00:00.000
144,242,130,144,207.280000,0.0144,1,1,2026-08-24T00:00:00.000
145,110,422,145,208.650000,0.0145,1,1,2026-08-24T00:00:00.000
146,83,27,146,210.020000,0.0146,1,1,2026-08-24T00:00:00.000
147,61,180,147,211.390000,0.0147,1,1,2026-08-24T00:00:00.000
148,487,279,148,212.760000,0.0148,1,1,2026-08-24T00:00:00.000
149,223,320,149,214.130000,0.0149,1,1,2026-08-24T00:00:00.000
150,402,167,150,215.500000,0.0150,1,1,2026-08-24T00:00:00.000
151,500,241,151,216.870000,0.0151,1,1,2026-08-24T00:00:00.000
152,156,442,152,218.240000,0.0152,1,1,2026-08-24T00:00:00.000
153,199,377,153,219.610000,0.0153,1,1,2026-08-24T00:00:00.000
154,175,201,154,220.980000,0.0154,1,1,2026-08-24T00:00:00.000
155,25,255,155,222.350000,0.0155,1,1,2026-08-24T00:00:00.000
156,301,51,156,223.720000,0.0156,1,1,2026-08-24T00:00:00.000
157,286,163,157,225.090000,0.0157,1,1,2026-08-24T00:00:00.000
158,23,90,158,226.460000,0.0158,1,1,2026-08-24T00:00:00.000
159,430,65,159,227.830000,0.0159,1,1,2026-08-24T00:00:00.000
160,37,54,160,229.200000,0.0160,1,1,2026-08-24T00:00:00.000
161,11,204,161,230.570000,0.0161,1,1,2026-08-24T00:00:00.000
162,7,290,162,231.940000,0.0162,1,1,2026-08-24T00:00:00.000
163,474,378,163,233.310000,0.0163,1,1,2026-08-24T00:00:00.000
164,94,4,164,234.680000,0.0164,1,1,2026-08-24T00:00:00.000
165,90,261,165,236.050000,0.0165,1,1,2026-08-24T00:00:00.000
166,223,187,166,237.420000,0.0166,1,1,2026-08-24T00:00:00.000
167,369,59,167,238.790000,0.0167,1,1,2026-08-24T00:00:00.000
168,493,379,168,240.160000,0.0168,1,1,2026-08-24T00:00:00.000
169,235,267,169,241.530000,0.0169,1,1,2026-08-24T00:00:00.000
170,495,25,170,242.900000,0.0170,1,1,2026-08-24T00:00:00.000
171,130,266,171,244.270000,0.0171,1,1,2026-08-24T00:00:00.000
172,213,449,172,245.640000,0.0172,1,1,2026-08-24T00:00:00.000
173,487,359,173,247.010000,0.0173,1,1,2026-08-24T00:00:00.000
174,303,113,174,248.380000,0.0174,1,1,2026-08-24T00:00:00.000
175,25,364,175,249.750000,0.0175,1,1,2026-08-24T00:00:00.000
176,335,27,176,251.120000,0.0176,1,1,2026-08-24T00:00:00.000
177,378,169,177,252.490000,0.0177,1,1,2026-08-24T00:00:00.000
178,194,216,178,253.860000,0.0178,1,1,2026-08-24T00:00:00.000
179,259,249,179,255.230000,0.0179,1,1,2026-08-24T00:00:00.000
180,276,127,180,256.600000,0.0180,1,1,2026-08-24T00:00:00.000
181,470,104,181,257.970000,0.0181,1,1,2026-08-24T00:00:00.000
182,287,199,182,259.340000,0.0182,1,1,2026-08-24T00:00:00.000
183,370,81,183,260.710000,0.0183,1,1,2026-08-24T00:00:00.000
184,193,82,184,262.080000,0.0184,1,1,2026-08-24T00:00:00.000
185,257,301,185,263.450000,0.0185,1,1,2026-08-24T00:00:00.000
186,109,48,186,264.820000,0.0186,1,1,2026-08-24T00:00:00.000
187,430,494,187,266.190000,0.0187,1,1,2026-08-24T00:00:00.000
188,375,73,188,267.560000,0.0188,1,1,2026-08-24T00:00:00.000
189,81,479,189,268.930000,0.0189,1,1,2026-08-24T00:00:00.000
190,222,91,190,270.300000,0.0190,1,1,2026-08-24T00:00:00.000
191,412,218,191,271.670000,0.0191,1,1,2026-08-24T00:00:00.000
192,53,437,192,273.040000,0.0192,1,1,2026-08-24T00:00:00.000
193,253,254,193,274.410000,0.0193,1,1,2026-08-24T00:00:00.000
194,446,77,194,275.780000,0.0194,1,1,2026-08-24T00:00:00.000
195,282,118,195,277.150000,0.0195,1,1,2026-08-24T00:00:00.000
196,395,483,196,278.520000,0.0196,1,1,2026-08-24T00:00:00.000
197,250,332,197,279.890000,0.0197,1,1,2026-08-24T00:00:00.000
198,247,276,198,281.260000,0.0198,1,1,2026-08-24T00:00:00.000
199,22,82,199,282.630000,0.0199,1,1,2026-08-24T00:00:00.000
200,299,23,200,284.000000,0.0200,1,1,2026-08-24T00:00:00.000
201,414,100,201,285.370000,0.0201,1,1,2026-08-24T00:00:00.000
202,218,363,202,286.740000,0.0202,1,1,2026-08-24T00:00:00.000
203,301,387,203,288.110000,0.0203,1,1,2026-08-24T00:00:00.000
204,407,206,204,289.480000,0.0204,1,1,2026-08-24T00:00:00.000
205,430,358,205,290.850000,0.0205,1,1,2026-08-24T00:00:00.000
206,73,177,206,292.220000,0.0206,1,1,2026-08-24T00:00:00.000
207,266,306,207,293.590000,0.0207,1,1,2026-08-24T00:00:00.000
208,425,412,208,294.960000,0.0208,1,1,2026-08-24T00:00:00.000
209,297,304,209,296.330000,0.0209,1,1,2026-08-24T00:00:00.000
210,481,414,210,297.700000,0.0210,1,1,2026-08-24T00:00:00.000
211,285,459,211,299.070000,0.0211,1,1,2026-08-24T00:00:00.000
212,12,435,212,300.440000,0.0212,1,1,2026-08-24T00:00:00.000
213,499,242,213,301.810000,0.0213,1,1,2026-08-24T00:00:00.000
214,272,63,214,303.180000,0.0214,1,1,2026-08-24T00:00:00.000
215,60,414,215,304.550000,0.0215,1,1,2026-08-24T00:00:00.000
216,345,292,216,305.920000,0.0216,1,1,2026-08-24T00:00:00.000
217,394,331,217,307.290000,0.0217,1,1,2026-08-24T00:00:00.000
218,302,149,218,308.660000,0.0218,1,1,2026-08-24T00:00:00.000
219,231,343,219,310.030000,0.0219,1,1,2026-08-24T00:00:00.000
220,145,164,220,311.400000,0.0220,1,1,2026-08-24T00:00:00.000
221,167,493,221,312.770000,0.0221,1,1,2026-08-24T00:00:00.000
222,338,408,222,314.140000,0.0222,1,1,2026-08-24T00:00:00.000
223,83,116,223,315.510000,0.0223,1,1,2026-08-24T00:00:00.000
224,271,332,224,316.880000,0.0224,1,1,2026-08-24T00:00:00.000
225,379,425,225,318.250000,0.0225,1,1,2026-08-24T00:00:00.000
226,230,200,226,319.620000,0.0226,1,1,2026-08-24T00:00:00.000
227,23,247,227,320.990000,0.0227,1,1,2026-08-24T00:00:00.000
228,269,268,228,322.360000,0.0228,1,1,2026-08-24T00:00:00.000
229,298,447,229,323.730000,0.0229,1,1,2026-08-24T00:00:00.000
230,5,79,230,325.100000,0.0230,1,1,2026-08-24T00:00:00.000
231,155,373,231,326.470000,0.0231,1,1,2026-08-24T00:00:00.000
232,301,284,232,327.840000,0.0232,1,1,2026-08-24T00:00:00.000
233,340,424,233,329.210000,0.0233,1,1,2026-08-24T00:00:00.000
234,451,231,234,330.580000,0.0234,1,1,2026-08-24T00:00:00.000
235,14,404,235,331.950000,0.0235,1,1,2026-08-24T00:00:00.000
236,70,187,236,333.320000,0.0236,1,1,2026-08-24T00:00:00.000
237,198,17,237,334.690000,0.0237,1,1,2026-08-24T00:00:00.000
238,334,419,238,336.060000,0.0238,1,1,2026-08-24T00:00:00.000
239,213,207,239,337.430000,0.0239,1,1,2026-08-24T00:00:00.000
240,324,174,240,338.800000,0.0240,1,1,2026-08-24T00:00:00.000
241,324,260,241,340.170000,0.0241,1,1,2026-08-24T00:00:00.000
242,390,10,242,341.540000,0.0242,1,1,2026-08-24T00:00:00.000
243,357,470,243,342.910000,0.0243,1,1,2026-08-24T00:00:00.000
244,214,317,244,344.280000,0.0244,1,1,2026-08-24T00:00:00.000
245,251,165,245,345.650000,0.0245,1,1,2026-08-24T00:00:00.000
246,285,500,246,347.020000,0.0246,1,1,2026-08-24T00:00:00.000
247,367,159,247,348.390000,0.0247,1,1,2026-08-24T00:00:00.000
248,367,406,248,349.760000,0.0248,1,1,2026-08-24T00:00:00.000
249,266,242,249,351.130000,0.0249,1,1,2026-08-24T00:00:00.000
250,108,64,250,352.500000,0.0250,1,1,2026-08-24T00:00:00.000
251,202,274,251,353.870000,0.0251,1,1,2026-08-24T00:00:00.000
252,61,27,252,355.240000,0.0252,1,1,2026-08-24T00:00:00.000
253,23,268,253,356.610000,0.0253,1,1,2026-08-24T00:00:00.000
254,119,210,254,357.980000,0.0254,1,1,2026-08-24T00:00:00.000
255,471,262,255,359.350000,0.0255,1,1,2026-08-24T00:00:00.000
256,124,212,256,360.720000,0.0256,1,1,2026-08-24T00:00:00.000
257,76,484,257,362.090000,0.0257,1,1,2026-08-24T00:00:00.000
258,36,476,258,363.460000,0.0258,1,1,2026-08-24T00:00:00.000
259,40,244,259,364.830000,0.0259,1,1,2026-08-24T00:00:00.000
260,497,459,260,366.200000,0.0260,1,1,2026-08-24T00:00:00.000
261,113,23,261,367.570000,0.0261,1,1,2026-08-24T00:00:00.000
262,479,489,262,368.940000,0.0262,1,1,2026-08-24T00:00:00.000
263,170,368,263,370.310000,0.0263,1,1,2026-08-24T00:00:00.000
264,387,50,264,371.680000,0.0264,1,1,2026-08-24T00:00:00.000
265,132,329,265,373.050000,0.0265,1,1,2026-08-24T00:00:00.000
266,279,495,266,374.420000,0.0266,1,1,2026-08-24T00:00:00.000
267,195,471,267,375.790000,0.0267,1,1,2026-08-24T00:00:00.000
268,44,317,268,377.160000,0.0268,1,1,2026-08-24T00:00:00.000
269,14,496,269,378.530000,0.0269,1,1,2026-08-24T00:00:00.000
270,440,500,270,379.900000,0.0270,1,1,2026-08-24T00:00:00.000
271,71,280,271,381.270000,0.0271,1,1,2026-08-24T00:00:00.000
272,236,238,272,382.640000,0.0272,1,1,2026-08-24T00:00:00.000
273,301,292,273,384.010000,0.0273,1,1,2026-08-24T00:00:00.000
274,43,110,274,385.380000,0.0274,1,1,2026-08-24T00:00:00.000
275,329,93,275,386.750000,0.0275,1,1,2026-08-24T00:00:00.000
276,194,431,276,388.120000,0.0276,1,1,2026-08-24T00:00:00.000
277,263,440,277,389.490000,0.0277,1,1,2026-08-24T00:00:00.000
278,160,437,278,390.860000,0.0278,1,1,2026-08-24T00:00:00.000
279,301,244,279,392.230000,0.0279,1,1,2026-08-24T00:00:00.000
280,472,211,280,393.600000,0.0280,1,1,2026-08-24T00:00:00.000
281,254,87,281,394.970000,0.0281,1,1,2026-08-24T00:00:00.000
282,118,393,282,396.340000,0.0282,1,1,2026-08-24T00:00:00.000
283,278,213,283,397.710000,0.0283,1,1,2026-08-24T00:00:00.000
284,239,23,284,399.080000,0.0284,1,1,2026-08-24T00:00:00.000
285,346,207,285,400.450000,0.0285,1,1,2026-08-24T00:00:00.000
286,431,390,286,401.820000,0.0286,1,1,2026-08-24T00:00:00.000
287,296,198,287,403.190000,0.0287,1,1,2026-08-24T00:00:00.000
288,408,3,288,404.560000,0.0288,1,1,2026-08-24T00:00:00.000
289,59,77,289,405.930000,0.0289,1,1,2026-08-24T00:00:00.000
290,426,163,290,407.300000,0.0290,1,1,2026-08-24T00:00:00.000
291,180,101,291,408.670000,0.0291,1,1,2026-08-24T00:00:00.000
292,482,94,292,410.040000,0.0292,1,1,2026-08-24T00:00:00.000
293,423,154,293,411.410000,0.0293,1,1,2026-08-24T00:00:00.000
294,223,200,294,412.780000,0.0294,1,1,2026-08-24T00:00:00.000
295,90,405,295,414.150000,0.0295,1,1,2026-08-24T00:00:00.000
296,331,390,296,415.520000,0.0296,1,1,2026-08-24T00:00:00.000
297,392,344,297,416.890000,0.0297,1,1,2026-08-24T00:00:00.000
298,329,254,298,418.260000,0.0298,1,1,2026-08-24T00:00:00.000
299,43,166,299,419.630000,0.0299,1,1,2026-08-24T00:00:00.000
300,468,391,300,421.000000,0.0300,1,1,2026-08-24T00:00:00.000
301,74,41,301,422.370000,0.0301,1,1,2026-08-24T00:00:00.000
302,481,41,302,423.740000,0.0302,1,1,2026-08-24T00:00:00.000
303,383,430,303,425.110000,0.0303,1,1,2026-08-24T00:00:00.000
304,394,168,304,426.480000,0.0304,1,1,2026-08-24T00:00:00.000
305,450,55,305,427.850000,0.0305,1,1,2026-08-24T00:00:00.000
306,130,133,306,429.220000,0.0306,1,1,2026-08-24T00:00:00.000
307,53,15,307,430.590000,0.0307,1,1,2026-08-24T00:00:00.000
308,409,333,308,431.960000,0.0308,1,1,2026-08-24T00:00:00.000
309,373,92,309,433.330000,0.0309,1,1,2026-08-24T00:00:00.000
310,216,3,310,434.700000,0.0310,1,1,2026-08-24T00:00:00.000
311,368,184,311,436.070000,0.0311,1,1,2026-08-24T00:00:00.000
312,268,396,312,437.440000,0.0312,1,1,2026-08-24T00:00:00.000
313,434,130,313,438.810000,0.0313,1,1,2026-08-24T00:00:00.000
314,34,429,314,440.180000,0.0314,1,1,2026-08-24T00:00:00.000
315,2,337,315,441.550000,0.0315,1,1,2026-08-24T00:00:00.000
316,472,26,316,442.920000,0.0316,1,1,2026-08-24T00:00:00.000
317,374,141,317,444.290000,0.0317,1,1,2026-08-24T00:00:00.000
318,331,191,318,445.660000,0.0318,1,1,2026-08-24T00:00:00.000
319,275,230,319,447.030000,0.0319,1,1,2026-08-24T00:00:00.000
320,400,355,320,448.400000,0.0320,1,1,2026-08-24T00:00:00.000
321,14,222,321,449.770000,0.0321,1,1,2026-08-24T00:00:00.000
322,160,76,322,451.140000,0.0322,1,1,2026-08-24T00:00:00.000
323,161,386,323,452.510000,0.0323,1,1,2026-08-24T00:00:00.000
324,62,202,324,453.880000,0.0324,1,1,2026-08-24T00:00:00.000
325,35,140,325,455.250000,0.0325,1,1,2026-08-24T00:00:00.000
326,488,36,326,456.620000,0.0326,1,1,2026-08-24T00:00:00.000
327,108,212,327,457.990000,0.0327,1,1,2026-08-24T00:00:00.000
328,351,444,328,459.360000,0.0328,1,1,2026-08-24T00:00:00.000
329,389,224,329,460.730000,0.0329,1,1,2026-08-24T00:00:00.000
330,215,362,330,462.100000,0.0330,1,1,2026-08-24T00:00:00.000
331,17,110,331,463.470000,0.0331,1,1,2026-08-24T00:00:00.000
332,287,403,332,464.840000,0.0332,1,1,2026-08-24T00:00:00.000
333,101,471,333,466.210000,0.0333,1,1,2026-08-24T00:00:00.000
334,496,382,334,467.580000,0.0334,1,1,2026-08-24T00:00:00.000
335,71,96,335,468.950000,0.0335,1,1,2026-08-24T00:00:00.000
336,346,382,336,470.320000,0.0336,1,1,2026-08-24T00:00:00.000
337,462,268,337,471.690000,0.0337,1,1,2026-08-24T00:00:00.000
338,244,473,338,473.060000,0.0338,1,1,2026-08-24T00:00:00.000
339,341,414,339,474.430000,0.0339,1,1,2026-08-24T00:00:00.000
340,353,490,340,475.800000,0.0340,1,1,2026-08-24T00:00:00.000
341,440,84,341,477.170000,0.0341,1,1,2026-08-24T00:00:00.000
342,488,217,342,478.540000,0.0342,1,1,2026-08-24T00:00:00.000
343,273,423,343,479.910000,0.0343,1,1,2026-08-24T00:00:00.000
344,468,140,344,481.280000,0.0344,1,1,2026-08-24T00:00:00.000
345,349,358,345,482.650000,0.0345,1,1,2026-08-24T00:00:00.000
346,139,305,346,484.020000,0.0346,1,1,2026-08-24T00:00:00.000
347,496,366,347,485.390000,0.0347,1,1,2026-08-24T00:00:00.000
348,23,230,348,486.760000,0.0348,1,1,2026-08-24T00:00:00.000
349,161,274,349,488.130000,0.0349,1,1,2026-08-24T00:00:00.000
350,297,443,350,489.500000,0.0350,1,1,2026-08-24T00:00:00.000
351,405,6,351,490.870000,0.0351,1,1,2026-08-24T00:00:00.000
352,163,15,352,492.240000,0.0352,1,1,2026-08-24T00:00:00.000
353,442,184,353,493.610000,0.0353,1,1,2026-08-24T00:00:00.000
354,337,353,354,494.980000,0.0354,1,1,2026-08-24T00:00:00.000
355,412,117,355,496.350000,0.0355,1,1,2026-08-24T00:00:00.000
356,121,418,356,497.720000,0.0356,1,1,2026-08-24T00:00:00.000
357,128,153,357,499.090000,0.0357,1,1,2026-08-24T00:00:00.000
358,206,213,358,500.460000,0.0358,1,1,2026-08-24T00:00:00.000
359,8,34,359,501.830000,0.0359,1,1,2026-08-24T00:00:00.000
360,44,259,360,503.200000,0.0360,1,1,2026-08-24T00:00:00.000
361,15,469,361,504.570000,0.0361,1,1,2026-08-24T00:00:00.000
362,260,374,362,505.940000,0.0362,1,1,2026-08-24T00:00:00.000
363,429,262,363,507.310000,0.0363,1,1,2026-08-24T00:00:00.000
364,166,485,364,508.680000,0.0364,1,1,2026-08-24T00:00:00.000
365,133,108,365,510.050000,0.0365,1,1,2026-08-24T00:00:00.000
366,329,92,366,511.420000,0.0366,1,1,2026-08-24T00:00:00.000
367,68,124,367,512.790000,0.0367,1,1,2026-08-24T00:00:00.000
368,406,328,368,514.160000,0.0368,1,1,2026-08-24T00:00:00.000
369,272,363,369,515.530000,0.0369,1,1,2026-08-24T00:00:00.000
370,297,87,370,516.900000,0.0370,1,1,2026-08-24T00:00:00.000
371,94,388,371,518.270000,0.0371,1,1,2026-08-24T00:00:00.000
372,180,9,372,519.640000,0.0372,1,1,2026-08-24T00:00:00.000
373,256,263,373,521.010000,0.0373,1,1,2026-08-24T00:00:00.000
374,385,386,374,522.380000,0.0374,1,1,2026-08-24T00:00:00.000
375,160,476,375,523.750000,0.0375,1,1,2026-08-24T00:00:00.000
376,5,409,376,525.120000,0.0376,1,1,2026-08-24T00:00:00.000
377,471,455,377,526.490000,0.0377,1,1,2026-08-24T00:00:00.000
378,124,377,378,527.860000,0.0378,1,1,2026-08-24T00:00:00.000
379,241,241,379,529.230000,0.0379,1,1,2026-08-24T00:00:00.000
380,175,11,380,530.600000,0.0380,1,1,2026-08-24T00:00:00.000
381,320,181,381,531.970000,0.0381,1,1,2026-08-24T00:00:00.000
382,147,176,382,533.340000,0.0382,1,1,2026-08-24T00:00:00.000
383,282,147,383,534.710000,0.0383,1,1,2026-08-24T00:00:00.000
384,279,175,384,536.080000,0.0384,1,1,2026-08-24T00:00:00.000
385,15,438,385,537.450000,0.0385,1,1,2026-08-24T00:00:00.000
386,248,241,386,538.820000,0.0386,1,1,2026-08-24T00:00:00.000
387,490,236,387,540.190000,0.0387,1,1,2026-08-24T00:00:00.000
388,471,458,388,541.560000,0.0388,1,1,2026-08-24T00:00:00.000
389,500,139,389,542.930000,0.0389,1,1,2026-08-24T00:00:00.000
390,103,342,390,544.300000,0.0390,1,1,2026-08-24T00:00:00.000
391,134,413,391,545.670000,0.0391,1,1,2026-08-24T00:00:00.000
392,434,65,392,547.040000,0.0392,1,1,2026-08-24T00:00:00.000
393,492,212,393,548.410000,0.0393,1,1,2026-08-24T00:00:00.000
394,264,380,394,549.780000,0.0394,1,1,2026-08-24T00:00:00.000
395,93,390,395,551.150000,0.0395,1,1,2026-08-24T00:00:00.000
396,61,139,396,552.520000,0.0396,1,1,2026-08-24T00:00:00.000
397,312,434,397,553.890000,0.0397,1,1,2026-08-24T00:00:00.000
398,33,83,398,555.260000,0.0398,1,1,2026-08-24T00:00:00.000
399,407,19,399,556.630000,0.0399,1,1,2026-08-24T00:00:00.000
400,271,156,400,558.000000,0.0400,1,1,2026-08-24T00:00:00.000
401,375,197,401,559.370000,0.0401,1,1,2026-08-24T00:00:00.000
402,195,125,402,560.740000,0.0402,1,1,2026-08-24T00:00:00.000
403,184,283,403,562.110000,0.0403,1,1,2026-08-24T00:00:00.000
404,66,148,404,563.480000,0.0404,1,1,2026-08-24T00:00:00.000
405,413,404,405,564.850000,0.0405,1,1,2026-08-24T00:00:00.000
406,195,25,406,566.220000,0.0406,1,1,2026-08-24T00:00:00.000
407,345,245,407,567.590000,0.0407,1,1,2026-08-24T00:00:00.000
408,412,423,408,568.960000,0.0408,1,1,2026-08-24T00:00:00.000
409,312,87,409,570.330000,0.0409,1,1,2026-08-24T00:00:00.000
410,255,366,410,571.700000,0.0410,1,1,2026-08-24T00:00:00.000
411,421,412,411,573.070000,0.0411,1,1,2026-08-24T00:00:00.000
412,65,30,412,574.440000,0.0412,1,1,2026-08-24T00:00:00.000
413,8,352,413,575.810000,0.0413,1,1,2026-08-24T00:00:00.000
414,225,496,414,577.180000,0.0414,1,1,2026-08-24T00:00:00.000
415,215,160,415,578.550000,0.0415,1,1,2026-08-24T00:00:00.000
416,420,342,416,579.920000,0.0416,1,1,2026-08-24T00:00:00.000
417,139,483,417,581.290000,0.0417,1,1,2026-08-24T00:00:00.000
418,163,287,418,582.660000,0.0418,1,1,2026-08-24T00:00:00.000
419,4,289,419,584.030000,0.0419,1,1,2026-08-24T00:00:00.000
420,216,277,420,585.400000,0.0420,1,1,2026-08-24T00:00:00.000
421,411,441,421,586.770000,0.0421,1,1,2026-08-24T00:00:00.000
422,66,248,422,588.140000,0.0422,1,1,2026-08-24T00:00:00.000
423,115,200,423,589.510000,0.0423,1,1,2026-08-24T00:00:00.000
424,344,481,424,590.880000,0.0424,1,1,2026-08-24T00:00:00.000
425,144,147,425,592.250000,0.0425,1,1,2026-08-24T00:00:00.000
426,349,172,426,593.620000,0.0426,1,1,2026-08-24T00:00:00.000
427,256,264,427,594.990000,0.0427,1,1,2026-08-24T00:00:00.000
428,378,263,428,596.360000,0.0428,1,1,2026-08-24T00:00:00.000
429,259,250,429,597.730000,0.0429,1,1,2026-08-24T00:00:00.000
430,488,154,430,599.100000,0.0430,1,1,2026-08-24T00:00:00.000
431,459,92,431,600.470000,0.0431,1,1,2026-08-24T00:00:00.000
432,169,54,432,601.840000,0.0432,1,1,2026-08-24T00:00:00.000
433,50,129,433,603.210000,0.0433,1,1,2026-08-24T00:00:00.000
434,358,97,434,604.580000,0.0434,1,1,2026-08-24T00:00:00.000
435,332,288,435,605.950000,0.0435,1,1,2026-08-24T00:00:00.000
436,77,59,436,607.320000,0.0436,1,1,2026-08-24T00:00:00.000
437,413,242,437,608.690000,0.0437,1,1,2026-08-24T00:00:00.000
438,292,65,438,610.060000,0.0438,1,1,2026-08-24T00:00:00.000
439,463,269,439,611.430000,0.0439,1,1,2026-08-24T00:00:00.000
440,351,313,440,612.800000,0.0440,1,1,2026-08-24T00:00:00.000
441,404,248,441,614.170000,0.0441,1,1,2026-08-24T00:00:00.000
442,452,49,442,615.540000,0.0442,1,1,2026-08-24T00:00:00.000
443,492,320,443,616.910000,0.0443,1,1,2026-08-24T00:00:00.000
444,402,297,444,618.280000,0.0444,1,1,2026-08-24T00:00:00.000
445,215,37,445,619.650000,0.0445,1,1,2026-08-24T00:00:00.000
446,10,181,446,621.020000,0.0446,1,1,2026-08-24T00:00:00.000
447,266,302,447,622.390000,0.0447,1,1,2026-08-24T00:00:00.000
448,169,444,448,623.760000,0.0448,1,1,2026-08-24T00:00:00.000
449,217,321,449,625.130000,0.0449,1,1,2026-08-24T00:00:00.000
450,449,43,450,626.500000,0.0450,1,1,2026-08-24T00:00:00.000
451,163,390,451,627.870000,0.0451,1,1,2026-08-24T00:00:00.000
452,269,280,452,629.240000,0.0452,1,1,2026-08-24T00:00:00.000
453,393,242,453,630.610000,0.0453,1,1,2026-08-24T00:00:00.000
454,250,248,454,631.980000,0.0454,1,1,2026-08-24T00:00:00.000
455,438,368,455,633.350000,0.0455,1,1,2026-08-24T00:00:00.000
456,402,285,456,634.720000,0.0456,1,1,2026-08-24T00:00:00.000
457,195,123,457,636.090000,0.0457,1,1,2026-08-24T00:00:00.000
458,182,143,458,637.460000,0.0458,1,1,2026-08-24T00:00:00.000
459,415,464,459,638.830000,0.0459,1,1,2026-08-24T00:00:00.000
460,373,418,460,640.200000,0.0460,1,1,2026-08-24T00:00:00.000
461,391,149,461,641.570000,0.0461,1,1,2026-08-24T00:00:00.000
462,205,174,462,642.940000,0.0462,1,1,2026-08-24T00:00:00.000
463,461,363,463,644.310000,0.0463,1,1,2026-08-24T00:00:00.000
464,171,98,464,645.680000,0.0464,1,1,2026-08-24T00:00:00.000
465,105,460,465,647.050000,0.0465,1,1,2026-08-24T00:00:00.000
466,284,269,466,648.420000,0.0466,1,1,2026-08-24T00:00:00.000
467,456,308,467,649.790000,0.0467,1,1,2026-08-24T00:00:00.000
468,379,231,468,651.160000,0.0468,1,1,2026-08-24T00:00:00.000
469,489,359,469,652.530000,0.0469,1,1,2026-08-24T00:00:00.000
470,242,404,470,653.900000,0.0470,1,1,2026-08-24T00:00:00.000
471,362,41,471,655.270000,0.0471,1,1,2026-08-24T00:00:00.000
472,411,97,472,656.640000,0.0472,1,1,2026-08-24T00:00:00.000
473,397,246,473,658.010000,0.0473,1,1,2026-08-24T00:00:00.000
474,465,304,474,659.380000,0.0474,1,1,2026-08-24T00:00:00.000
475,155,38,475,660.750000,0.0475,1,1,2026-08-24T00:00:00.000
476,110,240,476,662.120000,0.0476,1,1,2026-08-24T00:00:00.000
477,263,7,477,663.490000,0.0477,1,1,2026-08-24T00:00:00.000
478,285,455,478,664.860000,0.0478,1,1,2026-08-24T00:00:00.000
479,317,21,479,666.230000,0.0479,1,1,2026-08-24T00:00:00.000
480,495,439,480,667.600000,0.0480,1,1,2026-08-24T00:00:00.000
481,418,2,481,668.970000,0.0481,1,1,2026-08-24T00:00:00.000
482,65,450,482,670.340000,0.0482,1,1,2026-08-24T00:00:00.000
483,419,414,483,671.710000,0.0483,1,1,2026-08-24T00:00:00.000
484,162,54,484,673.080000,0.0484,1,1,2026-08-24T00:00:00.000
485,84,499,485,674.450000,0.0485,1,1,2026-08-24T00:00:00.000
486,142,186,486,675.820000,0.0486,1,1,2026-08-24T00:00:00.000
487,27,188,487,677.190000,0.0487,1,1,2026-08-24T00:00:00.000
488,11,443,488,678.560000,0.0488,1,1,2026-08-24T00:00:00.000
489,193,24,489,679.930000,0.0489,1,1,2026-08-24T00:00:00.000
490,71,300,490,681.300000,0.0490,1,1,2026-08-24T00:00:00.000
491,378,54,491,682.670000,0.0491,1,1,2026-08-24T00:00:00.000
492,317,213,492,684.040000,0.0492,1,1,2026-08-24T00:00:00.000
493,107,188,493,685.410000,0.0493,1,1,2026-08-24T00:00:00.000
494,178,467,494,686.780000,0.0494,1,1,2026-08-24T00:00:00.000
495,53,448,495,688.150000,0.0495,1,1,2026-08-24T00:00:00.000
496,161,123,496,689.520000,0.0496,1,1,2026-08-24T00:00:00.000
497,414,184,497,690.890000,0.0497,1,1,2026-08-24T00:00:00.000
498,59,88,498,692.260000,0.0498,1,1,2026-08-24T00:00:00.000
499,237,272,499,693.630000,0.0499,1,1,2026-08-24T00:00:00.000
500,423,189,500,695.000000,0.0500,1,1,2026-08-24T00:00:00.000
