LogisticsTradeCorridorKey,LogisticsTradeCorridorCode,LogisticsTradeRegionKey,LogisticsTradeCorridorName,SourceSystemKey,BatchId,LoadedAtUtc
-1,UNKNOWN,-1,Unknown,-1,0,1900-01-01T00:00:00.000
1,LTC000001,20,Granite LogisticsTradeCorridor 1,1,1,2026-08-24T00:00:00.000
2,LTC000002,7,Granite LogisticsTradeCorridor 2,1,1,2026-08-24T00:00:00.000
3,LTC000003,24,Summit LogisticsTradeCorridor 3,1,1,2026-08-24T00:00:00.000
4,LTC000004,3,Atlas LogisticsTradeCorridor 4,1,1,2026-08-24T00:00:00.000
5,LTC000005,21,Meridian LogisticsTradeCorridor 5,1,1,2026-08-24T00:00:00.000
6,LTC000006,11,Titan LogisticsTradeCorridor 6,1,1,2026-08-24T00:00:00.000
7,LTC000007,8,Cedar LogisticsTradeCorridor 7,1,1,2026-08-24T00:00:00.000
8,LTC000008,7,Quartz LogisticsTradeCorridor 8,1,1,2026-08-24T00:00:00.000
9,LTC000009,7,Willow LogisticsTradeCorridor 9,1,1,2026-08-24T00:00:00.000
10,LTC000010,24,Liberty LogisticsTradeCorridor 10,1,1,2026-08-24T00:00:00.000
11,LTC000011,10,Pioneer LogisticsTradeCorridor 11,1,1,2026-08-24T00:00:00.000
12,LTC000012,17,Unity LogisticsTradeCorridor 12,1,1,2026-08-24T00:00:00.000
13,LTC000013,13,Keystone LogisticsTradeCorridor 13,1,1,2026-08-24T00:00:00.000
14,LTC000014,22,Granite LogisticsTradeCorridor 14,1,1,2026-08-24T00:00:00.000
15,LTC000015,13,Evergreen LogisticsTradeCorridor 15,1,1,2026-08-24T00:00:00.000
16,LTC000016,19,Granite LogisticsTradeCorridor 16,1,1,2026-08-24T00:00:00.000
17,LTC000017,11,Zenith LogisticsTradeCorridor 17,1,1,2026-08-24T00:00:00.000
18,LTC000018,6,Quartz LogisticsTradeCorridor 18,1,1,2026-08-24T00:00:00.000
19,LTC000019,9,Quartz LogisticsTradeCorridor 19,1,1,2026-08-24T00:00:00.000
20,LTC000020,15,Northstar LogisticsTradeCorridor 20,1,1,2026-08-24T00:00:00.000
21,LTC000021,9,Zenith LogisticsTradeCorridor 21,1,1,2026-08-24T00:00:00.000
22,LTC000022,28,Harbor LogisticsTradeCorridor 22,1,1,2026-08-24T00:00:00.000
23,LTC000023,5,Junction LogisticsTradeCorridor 23,1,1,2026-08-24T00:00:00.000
24,LTC000024,2,Cedar LogisticsTradeCorridor 24,1,1,2026-08-24T00:00:00.000
25,LTC000025,18,Pioneer LogisticsTradeCorridor 25,1,1,2026-08-24T00:00:00.000
26,LTC000026,27,Quartz LogisticsTradeCorridor 26,1,1,2026-08-24T00:00:00.000
27,LTC000027,25,Willow LogisticsTradeCorridor 27,1,1,2026-08-24T00:00:00.000
28,LTC000028,20,Willow LogisticsTradeCorridor 28,1,1,2026-08-24T00:00:00.000
29,LTC000029,16,Titan LogisticsTradeCorridor 29,1,1,2026-08-24T00:00:00.000
30,LTC000030,2,Beacon LogisticsTradeCorridor 30,1,1,2026-08-24T00:00:00.000
31,LTC000031,14,Harbor LogisticsTradeCorridor 31,1,1,2026-08-24T00:00:00.000
32,LTC000032,19,Summit LogisticsTradeCorridor 32,1,1,2026-08-24T00:00:00.000
33,LTC000033,9,Zenith LogisticsTradeCorridor 33,1,1,2026-08-24T00:00:00.000
34,LTC000034,4,Zenith LogisticsTradeCorridor 34,1,1,2026-08-24T00:00:00.000
35,LTC000035,9,Beacon LogisticsTradeCorridor 35,1,1,2026-08-24T00:00:00.000
36,LTC000036,11,Vertex LogisticsTradeCorridor 36,1,1,2026-08-24T00:00:00.000
37,LTC000037,6,Beacon LogisticsTradeCorridor 37,1,1,2026-08-24T00:00:00.000
38,LTC000038,13,Forge LogisticsTradeCorridor 38,1,1,2026-08-24T00:00:00.000
39,LTC000039,4,Titan LogisticsTradeCorridor 39,1,1,2026-08-24T00:00:00.000
40,LTC000040,25,Delta LogisticsTradeCorridor 40,1,1,2026-08-24T00:00:00.000
41,LTC000041,9,Junction LogisticsTradeCorridor 41,1,1,2026-08-24T00:00:00.000
42,LTC000042,7,Beacon LogisticsTradeCorridor 42,1,1,2026-08-24T00:00:00.000
43,LTC000043,27,Delta LogisticsTradeCorridor 43,1,1,2026-08-24T00:00:00.000
44,LTC000044,29,Zenith LogisticsTradeCorridor 44,1,1,2026-08-24T00:00:00.000
45,LTC000045,16,Zenith LogisticsTradeCorridor 45,1,1,2026-08-24T00:00:00.000
46,LTC000046,21,Riverton LogisticsTradeCorridor 46,1,1,2026-08-24T00:00:00.000
47,LTC000047,29,Northstar LogisticsTradeCorridor 47,1,1,2026-08-24T00:00:00.000
48,LTC000048,10,Keystone LogisticsTradeCorridor 48,1,1,2026-08-24T00:00:00.000
49,LTC000049,6,Atlas LogisticsTradeCorridor 49,1,1,2026-08-24T00:00:00.000
50,LTC000050,12,Riverton LogisticsTradeCorridor 50,1,1,2026-08-24T00:00:00.000
51,LTC000051,22,Forge LogisticsTradeCorridor 51,1,1,2026-08-24T00:00:00.000
52,LTC000052,15,Harbor LogisticsTradeCorridor 52,1,1,2026-08-24T00:00:00.000
53,LTC000053,4,Liberty LogisticsTradeCorridor 53,1,1,2026-08-24T00:00:00.000
54,LTC000054,28,Northstar LogisticsTradeCorridor 54,1,1,2026-08-24T00:00:00.000
55,LTC000055,8,Beacon LogisticsTradeCorridor 55,1,1,2026-08-24T00:00:00.000
56,LTC000056,25,Meridian LogisticsTradeCorridor 56,1,1,2026-08-24T00:00:00.000
57,LTC000057,10,Quartz LogisticsTradeCorridor 57,1,1,2026-08-24T00:00:00.000
58,LTC000058,13,Vertex LogisticsTradeCorridor 58,1,1,2026-08-24T00:00:00.000
59,LTC000059,10,Evergreen LogisticsTradeCorridor 59,1,1,2026-08-24T00:00:00.000
60,LTC000060,21,Evergreen LogisticsTradeCorridor 60,1,1,2026-08-24T00:00:00.000
61,LTC000061,24,Unity LogisticsTradeCorridor 61,1,1,2026-08-24T00:00:00.000
62,LTC000062,11,Vertex LogisticsTradeCorridor 62,1,1,2026-08-24T00:00:00.000
63,LTC000063,18,Riverton LogisticsTradeCorridor 63,1,1,2026-08-24T00:00:00.000
64,LTC000064,4,Pioneer LogisticsTradeCorridor 64,1,1,2026-08-24T00:00:00.000
65,LTC000065,2,Orion LogisticsTradeCorridor 65,1,1,2026-08-24T00:00:00.000
66,LTC000066,27,Evergreen LogisticsTradeCorridor 66,1,1,2026-08-24T00:00:00.000
67,LTC000067,9,Atlas LogisticsTradeCorridor 67,1,1,2026-08-24T00:00:00.000
68,LTC000068,30,Delta LogisticsTradeCorridor 68,1,1,2026-08-24T00:00:00.000
69,LTC000069,4,Beacon LogisticsTradeCorridor 69,1,1,2026-08-24T00:00:00.000
70,LTC000070,1,Forge LogisticsTradeCorridor 70,1,1,2026-08-24T00:00:00.000
71,LTC000071,10,Quartz LogisticsTradeCorridor 71,1,1,2026-08-24T00:00:00.000
72,LTC000072,8,Vertex LogisticsTradeCorridor 72,1,1,2026-08-24T00:00:00.000
73,LTC000073,3,Keystone LogisticsTradeCorridor 73,1,1,2026-08-24T00:00:00.000
74,LTC000074,14,Beacon LogisticsTradeCorridor 74,1,1,2026-08-24T00:00:00.000
75,LTC000075,10,Junction LogisticsTradeCorridor 75,1,1,2026-08-24T00:00:00.000
76,LTC000076,20,Orion LogisticsTradeCorridor 76,1,1,2026-08-24T00:00:00.000
77,LTC000077,24,Evergreen LogisticsTradeCorridor 77,1,1,2026-08-24T00:00:00.000
78,LTC000078,6,Cedar LogisticsTradeCorridor 78,1,1,2026-08-24T00:00:00.000
79,LTC000079,16,Meridian LogisticsTradeCorridor 79,1,1,2026-08-24T00:00:00.000
80,LTC000080,23,Summit LogisticsTradeCorridor 80,1,1,2026-08-24T00:00:00.000
81,LTC000081,22,Keystone LogisticsTradeCorridor 81,1,1,2026-08-24T00:00:00.000
82,LTC000082,6,Orion LogisticsTradeCorridor 82,1,1,2026-08-24T00:00:00.000
83,LTC000083,15,Atlas LogisticsTradeCorridor 83,1,1,2026-08-24T00:00:00.000
84,LTC000084,4,Evergreen LogisticsTradeCorridor 84,1,1,2026-08-24T00:00:00.000
85,LTC000085,29,Keystone LogisticsTradeCorridor 85,1,1,2026-08-24T00:00:00.000
86,LTC000086,6,Junction LogisticsTradeCorridor 86,1,1,2026-08-24T00:00:00.000
87,LTC000087,8,Granite LogisticsTradeCorridor 87,1,1,2026-08-24T00:00:00.000
88,LTC000088,3,Granite LogisticsTradeCorridor 88,1,1,2026-08-24T00:00:00.000
89,LTC000089,6,Vertex LogisticsTradeCorridor 89,1,1,2026-08-24T00:00:00.000
90,LTC000090,27,Harbor LogisticsTradeCorridor 90,1,1,2026-08-24T00:00:00.000
91,LTC000091,29,Pioneer LogisticsTradeCorridor 91,1,1,2026-08-24T00:00:00.000
92,LTC000092,18,Beacon LogisticsTradeCorridor 92,1,1,2026-08-24T00:00:00.000
93,LTC000093,22,Riverton LogisticsTradeCorridor 93,1,1,2026-08-24T00:00:00.000
94,LTC000094,1,Northstar LogisticsTradeCorridor 94,1,1,2026-08-24T00:00:00.000
95,LTC000095,2,Forge LogisticsTradeCorridor 95,1,1,2026-08-24T00:00:00.000
96,LTC000096,16,Evergreen LogisticsTradeCorridor 96,1,1,2026-08-24T00:00:00.000
97,LTC000097,22,Northstar LogisticsTradeCorridor 97,1,1,2026-08-24T00:00:00.000
98,LTC000098,26,Beacon LogisticsTradeCorridor 98,1,1,2026-08-24T00:00:00.000
99,LTC000099,5,Granite LogisticsTradeCorridor 99,1,1,2026-08-24T00:00:00.000
100,LTC000100,1,Cedar LogisticsTradeCorridor 100,1,1,2026-08-24T00:00:00.000
101,LTC000101,14,Liberty LogisticsTradeCorridor 101,1,1,2026-08-24T00:00:00.000
102,LTC000102,29,Beacon LogisticsTradeCorridor 102,1,1,2026-08-24T00:00:00.000
103,LTC000103,19,Pioneer LogisticsTradeCorridor 103,1,1,2026-08-24T00:00:00.000
104,LTC000104,3,Beacon LogisticsTradeCorridor 104,1,1,2026-08-24T00:00:00.000
105,LTC000105,16,Riverton LogisticsTradeCorridor 105,1,1,2026-08-24T00:00:00.000
106,LTC000106,8,Unity LogisticsTradeCorridor 106,1,1,2026-08-24T00:00:00.000
107,LTC000107,15,Vertex LogisticsTradeCorridor 107,1,1,2026-08-24T00:00:00.000
108,LTC000108,22,Delta LogisticsTradeCorridor 108,1,1,2026-08-24T00:00:00.000
109,LTC000109,9,Junction LogisticsTradeCorridor 109,1,1,2026-08-24T00:00:00.000
110,LTC000110,11,Keystone LogisticsTradeCorridor 110,1,1,2026-08-24T00:00:00.000
111,LTC000111,4,Zenith LogisticsTradeCorridor 111,1,1,2026-08-24T00:00:00.000
112,LTC000112,9,Beacon LogisticsTradeCorridor 112,1,1,2026-08-24T00:00:00.000
113,LTC000113,20,Keystone LogisticsTradeCorridor 113,1,1,2026-08-24T00:00:00.000
114,LTC000114,1,Evergreen LogisticsTradeCorridor 114,1,1,2026-08-24T00:00:00.000
115,LTC000115,29,Willow LogisticsTradeCorridor 115,1,1,2026-08-24T00:00:00.000
116,LTC000116,5,Evergreen LogisticsTradeCorridor 116,1,1,2026-08-24T00:00:00.000
117,LTC000117,10,Zenith LogisticsTradeCorridor 117,1,1,2026-08-24T00:00:00.000
118,LTC000118,24,Harbor LogisticsTradeCorridor 118,1,1,2026-08-24T00:00:00.000
119,LTC000119,18,Atlas LogisticsTradeCorridor 119,1,1,2026-08-24T00:00:00.000
120,LTC000120,29,Beacon LogisticsTradeCorridor 120,1,1,2026-08-24T00:00:00.000
121,LTC000121,16,Harbor LogisticsTradeCorridor 121,1,1,2026-08-24T00:00:00.000
122,LTC000122,8,Harbor LogisticsTradeCorridor 122,1,1,2026-08-24T00:00:00.000
123,LTC000123,4,Summit LogisticsTradeCorridor 123,1,1,2026-08-24T00:00:00.000
124,LTC000124,22,Harbor LogisticsTradeCorridor 124,1,1,2026-08-24T00:00:00.000
125,LTC000125,30,Northstar LogisticsTradeCorridor 125,1,1,2026-08-24T00:00:00.000
126,LTC000126,3,Meridian LogisticsTradeCorridor 126,1,1,2026-08-24T00:00:00.000
127,LTC000127,26,Junction LogisticsTradeCorridor 127,1,1,2026-08-24T00:00:00.000
128,LTC000128,1,Vertex LogisticsTradeCorridor 128,1,1,2026-08-24T00:00:00.000
129,LTC000129,29,Willow LogisticsTradeCorridor 129,1,1,2026-08-24T00:00:00.000
130,LTC000130,9,Willow LogisticsTradeCorridor 130,1,1,2026-08-24T00:00:00.000
131,LTC000131,29,Liberty LogisticsTradeCorridor 131,1,1,2026-08-24T00:00:00.000
132,LTC000132,12,Evergreen LogisticsTradeCorridor 132,1,1,2026-08-24T00:00:00.000
133,LTC000133,30,Cedar LogisticsTradeCorridor 133,1,1,2026-08-24T00:00:00.000
134,LTC000134,3,Summit LogisticsTradeCorridor 134,1,1,2026-08-24T00:00:00.000
135,LTC000135,15,Riverton LogisticsTradeCorridor 135,1,1,2026-08-24T00:00:00.000
136,LTC000136,22,Summit LogisticsTradeCorridor 136,1,1,2026-08-24T00:00:00.000
137,LTC000137,9,Vertex LogisticsTradeCorridor 137,1,1,2026-08-24T00:00:00.000
138,LTC000138,26,Forge LogisticsTradeCorridor 138,1,1,2026-08-24T00:00:00.000
139,LTC000139,7,Unity LogisticsTradeCorridor 139,1,1,2026-08-24T00:00:00.000
140,LTC000140,7,Summit LogisticsTradeCorridor 140,1,1,2026-08-24T00:00:00.000
141,LTC000141,29,Unity LogisticsTradeCorridor 141,1,1,2026-08-24T00:00:00.000
142,LTC000142,17,Evergreen LogisticsTradeCorridor 142,1,1,2026-08-24T00:00:00.000
143,LTC000143,27,Vertex LogisticsTradeCorridor 143,1,1,2026-08-24T00:00:00.000
144,LTC000144,9,Unity LogisticsTradeCorridor 144,1,1,2026-08-24T00:00:00.000
145,LTC000145,8,Unity LogisticsTradeCorridor 145,1,1,2026-08-24T00:00:00.000
146,LTC000146,30,Vertex LogisticsTradeCorridor 146,1,1,2026-08-24T00:00:00.000
147,LTC000147,30,Meridian LogisticsTradeCorridor 147,1,1,2026-08-24T00:00:00.000
148,LTC000148,4,Meridian LogisticsTradeCorridor 148,1,1,2026-08-24T00:00:00.000
149,LTC000149,25,Beacon LogisticsTradeCorridor 149,1,1,2026-08-24T00:00:00.000
150,LTC000150,10,Summit LogisticsTradeCorridor 150,1,1,2026-08-24T00:00:00.000
151,LTC000151,21,Beacon LogisticsTradeCorridor 151,1,1,2026-08-24T00:00:00.000
152,LTC000152,9,Liberty LogisticsTradeCorridor 152,1,1,2026-08-24T00:00:00.000
153,LTC000153,4,Zenith LogisticsTradeCorridor 153,1,1,2026-08-24T00:00:00.000
154,LTC000154,9,Pioneer LogisticsTradeCorridor 154,1,1,2026-08-24T00:00:00.000
155,LTC000155,18,Pioneer LogisticsTradeCorridor 155,1,1,2026-08-24T00:00:00.000
156,LTC000156,27,Evergreen LogisticsTradeCorridor 156,1,1,2026-08-24T00:00:00.000
157,LTC000157,8,Keystone LogisticsTradeCorridor 157,1,1,2026-08-24T00:00:00.000
158,LTC000158,4,Northstar LogisticsTradeCorridor 158,1,1,2026-08-24T00:00:00.000
159,LTC000159,15,Liberty LogisticsTradeCorridor 159,1,1,2026-08-24T00:00:00.000
160,LTC000160,27,Delta LogisticsTradeCorridor 160,1,1,2026-08-24T00:00:00.000
161,LTC000161,4,Granite LogisticsTradeCorridor 161,1,1,2026-08-24T00:00:00.000
162,LTC000162,21,Harbor LogisticsTradeCorridor 162,1,1,2026-08-24T00:00:00.000
163,LTC000163,3,Meridian LogisticsTradeCorridor 163,1,1,2026-08-24T00:00:00.000
164,LTC000164,6,Granite LogisticsTradeCorridor 164,1,1,2026-08-24T00:00:00.000
165,LTC000165,21,Summit LogisticsTradeCorridor 165,1,1,2026-08-24T00:00:00.000
166,LTC000166,18,Riverton LogisticsTradeCorridor 166,1,1,2026-08-24T00:00:00.000
167,LTC000167,23,Beacon LogisticsTradeCorridor 167,1,1,2026-08-24T00:00:00.000
168,LTC000168,2,Atlas LogisticsTradeCorridor 168,1,1,2026-08-24T00:00:00.000
169,LTC000169,7,Cedar LogisticsTradeCorridor 169,1,1,2026-08-24T00:00:00.000
170,LTC000170,8,Harbor LogisticsTradeCorridor 170,1,1,2026-08-24T00:00:00.000
171,LTC000171,18,Evergreen LogisticsTradeCorridor 171,1,1,2026-08-24T00:00:00.000
172,LTC000172,18,Summit LogisticsTradeCorridor 172,1,1,2026-08-24T00:00:00.000
173,LTC000173,18,Forge LogisticsTradeCorridor 173,1,1,2026-08-24T00:00:00.000
174,LTC000174,19,Atlas LogisticsTradeCorridor 174,1,1,2026-08-24T00:00:00.000
175,LTC000175,10,Quartz LogisticsTradeCorridor 175,1,1,2026-08-24T00:00:00.000
176,LTC000176,8,Vertex LogisticsTradeCorridor 176,1,1,2026-08-24T00:00:00.000
177,LTC000177,21,Willow LogisticsTradeCorridor 177,1,1,2026-08-24T00:00:00.000
178,LTC000178,15,Pioneer LogisticsTradeCorridor 178,1,1,2026-08-24T00:00:00.000
179,LTC000179,16,Unity LogisticsTradeCorridor 179,1,1,2026-08-24T00:00:00.000
180,LTC000180,8,Granite LogisticsTradeCorridor 180,1,1,2026-08-24T00:00:00.000
181,LTC000181,19,Quartz LogisticsTradeCorridor 181,1,1,2026-08-24T00:00:00.000
182,LTC000182,7,Unity LogisticsTradeCorridor 182,1,1,2026-08-24T00:00:00.000
183,LTC000183,14,Riverton LogisticsTradeCorridor 183,1,1,2026-08-24T00:00:00.000
184,LTC000184,10,Willow LogisticsTradeCorridor 184,1,1,2026-08-24T00:00:00.000
185,LTC000185,22,Meridian LogisticsTradeCorridor 185,1,1,2026-08-24T00:00:00.000
186,LTC000186,5,Unity LogisticsTradeCorridor 186,1,1,2026-08-24T00:00:00.000
187,LTC000187,4,Evergreen LogisticsTradeCorridor 187,1,1,2026-08-24T00:00:00.000
188,LTC000188,21,Orion LogisticsTradeCorridor 188,1,1,2026-08-24T00:00:00.000
189,LTC000189,10,Delta LogisticsTradeCorridor 189,1,1,2026-08-24T00:00:00.000
190,LTC000190,14,Granite LogisticsTradeCorridor 190,1,1,2026-08-24T00:00:00.000
191,LTC000191,12,Unity LogisticsTradeCorridor 191,1,1,2026-08-24T00:00:00.000
192,LTC000192,16,Vertex LogisticsTradeCorridor 192,1,1,2026-08-24T00:00:00.000
193,LTC000193,12,Unity LogisticsTradeCorridor 193,1,1,2026-08-24T00:00:00.000
194,LTC000194,24,Junction LogisticsTradeCorridor 194,1,1,2026-08-24T00:00:00.000
195,LTC000195,9,Cedar LogisticsTradeCorridor 195,1,1,2026-08-24T00:00:00.000
196,LTC000196,1,Granite LogisticsTradeCorridor 196,1,1,2026-08-24T00:00:00.000
197,LTC000197,20,Titan LogisticsTradeCorridor 197,1,1,2026-08-24T00:00:00.000
198,LTC000198,15,Junction LogisticsTradeCorridor 198,1,1,2026-08-24T00:00:00.000
199,LTC000199,16,Willow LogisticsTradeCorridor 199,1,1,2026-08-24T00:00:00.000
200,LTC000200,13,Granite LogisticsTradeCorridor 200,1,1,2026-08-24T00:00:00.000
201,LTC000201,24,Willow LogisticsTradeCorridor 201,1,1,2026-08-24T00:00:00.000
202,LTC000202,3,Junction LogisticsTradeCorridor 202,1,1,2026-08-24T00:00:00.000
203,LTC000203,30,Harbor LogisticsTradeCorridor 203,1,1,2026-08-24T00:00:00.000
204,LTC000204,9,Granite LogisticsTradeCorridor 204,1,1,2026-08-24T00:00:00.000
205,LTC000205,30,Titan LogisticsTradeCorridor 205,1,1,2026-08-24T00:00:00.000
206,LTC000206,6,Quartz LogisticsTradeCorridor 206,1,1,2026-08-24T00:00:00.000
207,LTC000207,8,Cedar LogisticsTradeCorridor 207,1,1,2026-08-24T00:00:00.000
208,LTC000208,1,Orion LogisticsTradeCorridor 208,1,1,2026-08-24T00:00:00.000
209,LTC000209,9,Delta LogisticsTradeCorridor 209,1,1,2026-08-24T00:00:00.000
210,LTC000210,25,Summit LogisticsTradeCorridor 210,1,1,2026-08-24T00:00:00.000
211,LTC000211,20,Delta LogisticsTradeCorridor 211,1,1,2026-08-24T00:00:00.000
212,LTC000212,25,Delta LogisticsTradeCorridor 212,1,1,2026-08-24T00:00:00.000
213,LTC000213,9,Orion LogisticsTradeCorridor 213,1,1,2026-08-24T00:00:00.000
214,LTC000214,8,Quartz LogisticsTradeCorridor 214,1,1,2026-08-24T00:00:00.000
215,LTC000215,12,Beacon LogisticsTradeCorridor 215,1,1,2026-08-24T00:00:00.000
216,LTC000216,12,Evergreen LogisticsTradeCorridor 216,1,1,2026-08-24T00:00:00.000
217,LTC000217,25,Keystone LogisticsTradeCorridor 217,1,1,2026-08-24T00:00:00.000
218,LTC000218,29,Liberty LogisticsTradeCorridor 218,1,1,2026-08-24T00:00:00.000
219,LTC000219,23,Quartz LogisticsTradeCorridor 219,1,1,2026-08-24T00:00:00.000
220,LTC000220,7,Riverton LogisticsTradeCorridor 220,1,1,2026-08-24T00:00:00.000
221,LTC000221,1,Junction LogisticsTradeCorridor 221,1,1,2026-08-24T00:00:00.000
222,LTC000222,10,Beacon LogisticsTradeCorridor 222,1,1,2026-08-24T00:00:00.000
223,LTC000223,20,Harbor LogisticsTradeCorridor 223,1,1,2026-08-24T00:00:00.000
224,LTC000224,11,Keystone LogisticsTradeCorridor 224,1,1,2026-08-24T00:00:00.000
225,LTC000225,18,Evergreen LogisticsTradeCorridor 225,1,1,2026-08-24T00:00:00.000
226,LTC000226,8,Forge LogisticsTradeCorridor 226,1,1,2026-08-24T00:00:00.000
227,LTC000227,14,Willow LogisticsTradeCorridor 227,1,1,2026-08-24T00:00:00.000
228,LTC000228,21,Titan LogisticsTradeCorridor 228,1,1,2026-08-24T00:00:00.000
229,LTC000229,6,Harbor LogisticsTradeCorridor 229,1,1,2026-08-24T00:00:00.000
230,LTC000230,20,Willow LogisticsTradeCorridor 230,1,1,2026-08-24T00:00:00.000
231,LTC000231,3,Atlas LogisticsTradeCorridor 231,1,1,2026-08-24T00:00:00.000
232,LTC000232,8,Keystone LogisticsTradeCorridor 232,1,1,2026-08-24T00:00:00.000
233,LTC000233,5,Junction LogisticsTradeCorridor 233,1,1,2026-08-24T00:00:00.000
234,LTC000234,1,Forge LogisticsTradeCorridor 234,1,1,2026-08-24T00:00:00.000
235,LTC000235,2,Titan LogisticsTradeCorridor 235,1,1,2026-08-24T00:00:00.000
236,LTC000236,15,Titan LogisticsTradeCorridor 236,1,1,2026-08-24T00:00:00.000
237,LTC000237,19,Delta LogisticsTradeCorridor 237,1,1,2026-08-24T00:00:00.000
238,LTC000238,17,Ion LogisticsTradeCorridor 238,1,1,2026-08-24T00:00:00.000
239,LTC000239,9,Delta LogisticsTradeCorridor 239,1,1,2026-08-24T00:00:00.000
240,LTC000240,1,Delta LogisticsTradeCorridor 240,1,1,2026-08-24T00:00:00.000
241,LTC000241,12,Willow LogisticsTradeCorridor 241,1,1,2026-08-24T00:00:00.000
242,LTC000242,13,Harbor LogisticsTradeCorridor 242,1,1,2026-08-24T00:00:00.000
243,LTC000243,26,Keystone LogisticsTradeCorridor 243,1,1,2026-08-24T00:00:00.000
244,LTC000244,28,Pioneer LogisticsTradeCorridor 244,1,1,2026-08-24T00:00:00.000
245,LTC000245,7,Orion LogisticsTradeCorridor 245,1,1,2026-08-24T00:00:00.000
246,LTC000246,3,Northstar LogisticsTradeCorridor 246,1,1,2026-08-24T00:00:00.000
247,LTC000247,29,Northstar LogisticsTradeCorridor 247,1,1,2026-08-24T00:00:00.000
248,LTC000248,30,Titan LogisticsTradeCorridor 248,1,1,2026-08-24T00:00:00.000
249,LTC000249,18,Granite LogisticsTradeCorridor 249,1,1,2026-08-24T00:00:00.000
250,LTC000250,21,Quartz LogisticsTradeCorridor 250,1,1,2026-08-24T00:00:00.000
251,LTC000251,5,Keystone LogisticsTradeCorridor 251,1,1,2026-08-24T00:00:00.000
252,LTC000252,11,Ion LogisticsTradeCorridor 252,1,1,2026-08-24T00:00:00.000
253,LTC000253,22,Vertex LogisticsTradeCorridor 253,1,1,2026-08-24T00:00:00.000
254,LTC000254,16,Pioneer LogisticsTradeCorridor 254,1,1,2026-08-24T00:00:00.000
255,LTC000255,22,Ion LogisticsTradeCorridor 255,1,1,2026-08-24T00:00:00.000
256,LTC000256,23,Harbor LogisticsTradeCorridor 256,1,1,2026-08-24T00:00:00.000
257,LTC000257,9,Vertex LogisticsTradeCorridor 257,1,1,2026-08-24T00:00:00.000
258,LTC000258,13,Liberty LogisticsTradeCorridor 258,1,1,2026-08-24T00:00:00.000
259,LTC000259,2,Orion LogisticsTradeCorridor 259,1,1,2026-08-24T00:00:00.000
260,LTC000260,19,Riverton LogisticsTradeCorridor 260,1,1,2026-08-24T00:00:00.000
261,LTC000261,12,Quartz LogisticsTradeCorridor 261,1,1,2026-08-24T00:00:00.000
262,LTC000262,20,Northstar LogisticsTradeCorridor 262,1,1,2026-08-24T00:00:00.000
263,LTC000263,24,Junction LogisticsTradeCorridor 263,1,1,2026-08-24T00:00:00.000
264,LTC000264,2,Northstar LogisticsTradeCorridor 264,1,1,2026-08-24T00:00:00.000
265,LTC000265,17,Pioneer LogisticsTradeCorridor 265,1,1,2026-08-24T00:00:00.000
266,LTC000266,23,Ion LogisticsTradeCorridor 266,1,1,2026-08-24T00:00:00.000
267,LTC000267,24,Summit LogisticsTradeCorridor 267,1,1,2026-08-24T00:00:00.000
268,LTC000268,9,Zenith LogisticsTradeCorridor 268,1,1,2026-08-24T00:00:00.000
269,LTC000269,8,Beacon LogisticsTradeCorridor 269,1,1,2026-08-24T00:00:00.000
270,LTC000270,21,Ion LogisticsTradeCorridor 270,1,1,2026-08-24T00:00:00.000
271,LTC000271,5,Riverton LogisticsTradeCorridor 271,1,1,2026-08-24T00:00:00.000
272,LTC000272,5,Evergreen LogisticsTradeCorridor 272,1,1,2026-08-24T00:00:00.000
273,LTC000273,13,Unity LogisticsTradeCorridor 273,1,1,2026-08-24T00:00:00.000
274,LTC000274,23,Meridian LogisticsTradeCorridor 274,1,1,2026-08-24T00:00:00.000
275,LTC000275,14,Quartz LogisticsTradeCorridor 275,1,1,2026-08-24T00:00:00.000
276,LTC000276,4,Riverton LogisticsTradeCorridor 276,1,1,2026-08-24T00:00:00.000
277,LTC000277,2,Harbor LogisticsTradeCorridor 277,1,1,2026-08-24T00:00:00.000
278,LTC000278,29,Summit LogisticsTradeCorridor 278,1,1,2026-08-24T00:00:00.000
279,LTC000279,26,Granite LogisticsTradeCorridor 279,1,1,2026-08-24T00:00:00.000
280,LTC000280,15,Willow LogisticsTradeCorridor 280,1,1,2026-08-24T00:00:00.000
281,LTC000281,10,Vertex LogisticsTradeCorridor 281,1,1,2026-08-24T00:00:00.000
282,LTC000282,11,Atlas LogisticsTradeCorridor 282,1,1,2026-08-24T00:00:00.000
283,LTC000283,26,Delta LogisticsTradeCorridor 283,1,1,2026-08-24T00:00:00.000
284,LTC000284,18,Zenith LogisticsTradeCorridor 284,1,1,2026-08-24T00:00:00.000
285,LTC000285,21,Atlas LogisticsTradeCorridor 285,1,1,2026-08-24T00:00:00.000
286,LTC000286,23,Riverton LogisticsTradeCorridor 286,1,1,2026-08-24T00:00:00.000
287,LTC000287,26,Junction LogisticsTradeCorridor 287,1,1,2026-08-24T00:00:00.000
288,LTC000288,5,Zenith LogisticsTradeCorridor 288,1,1,2026-08-24T00:00:00.000
289,LTC000289,3,Junction LogisticsTradeCorridor 289,1,1,2026-08-24T00:00:00.000
290,LTC000290,3,Vertex LogisticsTradeCorridor 290,1,1,2026-08-24T00:00:00.000
291,LTC000291,5,Zenith LogisticsTradeCorridor 291,1,1,2026-08-24T00:00:00.000
292,LTC000292,26,Pioneer LogisticsTradeCorridor 292,1,1,2026-08-24T00:00:00.000
293,LTC000293,27,Quartz LogisticsTradeCorridor 293,1,1,2026-08-24T00:00:00.000
294,LTC000294,24,Orion LogisticsTradeCorridor 294,1,1,2026-08-24T00:00:00.000
295,LTC000295,23,Granite LogisticsTradeCorridor 295,1,1,2026-08-24T00:00:00.000
296,LTC000296,16,Pioneer LogisticsTradeCorridor 296,1,1,2026-08-24T00:00:00.000
297,LTC000297,6,Riverton LogisticsTradeCorridor 297,1,1,2026-08-24T00:00:00.000
298,LTC000298,17,Meridian LogisticsTradeCorridor 298,1,1,2026-08-24T00:00:00.000
299,LTC000299,22,Quartz LogisticsTradeCorridor 299,1,1,2026-08-24T00:00:00.000
300,LTC000300,23,Pioneer LogisticsTradeCorridor 300,1,1,2026-08-24T00:00:00.000
