MaintenanceFailureModeKey,MaintenanceFailureModeCode,MaintenanceFailureDomainKey,MaintenanceFailureModeName,SourceSystemKey,BatchId,LoadedAtUtc
-1,UNKNOWN,-1,Unknown,-1,0,1900-01-01T00:00:00.000
1,MFM000001,14,Junction MaintenanceFailureMode 1,1,1,2026-08-24T00:00:00.000
2,MFM000002,10,Unity MaintenanceFailureMode 2,1,1,2026-08-24T00:00:00.000
3,MFM000003,14,Meridian MaintenanceFailureMode 3,1,1,2026-08-24T00:00:00.000
4,MFM000004,4,Orion MaintenanceFailureMode 4,1,1,2026-08-24T00:00:00.000
5,MFM000005,4,Willow MaintenanceFailureMode 5,1,1,2026-08-24T00:00:00.000
6,MFM000006,7,Northstar MaintenanceFailureMode 6,1,1,2026-08-24T00:00:00.000
7,MFM000007,11,Meridian MaintenanceFailureMode 7,1,1,2026-08-24T00:00:00.000
8,MFM000008,9,Zenith MaintenanceFailureMode 8,1,1,2026-08-24T00:00:00.000
9,MFM000009,11,Orion MaintenanceFailureMode 9,1,1,2026-08-24T00:00:00.000
10,MFM000010,4,Keystone MaintenanceFailureMode 10,1,1,2026-08-24T00:00:00.000
11,MFM000011,4,Zenith MaintenanceFailureMode 11,1,1,2026-08-24T00:00:00.000
12,MFM000012,9,Ion MaintenanceFailureMode 12,1,1,2026-08-24T00:00:00.000
13,MFM000013,13,Pioneer MaintenanceFailureMode 13,1,1,2026-08-24T00:00:00.000
14,MFM000014,11,Keystone MaintenanceFailureMode 14,1,1,2026-08-24T00:00:00.000
15,MFM000015,3,Titan MaintenanceFailureMode 15,1,1,2026-08-24T00:00:00.000
16,MFM000016,8,Ion MaintenanceFailureMode 16,1,1,2026-08-24T00:00:00.000
17,MFM000017,6,Pioneer MaintenanceFailureMode 17,1,1,2026-08-24T00:00:00.000
18,MFM000018,13,Forge MaintenanceFailureMode 18,1,1,2026-08-24T00:00:00.000
19,MFM000019,11,Keystone MaintenanceFailureMode 19,1,1,2026-08-24T00:00:00.000
20,MFM000020,11,Vertex MaintenanceFailureMode 20,1,1,2026-08-24T00:00:00.000
21,MFM000021,10,Ion MaintenanceFailureMode 21,1,1,2026-08-24T00:00:00.000
22,MFM000022,6,Ion MaintenanceFailureMode 22,1,1,2026-08-24T00:00:00.000
23,MFM000023,16,Orion MaintenanceFailureMode 23,1,1,2026-08-24T00:00:00.000
24,MFM000024,4,Vertex MaintenanceFailureMode 24,1,1,2026-08-24T00:00:00.000
25,MFM000025,4,Summit MaintenanceFailureMode 25,1,1,2026-08-24T00:00:00.000
26,MFM000026,13,Summit MaintenanceFailureMode 26,1,1,2026-08-24T00:00:00.000
27,MFM000027,9,Atlas MaintenanceFailureMode 27,1,1,2026-08-24T00:00:00.000
28,MFM000028,10,Unity MaintenanceFailureMode 28,1,1,2026-08-24T00:00:00.000
29,MFM000029,12,Liberty MaintenanceFailureMode 29,1,1,2026-08-24T00:00:00.000
30,MFM000030,10,Beacon MaintenanceFailureMode 30,1,1,2026-08-24T00:00:00.000
31,MFM000031,2,Forge MaintenanceFailureMode 31,1,1,2026-08-24T00:00:00.000
32,MFM000032,10,Liberty MaintenanceFailureMode 32,1,1,2026-08-24T00:00:00.000
33,MFM000033,9,Ion MaintenanceFailureMode 33,1,1,2026-08-24T00:00:00.000
34,MFM000034,3,Beacon MaintenanceFailureMode 34,1,1,2026-08-24T00:00:00.000
35,MFM000035,1,Vertex MaintenanceFailureMode 35,1,1,2026-08-24T00:00:00.000
36,MFM000036,8,Vertex MaintenanceFailureMode 36,1,1,2026-08-24T00:00:00.000
37,MFM000037,15,Willow MaintenanceFailureMode 37,1,1,2026-08-24T00:00:00.000
38,MFM000038,11,Beacon MaintenanceFailureMode 38,1,1,2026-08-24T00:00:00.000
39,MFM000039,5,Riverton MaintenanceFailureMode 39,1,1,2026-08-24T00:00:00.000
40,MFM000040,6,Riverton MaintenanceFailureMode 40,1,1,2026-08-24T00:00:00.000
41,MFM000041,6,Orion MaintenanceFailureMode 41,1,1,2026-08-24T00:00:00.000
42,MFM000042,10,Liberty MaintenanceFailureMode 42,1,1,2026-08-24T00:00:00.000
43,MFM000043,5,Atlas MaintenanceFailureMode 43,1,1,2026-08-24T00:00:00.000
44,MFM000044,2,Pioneer MaintenanceFailureMode 44,1,1,2026-08-24T00:00:00.000
45,MFM000045,16,Summit MaintenanceFailureMode 45,1,1,2026-08-24T00:00:00.000
46,MFM000046,13,Delta MaintenanceFailureMode 46,1,1,2026-08-24T00:00:00.000
47,MFM000047,2,Meridian MaintenanceFailureMode 47,1,1,2026-08-24T00:00:00.000
48,MFM000048,3,Beacon MaintenanceFailureMode 48,1,1,2026-08-24T00:00:00.000
49,MFM000049,3,Forge MaintenanceFailureMode 49,1,1,2026-08-24T00:00:00.000
50,MFM000050,11,Harbor MaintenanceFailureMode 50,1,1,2026-08-24T00:00:00.000
51,MFM000051,14,Meridian MaintenanceFailureMode 51,1,1,2026-08-24T00:00:00.000
52,MFM000052,6,Ion MaintenanceFailureMode 52,1,1,2026-08-24T00:00:00.000
53,MFM000053,8,Atlas MaintenanceFailureMode 53,1,1,2026-08-24T00:00:00.000
54,MFM000054,13,Zenith MaintenanceFailureMode 54,1,1,2026-08-24T00:00:00.000
55,MFM000055,5,Forge MaintenanceFailureMode 55,1,1,2026-08-24T00:00:00.000
56,MFM000056,11,Junction MaintenanceFailureMode 56,1,1,2026-08-24T00:00:00.000
57,MFM000057,7,Forge MaintenanceFailureMode 57,1,1,2026-08-24T00:00:00.000
58,MFM000058,16,Delta MaintenanceFailureMode 58,1,1,2026-08-24T00:00:00.000
59,MFM000059,2,Liberty MaintenanceFailureMode 59,1,1,2026-08-24T00:00:00.000
60,MFM000060,7,Evergreen MaintenanceFailureMode 60,1,1,2026-08-24T00:00:00.000
61,MFM000061,13,Unity MaintenanceFailureMode 61,1,1,2026-08-24T00:00:00.000
62,MFM000062,3,Delta MaintenanceFailureMode 62,1,1,2026-08-24T00:00:00.000
63,MFM000063,3,Junction MaintenanceFailureMode 63,1,1,2026-08-24T00:00:00.000
64,MFM000064,7,Liberty MaintenanceFailureMode 64,1,1,2026-08-24T00:00:00.000
65,MFM000065,4,Forge MaintenanceFailureMode 65,1,1,2026-08-24T00:00:00.000
66,MFM000066,16,Forge MaintenanceFailureMode 66,1,1,2026-08-24T00:00:00.000
67,MFM000067,12,Unity MaintenanceFailureMode 67,1,1,2026-08-24T00:00:00.000
68,MFM000068,10,Zenith MaintenanceFailureMode 68,1,1,2026-08-24T00:00:00.000
69,MFM000069,1,Pioneer MaintenanceFailureMode 69,1,1,2026-08-24T00:00:00.000
70,MFM000070,2,Pioneer MaintenanceFailureMode 70,1,1,2026-08-24T00:00:00.000
71,MFM000071,13,Northstar MaintenanceFailureMode 71,1,1,2026-08-24T00:00:00.000
72,MFM000072,12,Unity MaintenanceFailureMode 72,1,1,2026-08-24T00:00:00.000
73,MFM000073,3,Junction MaintenanceFailureMode 73,1,1,2026-08-24T00:00:00.000
74,MFM000074,14,Cedar MaintenanceFailureMode 74,1,1,2026-08-24T00:00:00.000
75,MFM000075,16,Ion MaintenanceFailureMode 75,1,1,2026-08-24T00:00:00.000
76,MFM000076,13,Beacon MaintenanceFailureMode 76,1,1,2026-08-24T00:00:00.000
77,MFM000077,10,Junction MaintenanceFailureMode 77,1,1,2026-08-24T00:00:00.000
78,MFM000078,6,Riverton MaintenanceFailureMode 78,1,1,2026-08-24T00:00:00.000
79,MFM000079,14,Delta MaintenanceFailureMode 79,1,1,2026-08-24T00:00:00.000
80,MFM000080,15,Vertex MaintenanceFailureMode 80,1,1,2026-08-24T00:00:00.000
81,MFM000081,13,Orion MaintenanceFailureMode 81,1,1,2026-08-24T00:00:00.000
82,MFM000082,10,Titan MaintenanceFailureMode 82,1,1,2026-08-24T00:00:00.000
83,MFM000083,12,Harbor MaintenanceFailureMode 83,1,1,2026-08-24T00:00:00.000
84,MFM000084,15,Harbor MaintenanceFailureMode 84,1,1,2026-08-24T00:00:00.000
85,MFM000085,4,Orion MaintenanceFailureMode 85,1,1,2026-08-24T00:00:00.000
86,MFM000086,15,Liberty MaintenanceFailureMode 86,1,1,2026-08-24T00:00:00.000
87,MFM000087,14,Beacon MaintenanceFailureMode 87,1,1,2026-08-24T00:00:00.000
88,MFM000088,12,Summit MaintenanceFailureMode 88,1,1,2026-08-24T00:00:00.000
89,MFM000089,5,Zenith MaintenanceFailureMode 89,1,1,2026-08-24T00:00:00.000
90,MFM000090,6,Ion MaintenanceFailureMode 90,1,1,2026-08-24T00:00:00.000
91,MFM000091,4,Unity MaintenanceFailureMode 91,1,1,2026-08-24T00:00:00.000
92,MFM000092,15,Willow MaintenanceFailureMode 92,1,1,2026-08-24T00:00:00.000
93,MFM000093,9,Forge MaintenanceFailureMode 93,1,1,2026-08-24T00:00:00.000
94,MFM000094,8,Forge MaintenanceFailureMode 94,1,1,2026-08-24T00:00:00.000
95,MFM000095,10,Unity MaintenanceFailureMode 95,1,1,2026-08-24T00:00:00.000
96,MFM000096,3,Orion MaintenanceFailureMode 96,1,1,2026-08-24T00:00:00.000
97,MFM000097,7,Riverton MaintenanceFailureMode 97,1,1,2026-08-24T00:00:00.000
98,MFM000098,2,Riverton MaintenanceFailureMode 98,1,1,2026-08-24T00:00:00.000
99,MFM000099,10,Junction MaintenanceFailureMode 99,1,1,2026-08-24T00:00:00.000
100,MFM000100,14,Harbor MaintenanceFailureMode 100,1,1,2026-08-24T00:00:00.000
101,MFM000101,5,Evergreen MaintenanceFailureMode 101,1,1,2026-08-24T00:00:00.000
102,MFM000102,7,Atlas MaintenanceFailureMode 102,1,1,2026-08-24T00:00:00.000
103,MFM000103,10,Keystone MaintenanceFailureMode 103,1,1,2026-08-24T00:00:00.000
104,MFM000104,13,Delta MaintenanceFailureMode 104,1,1,2026-08-24T00:00:00.000
105,MFM000105,11,Unity MaintenanceFailureMode 105,1,1,2026-08-24T00:00:00.000
106,MFM000106,15,Titan MaintenanceFailureMode 106,1,1,2026-08-24T00:00:00.000
107,MFM000107,9,Unity MaintenanceFailureMode 107,1,1,2026-08-24T00:00:00.000
108,MFM000108,15,Orion MaintenanceFailureMode 108,1,1,2026-08-24T00:00:00.000
109,MFM000109,10,Delta MaintenanceFailureMode 109,1,1,2026-08-24T00:00:00.000
110,MFM000110,16,Keystone MaintenanceFailureMode 110,1,1,2026-08-24T00:00:00.000
111,MFM000111,12,Liberty MaintenanceFailureMode 111,1,1,2026-08-24T00:00:00.000
112,MFM000112,15,Forge MaintenanceFailureMode 112,1,1,2026-08-24T00:00:00.000
113,MFM000113,12,Titan MaintenanceFailureMode 113,1,1,2026-08-24T00:00:00.000
114,MFM000114,13,Delta MaintenanceFailureMode 114,1,1,2026-08-24T00:00:00.000
115,MFM000115,10,Northstar MaintenanceFailureMode 115,1,1,2026-08-24T00:00:00.000
116,MFM000116,13,Cedar MaintenanceFailureMode 116,1,1,2026-08-24T00:00:00.000
117,MFM000117,14,Titan MaintenanceFailureMode 117,1,1,2026-08-24T00:00:00.000
118,MFM000118,1,Summit MaintenanceFailureMode 118,1,1,2026-08-24T00:00:00.000
119,MFM000119,16,Summit MaintenanceFailureMode 119,1,1,2026-08-24T00:00:00.000
120,MFM000120,10,Orion MaintenanceFailureMode 120,1,1,2026-08-24T00:00:00.000
121,MFM000121,15,Willow MaintenanceFailureMode 121,1,1,2026-08-24T00:00:00.000
122,MFM000122,13,Summit MaintenanceFailureMode 122,1,1,2026-08-24T00:00:00.000
123,MFM000123,8,Orion MaintenanceFailureMode 123,1,1,2026-08-24T00:00:00.000
124,MFM000124,7,Atlas MaintenanceFailureMode 124,1,1,2026-08-24T00:00:00.000
125,MFM000125,12,Willow MaintenanceFailureMode 125,1,1,2026-08-24T00:00:00.000
126,MFM000126,10,Harbor MaintenanceFailureMode 126,1,1,2026-08-24T00:00:00.000
127,MFM000127,14,Titan MaintenanceFailureMode 127,1,1,2026-08-24T00:00:00.000
128,MFM000128,1,Quartz MaintenanceFailureMode 128,1,1,2026-08-24T00:00:00.000
129,MFM000129,10,Riverton MaintenanceFailureMode 129,1,1,2026-08-24T00:00:00.000
130,MFM000130,12,Quartz MaintenanceFailureMode 130,1,1,2026-08-24T00:00:00.000
131,MFM000131,4,Summit MaintenanceFailureMode 131,1,1,2026-08-24T00:00:00.000
132,MFM000132,1,Zenith MaintenanceFailureMode 132,1,1,2026-08-24T00:00:00.000
133,MFM000133,2,Unity MaintenanceFailureMode 133,1,1,2026-08-24T00:00:00.000
134,MFM000134,7,Unity MaintenanceFailureMode 134,1,1,2026-08-24T00:00:00.000
135,MFM000135,7,Forge MaintenanceFailureMode 135,1,1,2026-08-24T00:00:00.000
136,MFM000136,10,Pioneer MaintenanceFailureMode 136,1,1,2026-08-24T00:00:00.000
137,MFM000137,8,Northstar MaintenanceFailureMode 137,1,1,2026-08-24T00:00:00.000
138,MFM000138,14,Northstar MaintenanceFailureMode 138,1,1,2026-08-24T00:00:00.000
139,MFM000139,16,Zenith MaintenanceFailureMode 139,1,1,2026-08-24T00:00:00.000
140,MFM000140,3,Meridian MaintenanceFailureMode 140,1,1,2026-08-24T00:00:00.000
141,MFM000141,16,Beacon MaintenanceFailureMode 141,1,1,2026-08-24T00:00:00.000
142,MFM000142,6,Atlas MaintenanceFailureMode 142,1,1,2026-08-24T00:00:00.000
143,MFM000143,10,Orion MaintenanceFailureMode 143,1,1,2026-08-24T00:00:00.000
144,MFM000144,8,Liberty MaintenanceFailureMode 144,1,1,2026-08-24T00:00:00.000
145,MFM000145,13,Willow MaintenanceFailureMode 145,1,1,2026-08-24T00:00:00.000
146,MFM000146,3,Orion MaintenanceFailureMode 146,1,1,2026-08-24T00:00:00.000
147,MFM000147,13,Pioneer MaintenanceFailureMode 147,1,1,2026-08-24T00:00:00.000
148,MFM000148,11,Vertex MaintenanceFailureMode 148,1,1,2026-08-24T00:00:00.000
149,MFM000149,6,Pioneer MaintenanceFailureMode 149,1,1,2026-08-24T00:00:00.000
150,MFM000150,2,Keystone MaintenanceFailureMode 150,1,1,2026-08-24T00:00:00.000
151,MFM000151,1,Granite MaintenanceFailureMode 151,1,1,2026-08-24T00:00:00.000
152,MFM000152,14,Riverton MaintenanceFailureMode 152,1,1,2026-08-24T00:00:00.000
153,MFM000153,3,Delta MaintenanceFailureMode 153,1,1,2026-08-24T00:00:00.000
154,MFM000154,15,Junction MaintenanceFailureMode 154,1,1,2026-08-24T00:00:00.000
155,MFM000155,4,Atlas MaintenanceFailureMode 155,1,1,2026-08-24T00:00:00.000
156,MFM000156,6,Granite MaintenanceFailureMode 156,1,1,2026-08-24T00:00:00.000
157,MFM000157,14,Liberty MaintenanceFailureMode 157,1,1,2026-08-24T00:00:00.000
158,MFM000158,10,Harbor MaintenanceFailureMode 158,1,1,2026-08-24T00:00:00.000
159,MFM000159,2,Riverton MaintenanceFailureMode 159,1,1,2026-08-24T00:00:00.000
160,MFM000160,16,Quartz MaintenanceFailureMode 160,1,1,2026-08-24T00:00:00.000
