PurchaseContractScheduleKey,PurchaseContractScheduleCode,PurchaseContractFamilyKey,PurchaseContractScheduleName,SourceSystemKey,BatchId,LoadedAtUtc
-1,UNKNOWN,-1,Unknown,-1,0,1900-01-01T00:00:00.000
1,PCS000001,159,Zenith PurchaseContractSchedule 1,1,1,2026-08-24T00:00:00.000
2,PCS000002,94,Willow PurchaseContractSchedule 2,1,1,2026-08-24T00:00:00.000
3,PCS000003,72,Zenith PurchaseContractSchedule 3,1,1,2026-08-24T00:00:00.000
4,PCS000004,128,Unity PurchaseContractSchedule 4,1,1,2026-08-24T00:00:00.000
5,PCS000005,143,Forge PurchaseContractSchedule 5,1,1,2026-08-24T00:00:00.000
6,PCS000006,15,Junction PurchaseContractSchedule 6,1,1,2026-08-24T00:00:00.000
7,PCS000007,100,Cedar PurchaseContractSchedule 7,1,1,2026-08-24T00:00:00.000
8,PCS000008,125,Willow PurchaseContractSchedule 8,1,1,2026-08-24T00:00:00.000
9,PCS000009,141,Atlas PurchaseContractSchedule 9,1,1,2026-08-24T00:00:00.000
10,PCS000010,177,Summit PurchaseContractSchedule 10,1,1,2026-08-24T00:00:00.000
11,PCS000011,47,Riverton PurchaseContractSchedule 11,1,1,2026-08-24T00:00:00.000
12,PCS000012,162,Atlas PurchaseContractSchedule 12,1,1,2026-08-24T00:00:00.000
13,PCS000013,38,Evergreen PurchaseContractSchedule 13,1,1,2026-08-24T00:00:00.000
14,PCS000014,112,Evergreen PurchaseContractSchedule 14,1,1,2026-08-24T00:00:00.000
15,PCS000015,133,Beacon PurchaseContractSchedule 15,1,1,2026-08-24T00:00:00.000
16,PCS000016,58,Keystone PurchaseContractSchedule 16,1,1,2026-08-24T00:00:00.000
17,PCS000017,84,Beacon PurchaseContractSchedule 17,1,1,2026-08-24T00:00:00.000
18,PCS000018,26,Willow PurchaseContractSchedule 18,1,1,2026-08-24T00:00:00.000
19,PCS000019,49,Titan PurchaseContractSchedule 19,1,1,2026-08-24T00:00:00.000
20,PCS000020,32,Delta PurchaseContractSchedule 20,1,1,2026-08-24T00:00:00.000
21,PCS000021,42,Atlas PurchaseContractSchedule 21,1,1,2026-08-24T00:00:00.000
22,PCS000022,147,Riverton PurchaseContractSchedule 22,1,1,2026-08-24T00:00:00.000
23,PCS000023,1,Orion PurchaseContractSchedule 23,1,1,2026-08-24T00:00:00.000
24,PCS000024,140,Vertex PurchaseContractSchedule 24,1,1,2026-08-24T00:00:00.000
25,PCS000025,101,Meridian PurchaseContractSchedule 25,1,1,2026-08-24T00:00:00.000
26,PCS000026,6,Ion PurchaseContractSchedule 26,1,1,2026-08-24T00:00:00.000
27,PCS000027,154,Summit PurchaseContractSchedule 27,1,1,2026-08-24T00:00:00.000
28,PCS000028,167,Atlas PurchaseContractSchedule 28,1,1,2026-08-24T00:00:00.000
29,PCS000029,174,Orion PurchaseContractSchedule 29,1,1,2026-08-24T00:00:00.000
30,PCS000030,101,Granite PurchaseContractSchedule 30,1,1,2026-08-24T00:00:00.000
31,PCS000031,64,Junction PurchaseContractSchedule 31,1,1,2026-08-24T00:00:00.000
32,PCS000032,57,Northstar PurchaseContractSchedule 32,1,1,2026-08-24T00:00:00.000
33,PCS000033,145,Riverton PurchaseContractSchedule 33,1,1,2026-08-24T00:00:00.000
34,PCS000034,12,Meridian PurchaseContractSchedule 34,1,1,2026-08-24T00:00:00.000
35,PCS000035,114,Meridian PurchaseContractSchedule 35,1,1,2026-08-24T00:00:00.000
36,PCS000036,8,Junction PurchaseContractSchedule 36,1,1,2026-08-24T00:00:00.000
37,PCS000037,83,Willow PurchaseContractSchedule 37,1,1,2026-08-24T00:00:00.000
38,PCS000038,53,Evergreen PurchaseContractSchedule 38,1,1,2026-08-24T00:00:00.000
39,PCS000039,20,Delta PurchaseContractSchedule 39,1,1,2026-08-24T00:00:00.000
40,PCS000040,94,Riverton PurchaseContractSchedule 40,1,1,2026-08-24T00:00:00.000
41,PCS000041,42,Riverton PurchaseContractSchedule 41,1,1,2026-08-24T00:00:00.000
42,PCS000042,168,Harbor PurchaseContractSchedule 42,1,1,2026-08-24T00:00:00.000
43,PCS000043,64,Orion PurchaseContractSchedule 43,1,1,2026-08-24T00:00:00.000
44,PCS000044,103,Harbor PurchaseContractSchedule 44,1,1,2026-08-24T00:00:00.000
45,PCS000045,80,Granite PurchaseContractSchedule 45,1,1,2026-08-24T00:00:00.000
46,PCS000046,14,Forge PurchaseContractSchedule 46,1,1,2026-08-24T00:00:00.000
47,PCS000047,180,Vertex PurchaseContractSchedule 47,1,1,2026-08-24T00:00:00.000
48,PCS000048,104,Junction PurchaseContractSchedule 48,1,1,2026-08-24T00:00:00.000
49,PCS000049,55,Willow PurchaseContractSchedule 49,1,1,2026-08-24T00:00:00.000
50,PCS000050,150,Delta PurchaseContractSchedule 50,1,1,2026-08-24T00:00:00.000
51,PCS000051,79,Meridian PurchaseContractSchedule 51,1,1,2026-08-24T00:00:00.000
52,PCS000052,90,Zenith PurchaseContractSchedule 52,1,1,2026-08-24T00:00:00.000
53,PCS000053,177,Vertex PurchaseContractSchedule 53,1,1,2026-08-24T00:00:00.000
54,PCS000054,180,Riverton PurchaseContractSchedule 54,1,1,2026-08-24T00:00:00.000
55,PCS000055,168,Junction PurchaseContractSchedule 55,1,1,2026-08-24T00:00:00.000
56,PCS000056,7,Zenith PurchaseContractSchedule 56,1,1,2026-08-24T00:00:00.000
57,PCS000057,67,Forge PurchaseContractSchedule 57,1,1,2026-08-24T00:00:00.000
58,PCS000058,16,Willow PurchaseContractSchedule 58,1,1,2026-08-24T00:00:00.000
59,PCS000059,37,Northstar PurchaseContractSchedule 59,1,1,2026-08-24T00:00:00.000
60,PCS000060,145,Atlas PurchaseContractSchedule 60,1,1,2026-08-24T00:00:00.000
61,PCS000061,119,Vertex PurchaseContractSchedule 61,1,1,2026-08-24T00:00:00.000
62,PCS000062,110,Granite PurchaseContractSchedule 62,1,1,2026-08-24T00:00:00.000
63,PCS000063,42,Forge PurchaseContractSchedule 63,1,1,2026-08-24T00:00:00.000
64,PCS000064,171,Summit PurchaseContractSchedule 64,1,1,2026-08-24T00:00:00.000
65,PCS000065,42,Quartz PurchaseContractSchedule 65,1,1,2026-08-24T00:00:00.000
66,PCS000066,129,Evergreen PurchaseContractSchedule 66,1,1,2026-08-24T00:00:00.000
67,PCS000067,78,Vertex PurchaseContractSchedule 67,1,1,2026-08-24T00:00:00.000
68,PCS000068,114,Vertex PurchaseContractSchedule 68,1,1,2026-08-24T00:00:00.000
69,PCS000069,90,Junction PurchaseContractSchedule 69,1,1,2026-08-24T00:00:00.000
70,PCS000070,63,Willow PurchaseContractSchedule 70,1,1,2026-08-24T00:00:00.000
71,PCS000071,168,Quartz PurchaseContractSchedule 71,1,1,2026-08-24T00:00:00.000
72,PCS000072,100,Keystone PurchaseContractSchedule 72,1,1,2026-08-24T00:00:00.000
73,PCS000073,121,Liberty PurchaseContractSchedule 73,1,1,2026-08-24T00:00:00.000
74,PCS000074,99,Evergreen PurchaseContractSchedule 74,1,1,2026-08-24T00:00:00.000
75,PCS000075,26,Atlas PurchaseContractSchedule 75,1,1,2026-08-24T00:00:00.000
76,PCS000076,11,Delta PurchaseContractSchedule 76,1,1,2026-08-24T00:00:00.000
77,PCS000077,52,Zenith PurchaseContractSchedule 77,1,1,2026-08-24T00:00:00.000
78,PCS000078,112,Orion PurchaseContractSchedule 78,1,1,2026-08-24T00:00:00.000
79,PCS000079,36,Ion PurchaseContractSchedule 79,1,1,2026-08-24T00:00:00.000
80,PCS000080,8,Meridian PurchaseContractSchedule 80,1,1,2026-08-24T00:00:00.000
81,PCS000081,23,Ion PurchaseContractSchedule 81,1,1,2026-08-24T00:00:00.000
82,PCS000082,153,Quartz PurchaseContractSchedule 82,1,1,2026-08-24T00:00:00.000
83,PCS000083,121,Titan PurchaseContractSchedule 83,1,1,2026-08-24T00:00:00.000
84,PCS000084,120,Summit PurchaseContractSchedule 84,1,1,2026-08-24T00:00:00.000
85,PCS000085,87,Cedar PurchaseContractSchedule 85,1,1,2026-08-24T00:00:00.000
86,PCS000086,74,Northstar PurchaseContractSchedule 86,1,1,2026-08-24T00:00:00.000
87,PCS000087,49,Beacon PurchaseContractSchedule 87,1,1,2026-08-24T00:00:00.000
88,PCS000088,98,Summit PurchaseContractSchedule 88,1,1,2026-08-24T00:00:00.000
89,PCS000089,126,Quartz PurchaseContractSchedule 89,1,1,2026-08-24T00:00:00.000
90,PCS000090,24,Northstar PurchaseContractSchedule 90,1,1,2026-08-24T00:00:00.000
91,PCS000091,179,Summit PurchaseContractSchedule 91,1,1,2026-08-24T00:00:00.000
92,PCS000092,42,Quartz PurchaseContractSchedule 92,1,1,2026-08-24T00:00:00.000
93,PCS000093,97,Keystone PurchaseContractSchedule 93,1,1,2026-08-24T00:00:00.000
94,PCS000094,1,Cedar PurchaseContractSchedule 94,1,1,2026-08-24T00:00:00.000
95,PCS000095,123,Evergreen PurchaseContractSchedule 95,1,1,2026-08-24T00:00:00.000
96,PCS000096,16,Quartz PurchaseContractSchedule 96,1,1,2026-08-24T00:00:00.000
97,PCS000097,127,Atlas PurchaseContractSchedule 97,1,1,2026-08-24T00:00:00.000
98,PCS000098,18,Delta PurchaseContractSchedule 98,1,1,2026-08-24T00:00:00.000
99,PCS000099,179,Summit PurchaseContractSchedule 99,1,1,2026-08-24T00:00:00.000
100,PCS000100,148,Atlas PurchaseContractSchedule 100,1,1,2026-08-24T00:00:00.000
101,PCS000101,74,Beacon PurchaseContractSchedule 101,1,1,2026-08-24T00:00:00.000
102,PCS000102,160,Liberty PurchaseContractSchedule 102,1,1,2026-08-24T00:00:00.000
103,PCS000103,175,Harbor PurchaseContractSchedule 103,1,1,2026-08-24T00:00:00.000
104,PCS000104,119,Vertex PurchaseContractSchedule 104,1,1,2026-08-24T00:00:00.000
105,PCS000105,24,Quartz PurchaseContractSchedule 105,1,1,2026-08-24T00:00:00.000
106,PCS000106,170,Liberty PurchaseContractSchedule 106,1,1,2026-08-24T00:00:00.000
107,PCS000107,95,Liberty PurchaseContractSchedule 107,1,1,2026-08-24T00:00:00.000
108,PCS000108,108,Keystone PurchaseContractSchedule 108,1,1,2026-08-24T00:00:00.000
109,PCS000109,28,Orion PurchaseContractSchedule 109,1,1,2026-08-24T00:00:00.000
110,PCS000110,43,Beacon PurchaseContractSchedule 110,1,1,2026-08-24T00:00:00.000
111,PCS000111,172,Atlas PurchaseContractSchedule 111,1,1,2026-08-24T00:00:00.000
112,PCS000112,151,Harbor PurchaseContractSchedule 112,1,1,2026-08-24T00:00:00.000
113,PCS000113,112,Ion PurchaseContractSchedule 113,1,1,2026-08-24T00:00:00.000
114,PCS000114,64,Ion PurchaseContractSchedule 114,1,1,2026-08-24T00:00:00.000
115,PCS000115,25,Delta PurchaseContractSchedule 115,1,1,2026-08-24T00:00:00.000
116,PCS000116,54,Beacon PurchaseContractSchedule 116,1,1,2026-08-24T00:00:00.000
117,PCS000117,139,Northstar PurchaseContractSchedule 117,1,1,2026-08-24T00:00:00.000
118,PCS000118,149,Cedar PurchaseContractSchedule 118,1,1,2026-08-24T00:00:00.000
119,PCS000119,165,Orion PurchaseContractSchedule 119,1,1,2026-08-24T00:00:00.000
120,PCS000120,11,Pioneer PurchaseContractSchedule 120,1,1,2026-08-24T00:00:00.000
121,PCS000121,79,Quartz PurchaseContractSchedule 121,1,1,2026-08-24T00:00:00.000
122,PCS000122,15,Riverton PurchaseContractSchedule 122,1,1,2026-08-24T00:00:00.000
123,PCS000123,35,Willow PurchaseContractSchedule 123,1,1,2026-08-24T00:00:00.000
124,PCS000124,48,Ion PurchaseContractSchedule 124,1,1,2026-08-24T00:00:00.000
125,PCS000125,30,Forge PurchaseContractSchedule 125,1,1,2026-08-24T00:00:00.000
126,PCS000126,163,Granite PurchaseContractSchedule 126,1,1,2026-08-24T00:00:00.000
127,PCS000127,177,Titan PurchaseContractSchedule 127,1,1,2026-08-24T00:00:00.000
128,PCS000128,179,Evergreen PurchaseContractSchedule 128,1,1,2026-08-24T00:00:00.000
129,PCS000129,41,Junction PurchaseContractSchedule 129,1,1,2026-08-24T00:00:00.000
130,PCS000130,122,Orion PurchaseContractSchedule 130,1,1,2026-08-24T00:00:00.000
131,PCS000131,159,Atlas PurchaseContractSchedule 131,1,1,2026-08-24T00:00:00.000
132,PCS000132,164,Zenith PurchaseContractSchedule 132,1,1,2026-08-24T00:00:00.000
133,PCS000133,107,Northstar PurchaseContractSchedule 133,1,1,2026-08-24T00:00:00.000
134,PCS000134,132,Beacon PurchaseContractSchedule 134,1,1,2026-08-24T00:00:00.000
135,PCS000135,56,Pioneer PurchaseContractSchedule 135,1,1,2026-08-24T00:00:00.000
136,PCS000136,62,Cedar PurchaseContractSchedule 136,1,1,2026-08-24T00:00:00.000
137,PCS000137,20,Meridian PurchaseContractSchedule 137,1,1,2026-08-24T00:00:00.000
138,PCS000138,20,Titan PurchaseContractSchedule 138,1,1,2026-08-24T00:00:00.000
139,PCS000139,174,Delta PurchaseContractSchedule 139,1,1,2026-08-24T00:00:00.000
140,PCS000140,171,Ion PurchaseContractSchedule 140,1,1,2026-08-24T00:00:00.000
141,PCS000141,125,Willow PurchaseContractSchedule 141,1,1,2026-08-24T00:00:00.000
142,PCS000142,148,Zenith PurchaseContractSchedule 142,1,1,2026-08-24T00:00:00.000
143,PCS000143,57,Keystone PurchaseContractSchedule 143,1,1,2026-08-24T00:00:00.000
144,PCS000144,138,Vertex PurchaseContractSchedule 144,1,1,2026-08-24T00:00:00.000
145,PCS000145,174,Summit PurchaseContractSchedule 145,1,1,2026-08-24T00:00:00.000
146,PCS000146,70,Meridian PurchaseContractSchedule 146,1,1,2026-08-24T00:00:00.000
147,PCS000147,103,Northstar PurchaseContractSchedule 147,1,1,2026-08-24T00:00:00.000
148,PCS000148,97,Northstar PurchaseContractSchedule 148,1,1,2026-08-24T00:00:00.000
149,PCS000149,105,Summit PurchaseContractSchedule 149,1,1,2026-08-24T00:00:00.000
150,PCS000150,1,Summit PurchaseContractSchedule 150,1,1,2026-08-24T00:00:00.000
151,PCS000151,51,Willow PurchaseContractSchedule 151,1,1,2026-08-24T00:00:00.000
152,PCS000152,86,Vertex PurchaseContractSchedule 152,1,1,2026-08-24T00:00:00.000
153,PCS000153,68,Pioneer PurchaseContractSchedule 153,1,1,2026-08-24T00:00:00.000
154,PCS000154,4,Meridian PurchaseContractSchedule 154,1,1,2026-08-24T00:00:00.000
155,PCS000155,71,Beacon PurchaseContractSchedule 155,1,1,2026-08-24T00:00:00.000
156,PCS000156,33,Meridian PurchaseContractSchedule 156,1,1,2026-08-24T00:00:00.000
157,PCS000157,53,Forge PurchaseContractSchedule 157,1,1,2026-08-24T00:00:00.000
158,PCS000158,100,Riverton PurchaseContractSchedule 158,1,1,2026-08-24T00:00:00.000
159,PCS000159,7,Beacon PurchaseContractSchedule 159,1,1,2026-08-24T00:00:00.000
160,PCS000160,62,Riverton PurchaseContractSchedule 160,1,1,2026-08-24T00:00:00.000
161,PCS000161,114,Atlas PurchaseContractSchedule 161,1,1,2026-08-24T00:00:00.000
162,PCS000162,4,Pioneer PurchaseContractSchedule 162,1,1,2026-08-24T00:00:00.000
163,PCS000163,142,Junction PurchaseContractSchedule 163,1,1,2026-08-24T00:00:00.000
164,PCS000164,137,Delta PurchaseContractSchedule 164,1,1,2026-08-24T00:00:00.000
165,PCS000165,41,Evergreen PurchaseContractSchedule 165,1,1,2026-08-24T00:00:00.000
166,PCS000166,78,Zenith PurchaseContractSchedule 166,1,1,2026-08-24T00:00:00.000
167,PCS000167,1,Meridian PurchaseContractSchedule 167,1,1,2026-08-24T00:00:00.000
168,PCS000168,177,Pioneer PurchaseContractSchedule 168,1,1,2026-08-24T00:00:00.000
169,PCS000169,118,Keystone PurchaseContractSchedule 169,1,1,2026-08-24T00:00:00.000
170,PCS000170,80,Zenith PurchaseContractSchedule 170,1,1,2026-08-24T00:00:00.000
171,PCS000171,165,Summit PurchaseContractSchedule 171,1,1,2026-08-24T00:00:00.000
172,PCS000172,64,Forge PurchaseContractSchedule 172,1,1,2026-08-24T00:00:00.000
173,PCS000173,152,Summit PurchaseContractSchedule 173,1,1,2026-08-24T00:00:00.000
174,PCS000174,17,Willow PurchaseContractSchedule 174,1,1,2026-08-24T00:00:00.000
175,PCS000175,38,Beacon PurchaseContractSchedule 175,1,1,2026-08-24T00:00:00.000
176,PCS000176,16,Orion PurchaseContractSchedule 176,1,1,2026-08-24T00:00:00.000
177,PCS000177,154,Vertex PurchaseContractSchedule 177,1,1,2026-08-24T00:00:00.000
178,PCS000178,113,Unity PurchaseContractSchedule 178,1,1,2026-08-24T00:00:00.000
179,PCS000179,34,Granite PurchaseContractSchedule 179,1,1,2026-08-24T00:00:00.000
180,PCS000180,42,Meridian PurchaseContractSchedule 180,1,1,2026-08-24T00:00:00.000
181,PCS000181,137,Titan PurchaseContractSchedule 181,1,1,2026-08-24T00:00:00.000
182,PCS000182,68,Zenith PurchaseContractSchedule 182,1,1,2026-08-24T00:00:00.000
183,PCS000183,175,Zenith PurchaseContractSchedule 183,1,1,2026-08-24T00:00:00.000
184,PCS000184,135,Northstar PurchaseContractSchedule 184,1,1,2026-08-24T00:00:00.000
185,PCS000185,79,Summit PurchaseContractSchedule 185,1,1,2026-08-24T00:00:00.000
186,PCS000186,97,Northstar PurchaseContractSchedule 186,1,1,2026-08-24T00:00:00.000
187,PCS000187,153,Orion PurchaseContractSchedule 187,1,1,2026-08-24T00:00:00.000
188,PCS000188,154,Junction PurchaseContractSchedule 188,1,1,2026-08-24T00:00:00.000
189,PCS000189,50,Evergreen PurchaseContractSchedule 189,1,1,2026-08-24T00:00:00.000
190,PCS000190,80,Meridian PurchaseContractSchedule 190,1,1,2026-08-24T00:00:00.000
191,PCS000191,29,Vertex PurchaseContractSchedule 191,1,1,2026-08-24T00:00:00.000
192,PCS000192,68,Vertex PurchaseContractSchedule 192,1,1,2026-08-24T00:00:00.000
193,PCS000193,145,Northstar PurchaseContractSchedule 193,1,1,2026-08-24T00:00:00.000
194,PCS000194,141,Forge PurchaseContractSchedule 194,1,1,2026-08-24T00:00:00.000
195,PCS000195,151,Quartz PurchaseContractSchedule 195,1,1,2026-08-24T00:00:00.000
196,PCS000196,30,Quartz PurchaseContractSchedule 196,1,1,2026-08-24T00:00:00.000
197,PCS000197,132,Titan PurchaseContractSchedule 197,1,1,2026-08-24T00:00:00.000
198,PCS000198,71,Atlas PurchaseContractSchedule 198,1,1,2026-08-24T00:00:00.000
199,PCS000199,164,Beacon PurchaseContractSchedule 199,1,1,2026-08-24T00:00:00.000
200,PCS000200,43,Junction PurchaseContractSchedule 200,1,1,2026-08-24T00:00:00.000
201,PCS000201,114,Cedar PurchaseContractSchedule 201,1,1,2026-08-24T00:00:00.000
202,PCS000202,168,Evergreen PurchaseContractSchedule 202,1,1,2026-08-24T00:00:00.000
203,PCS000203,119,Vertex PurchaseContractSchedule 203,1,1,2026-08-24T00:00:00.000
204,PCS000204,150,Summit PurchaseContractSchedule 204,1,1,2026-08-24T00:00:00.000
205,PCS000205,166,Liberty PurchaseContractSchedule 205,1,1,2026-08-24T00:00:00.000
206,PCS000206,10,Junction PurchaseContractSchedule 206,1,1,2026-08-24T00:00:00.000
207,PCS000207,156,Cedar PurchaseContractSchedule 207,1,1,2026-08-24T00:00:00.000
208,PCS000208,95,Ion PurchaseContractSchedule 208,1,1,2026-08-24T00:00:00.000
209,PCS000209,6,Cedar PurchaseContractSchedule 209,1,1,2026-08-24T00:00:00.000
210,PCS000210,134,Vertex PurchaseContractSchedule 210,1,1,2026-08-24T00:00:00.000
211,PCS000211,18,Quartz PurchaseContractSchedule 211,1,1,2026-08-24T00:00:00.000
212,PCS000212,58,Forge PurchaseContractSchedule 212,1,1,2026-08-24T00:00:00.000
213,PCS000213,167,Pioneer PurchaseContractSchedule 213,1,1,2026-08-24T00:00:00.000
214,PCS000214,46,Unity PurchaseContractSchedule 214,1,1,2026-08-24T00:00:00.000
215,PCS000215,144,Liberty PurchaseContractSchedule 215,1,1,2026-08-24T00:00:00.000
216,PCS000216,64,Summit PurchaseContractSchedule 216,1,1,2026-08-24T00:00:00.000
217,PCS000217,112,Willow PurchaseContractSchedule 217,1,1,2026-08-24T00:00:00.000
218,PCS000218,72,Forge PurchaseContractSchedule 218,1,1,2026-08-24T00:00:00.000
219,PCS000219,117,Atlas PurchaseContractSchedule 219,1,1,2026-08-24T00:00:00.000
220,PCS000220,140,Riverton PurchaseContractSchedule 220,1,1,2026-08-24T00:00:00.000
221,PCS000221,29,Willow PurchaseContractSchedule 221,1,1,2026-08-24T00:00:00.000
222,PCS000222,164,Willow PurchaseContractSchedule 222,1,1,2026-08-24T00:00:00.000
223,PCS000223,79,Willow PurchaseContractSchedule 223,1,1,2026-08-24T00:00:00.000
224,PCS000224,63,Delta PurchaseContractSchedule 224,1,1,2026-08-24T00:00:00.000
225,PCS000225,20,Liberty PurchaseContractSchedule 225,1,1,2026-08-24T00:00:00.000
226,PCS000226,179,Quartz PurchaseContractSchedule 226,1,1,2026-08-24T00:00:00.000
227,PCS000227,116,Zenith PurchaseContractSchedule 227,1,1,2026-08-24T00:00:00.000
228,PCS000228,133,Junction PurchaseContractSchedule 228,1,1,2026-08-24T00:00:00.000
229,PCS000229,167,Cedar PurchaseContractSchedule 229,1,1,2026-08-24T00:00:00.000
230,PCS000230,78,Evergreen PurchaseContractSchedule 230,1,1,2026-08-24T00:00:00.000
231,PCS000231,37,Evergreen PurchaseContractSchedule 231,1,1,2026-08-24T00:00:00.000
232,PCS000232,122,Delta PurchaseContractSchedule 232,1,1,2026-08-24T00:00:00.000
233,PCS000233,9,Northstar PurchaseContractSchedule 233,1,1,2026-08-24T00:00:00.000
234,PCS000234,83,Pioneer PurchaseContractSchedule 234,1,1,2026-08-24T00:00:00.000
235,PCS000235,68,Granite PurchaseContractSchedule 235,1,1,2026-08-24T00:00:00.000
236,PCS000236,141,Evergreen PurchaseContractSchedule 236,1,1,2026-08-24T00:00:00.000
237,PCS000237,1,Summit PurchaseContractSchedule 237,1,1,2026-08-24T00:00:00.000
238,PCS000238,93,Liberty PurchaseContractSchedule 238,1,1,2026-08-24T00:00:00.000
239,PCS000239,138,Summit PurchaseContractSchedule 239,1,1,2026-08-24T00:00:00.000
240,PCS000240,20,Delta PurchaseContractSchedule 240,1,1,2026-08-24T00:00:00.000
241,PCS000241,59,Liberty PurchaseContractSchedule 241,1,1,2026-08-24T00:00:00.000
242,PCS000242,49,Liberty PurchaseContractSchedule 242,1,1,2026-08-24T00:00:00.000
243,PCS000243,81,Quartz PurchaseContractSchedule 243,1,1,2026-08-24T00:00:00.000
244,PCS000244,3,Northstar PurchaseContractSchedule 244,1,1,2026-08-24T00:00:00.000
245,PCS000245,63,Harbor PurchaseContractSchedule 245,1,1,2026-08-24T00:00:00.000
246,PCS000246,3,Junction PurchaseContractSchedule 246,1,1,2026-08-24T00:00:00.000
247,PCS000247,106,Junction PurchaseContractSchedule 247,1,1,2026-08-24T00:00:00.000
248,PCS000248,91,Quartz PurchaseContractSchedule 248,1,1,2026-08-24T00:00:00.000
249,PCS000249,155,Beacon PurchaseContractSchedule 249,1,1,2026-08-24T00:00:00.000
250,PCS000250,180,Atlas PurchaseContractSchedule 250,1,1,2026-08-24T00:00:00.000
251,PCS000251,130,Keystone PurchaseContractSchedule 251,1,1,2026-08-24T00:00:00.000
252,PCS000252,143,Quartz PurchaseContractSchedule 252,1,1,2026-08-24T00:00:00.000
253,PCS000253,82,Cedar PurchaseContractSchedule 253,1,1,2026-08-24T00:00:00.000
254,PCS000254,180,Quartz PurchaseContractSchedule 254,1,1,2026-08-24T00:00:00.000
255,PCS000255,56,Summit PurchaseContractSchedule 255,1,1,2026-08-24T00:00:00.000
256,PCS000256,92,Forge PurchaseContractSchedule 256,1,1,2026-08-24T00:00:00.000
257,PCS000257,30,Unity PurchaseContractSchedule 257,1,1,2026-08-24T00:00:00.000
258,PCS000258,152,Liberty PurchaseContractSchedule 258,1,1,2026-08-24T00:00:00.000
259,PCS000259,72,Pioneer PurchaseContractSchedule 259,1,1,2026-08-24T00:00:00.000
260,PCS000260,120,Riverton PurchaseContractSchedule 260,1,1,2026-08-24T00:00:00.000
261,PCS000261,21,Quartz PurchaseContractSchedule 261,1,1,2026-08-24T00:00:00.000
262,PCS000262,173,Pioneer PurchaseContractSchedule 262,1,1,2026-08-24T00:00:00.000
263,PCS000263,161,Harbor PurchaseContractSchedule 263,1,1,2026-08-24T00:00:00.000
264,PCS000264,150,Meridian PurchaseContractSchedule 264,1,1,2026-08-24T00:00:00.000
265,PCS000265,61,Riverton PurchaseContractSchedule 265,1,1,2026-08-24T00:00:00.000
266,PCS000266,153,Granite PurchaseContractSchedule 266,1,1,2026-08-24T00:00:00.000
267,PCS000267,18,Harbor PurchaseContractSchedule 267,1,1,2026-08-24T00:00:00.000
268,PCS000268,81,Atlas PurchaseContractSchedule 268,1,1,2026-08-24T00:00:00.000
269,PCS000269,27,Pioneer PurchaseContractSchedule 269,1,1,2026-08-24T00:00:00.000
270,PCS000270,160,Willow PurchaseContractSchedule 270,1,1,2026-08-24T00:00:00.000
271,PCS000271,167,Orion PurchaseContractSchedule 271,1,1,2026-08-24T00:00:00.000
272,PCS000272,165,Forge PurchaseContractSchedule 272,1,1,2026-08-24T00:00:00.000
273,PCS000273,115,Zenith PurchaseContractSchedule 273,1,1,2026-08-24T00:00:00.000
274,PCS000274,26,Cedar PurchaseContractSchedule 274,1,1,2026-08-24T00:00:00.000
275,PCS000275,87,Ion PurchaseContractSchedule 275,1,1,2026-08-24T00:00:00.000
276,PCS000276,55,Liberty PurchaseContractSchedule 276,1,1,2026-08-24T00:00:00.000
277,PCS000277,149,Orion PurchaseContractSchedule 277,1,1,2026-08-24T00:00:00.000
278,PCS000278,7,Evergreen PurchaseContractSchedule 278,1,1,2026-08-24T00:00:00.000
279,PCS000279,120,Unity PurchaseContractSchedule 279,1,1,2026-08-24T00:00:00.000
280,PCS000280,169,Riverton PurchaseContractSchedule 280,1,1,2026-08-24T00:00:00.000
281,PCS000281,93,Granite PurchaseContractSchedule 281,1,1,2026-08-24T00:00:00.000
282,PCS000282,54,Ion PurchaseContractSchedule 282,1,1,2026-08-24T00:00:00.000
283,PCS000283,83,Pioneer PurchaseContractSchedule 283,1,1,2026-08-24T00:00:00.000
284,PCS000284,29,Ion PurchaseContractSchedule 284,1,1,2026-08-24T00:00:00.000
285,PCS000285,162,Evergreen PurchaseContractSchedule 285,1,1,2026-08-24T00:00:00.000
286,PCS000286,120,Keystone PurchaseContractSchedule 286,1,1,2026-08-24T00:00:00.000
287,PCS000287,161,Zenith PurchaseContractSchedule 287,1,1,2026-08-24T00:00:00.000
288,PCS000288,30,Cedar PurchaseContractSchedule 288,1,1,2026-08-24T00:00:00.000
289,PCS000289,115,Willow PurchaseContractSchedule 289,1,1,2026-08-24T00:00:00.000
290,PCS000290,54,Orion PurchaseContractSchedule 290,1,1,2026-08-24T00:00:00.000
291,PCS000291,79,Beacon PurchaseContractSchedule 291,1,1,2026-08-24T00:00:00.000
292,PCS000292,26,Granite PurchaseContractSchedule 292,1,1,2026-08-24T00:00:00.000
293,PCS000293,174,Ion PurchaseContractSchedule 293,1,1,2026-08-24T00:00:00.000
294,PCS000294,89,Delta PurchaseContractSchedule 294,1,1,2026-08-24T00:00:00.000
295,PCS000295,101,Quartz PurchaseContractSchedule 295,1,1,2026-08-24T00:00:00.000
296,PCS000296,29,Riverton PurchaseContractSchedule 296,1,1,2026-08-24T00:00:00.000
297,PCS000297,99,Summit PurchaseContractSchedule 297,1,1,2026-08-24T00:00:00.000
298,PCS000298,136,Liberty PurchaseContractSchedule 298,1,1,2026-08-24T00:00:00.000
299,PCS000299,91,Cedar PurchaseContractSchedule 299,1,1,2026-08-24T00:00:00.000
300,PCS000300,102,Harbor PurchaseContractSchedule 300,1,1,2026-08-24T00:00:00.000
301,PCS000301,130,Unity PurchaseContractSchedule 301,1,1,2026-08-24T00:00:00.000
302,PCS000302,128,Delta PurchaseContractSchedule 302,1,1,2026-08-24T00:00:00.000
303,PCS000303,165,Unity PurchaseContractSchedule 303,1,1,2026-08-24T00:00:00.000
304,PCS000304,113,Forge PurchaseContractSchedule 304,1,1,2026-08-24T00:00:00.000
305,PCS000305,151,Cedar PurchaseContractSchedule 305,1,1,2026-08-24T00:00:00.000
306,PCS000306,39,Summit PurchaseContractSchedule 306,1,1,2026-08-24T00:00:00.000
307,PCS000307,75,Willow PurchaseContractSchedule 307,1,1,2026-08-24T00:00:00.000
308,PCS000308,120,Meridian PurchaseContractSchedule 308,1,1,2026-08-24T00:00:00.000
309,PCS000309,101,Ion PurchaseContractSchedule 309,1,1,2026-08-24T00:00:00.000
310,PCS000310,52,Vertex PurchaseContractSchedule 310,1,1,2026-08-24T00:00:00.000
311,PCS000311,133,Vertex PurchaseContractSchedule 311,1,1,2026-08-24T00:00:00.000
312,PCS000312,110,Unity PurchaseContractSchedule 312,1,1,2026-08-24T00:00:00.000
313,PCS000313,17,Junction PurchaseContractSchedule 313,1,1,2026-08-24T00:00:00.000
314,PCS000314,28,Forge PurchaseContractSchedule 314,1,1,2026-08-24T00:00:00.000
315,PCS000315,70,Harbor PurchaseContractSchedule 315,1,1,2026-08-24T00:00:00.000
316,PCS000316,109,Evergreen PurchaseContractSchedule 316,1,1,2026-08-24T00:00:00.000
317,PCS000317,9,Riverton PurchaseContractSchedule 317,1,1,2026-08-24T00:00:00.000
318,PCS000318,168,Pioneer PurchaseContractSchedule 318,1,1,2026-08-24T00:00:00.000
319,PCS000319,126,Harbor PurchaseContractSchedule 319,1,1,2026-08-24T00:00:00.000
320,PCS000320,117,Cedar PurchaseContractSchedule 320,1,1,2026-08-24T00:00:00.000
321,PCS000321,32,Harbor PurchaseContractSchedule 321,1,1,2026-08-24T00:00:00.000
322,PCS000322,70,Unity PurchaseContractSchedule 322,1,1,2026-08-24T00:00:00.000
323,PCS000323,169,Pioneer PurchaseContractSchedule 323,1,1,2026-08-24T00:00:00.000
324,PCS000324,176,Ion PurchaseContractSchedule 324,1,1,2026-08-24T00:00:00.000
325,PCS000325,112,Atlas PurchaseContractSchedule 325,1,1,2026-08-24T00:00:00.000
326,PCS000326,74,Cedar PurchaseContractSchedule 326,1,1,2026-08-24T00:00:00.000
327,PCS000327,124,Forge PurchaseContractSchedule 327,1,1,2026-08-24T00:00:00.000
328,PCS000328,45,Riverton PurchaseContractSchedule 328,1,1,2026-08-24T00:00:00.000
329,PCS000329,56,Cedar PurchaseContractSchedule 329,1,1,2026-08-24T00:00:00.000
330,PCS000330,43,Zenith PurchaseContractSchedule 330,1,1,2026-08-24T00:00:00.000
331,PCS000331,144,Junction PurchaseContractSchedule 331,1,1,2026-08-24T00:00:00.000
332,PCS000332,152,Atlas PurchaseContractSchedule 332,1,1,2026-08-24T00:00:00.000
333,PCS000333,179,Willow PurchaseContractSchedule 333,1,1,2026-08-24T00:00:00.000
334,PCS000334,177,Vertex PurchaseContractSchedule 334,1,1,2026-08-24T00:00:00.000
335,PCS000335,68,Forge PurchaseContractSchedule 335,1,1,2026-08-24T00:00:00.000
336,PCS000336,14,Willow PurchaseContractSchedule 336,1,1,2026-08-24T00:00:00.000
337,PCS000337,111,Evergreen PurchaseContractSchedule 337,1,1,2026-08-24T00:00:00.000
338,PCS000338,36,Beacon PurchaseContractSchedule 338,1,1,2026-08-24T00:00:00.000
339,PCS000339,142,Harbor PurchaseContractSchedule 339,1,1,2026-08-24T00:00:00.000
340,PCS000340,81,Cedar PurchaseContractSchedule 340,1,1,2026-08-24T00:00:00.000
341,PCS000341,117,Northstar PurchaseContractSchedule 341,1,1,2026-08-24T00:00:00.000
342,PCS000342,98,Junction PurchaseContractSchedule 342,1,1,2026-08-24T00:00:00.000
343,PCS000343,3,Forge PurchaseContractSchedule 343,1,1,2026-08-24T00:00:00.000
344,PCS000344,42,Beacon PurchaseContractSchedule 344,1,1,2026-08-24T00:00:00.000
345,PCS000345,126,Evergreen PurchaseContractSchedule 345,1,1,2026-08-24T00:00:00.000
346,PCS000346,47,Forge PurchaseContractSchedule 346,1,1,2026-08-24T00:00:00.000
347,PCS000347,47,Forge PurchaseContractSchedule 347,1,1,2026-08-24T00:00:00.000
348,PCS000348,157,Summit PurchaseContractSchedule 348,1,1,2026-08-24T00:00:00.000
349,PCS000349,58,Ion PurchaseContractSchedule 349,1,1,2026-08-24T00:00:00.000
350,PCS000350,40,Cedar PurchaseContractSchedule 350,1,1,2026-08-24T00:00:00.000
351,PCS000351,55,Granite PurchaseContractSchedule 351,1,1,2026-08-24T00:00:00.000
352,PCS000352,145,Liberty PurchaseContractSchedule 352,1,1,2026-08-24T00:00:00.000
353,PCS000353,109,Pioneer PurchaseContractSchedule 353,1,1,2026-08-24T00:00:00.000
354,PCS000354,71,Ion PurchaseContractSchedule 354,1,1,2026-08-24T00:00:00.000
355,PCS000355,86,Keystone PurchaseContractSchedule 355,1,1,2026-08-24T00:00:00.000
356,PCS000356,113,Pioneer PurchaseContractSchedule 356,1,1,2026-08-24T00:00:00.000
357,PCS000357,168,Harbor PurchaseContractSchedule 357,1,1,2026-08-24T00:00:00.000
358,PCS000358,135,Meridian PurchaseContractSchedule 358,1,1,2026-08-24T00:00:00.000
359,PCS000359,50,Forge PurchaseContractSchedule 359,1,1,2026-08-24T00:00:00.000
360,PCS000360,65,Vertex PurchaseContractSchedule 360,1,1,2026-08-24T00:00:00.000
361,PCS000361,67,Northstar PurchaseContractSchedule 361,1,1,2026-08-24T00:00:00.000
362,PCS000362,175,Liberty PurchaseContractSchedule 362,1,1,2026-08-24T00:00:00.000
363,PCS000363,100,Cedar PurchaseContractSchedule 363,1,1,2026-08-24T00:00:00.000
364,PCS000364,169,Delta PurchaseContractSchedule 364,1,1,2026-08-24T00:00:00.000
365,PCS000365,19,Junction PurchaseContractSchedule 365,1,1,2026-08-24T00:00:00.000
366,PCS000366,103,Keystone PurchaseContractSchedule 366,1,1,2026-08-24T00:00:00.000
367,PCS000367,167,Orion PurchaseContractSchedule 367,1,1,2026-08-24T00:00:00.000
368,PCS000368,26,Meridian PurchaseContractSchedule 368,1,1,2026-08-24T00:00:00.000
369,PCS000369,104,Zenith PurchaseContractSchedule 369,1,1,2026-08-24T00:00:00.000
370,PCS000370,174,Summit PurchaseContractSchedule 370,1,1,2026-08-24T00:00:00.000
371,PCS000371,46,Atlas PurchaseContractSchedule 371,1,1,2026-08-24T00:00:00.000
372,PCS000372,63,Forge PurchaseContractSchedule 372,1,1,2026-08-24T00:00:00.000
373,PCS000373,60,Titan PurchaseContractSchedule 373,1,1,2026-08-24T00:00:00.000
374,PCS000374,110,Meridian PurchaseContractSchedule 374,1,1,2026-08-24T00:00:00.000
375,PCS000375,89,Zenith PurchaseContractSchedule 375,1,1,2026-08-24T00:00:00.000
376,PCS000376,50,Willow PurchaseContractSchedule 376,1,1,2026-08-24T00:00:00.000
377,PCS000377,95,Pioneer PurchaseContractSchedule 377,1,1,2026-08-24T00:00:00.000
378,PCS000378,104,Orion PurchaseContractSchedule 378,1,1,2026-08-24T00:00:00.000
379,PCS000379,131,Orion PurchaseContractSchedule 379,1,1,2026-08-24T00:00:00.000
380,PCS000380,177,Forge PurchaseContractSchedule 380,1,1,2026-08-24T00:00:00.000
381,PCS000381,135,Quartz PurchaseContractSchedule 381,1,1,2026-08-24T00:00:00.000
382,PCS000382,169,Atlas PurchaseContractSchedule 382,1,1,2026-08-24T00:00:00.000
383,PCS000383,53,Beacon PurchaseContractSchedule 383,1,1,2026-08-24T00:00:00.000
384,PCS000384,58,Unity PurchaseContractSchedule 384,1,1,2026-08-24T00:00:00.000
385,PCS000385,19,Evergreen PurchaseContractSchedule 385,1,1,2026-08-24T00:00:00.000
386,PCS000386,28,Meridian PurchaseContractSchedule 386,1,1,2026-08-24T00:00:00.000
387,PCS000387,12,Meridian PurchaseContractSchedule 387,1,1,2026-08-24T00:00:00.000
388,PCS000388,169,Ion PurchaseContractSchedule 388,1,1,2026-08-24T00:00:00.000
389,PCS000389,122,Riverton PurchaseContractSchedule 389,1,1,2026-08-24T00:00:00.000
390,PCS000390,14,Keystone PurchaseContractSchedule 390,1,1,2026-08-24T00:00:00.000
391,PCS000391,66,Granite PurchaseContractSchedule 391,1,1,2026-08-24T00:00:00.000
392,PCS000392,170,Unity PurchaseContractSchedule 392,1,1,2026-08-24T00:00:00.000
393,PCS000393,169,Meridian PurchaseContractSchedule 393,1,1,2026-08-24T00:00:00.000
394,PCS000394,28,Meridian PurchaseContractSchedule 394,1,1,2026-08-24T00:00:00.000
395,PCS000395,3,Orion PurchaseContractSchedule 395,1,1,2026-08-24T00:00:00.000
396,PCS000396,146,Cedar PurchaseContractSchedule 396,1,1,2026-08-24T00:00:00.000
397,PCS000397,56,Junction PurchaseContractSchedule 397,1,1,2026-08-24T00:00:00.000
398,PCS000398,56,Beacon PurchaseContractSchedule 398,1,1,2026-08-24T00:00:00.000
399,PCS000399,160,Keystone PurchaseContractSchedule 399,1,1,2026-08-24T00:00:00.000
400,PCS000400,153,Granite PurchaseContractSchedule 400,1,1,2026-08-24T00:00:00.000
401,PCS000401,137,Evergreen PurchaseContractSchedule 401,1,1,2026-08-24T00:00:00.000
402,PCS000402,29,Willow PurchaseContractSchedule 402,1,1,2026-08-24T00:00:00.000
403,PCS000403,122,Vertex PurchaseContractSchedule 403,1,1,2026-08-24T00:00:00.000
404,PCS000404,70,Zenith PurchaseContractSchedule 404,1,1,2026-08-24T00:00:00.000
405,PCS000405,88,Willow PurchaseContractSchedule 405,1,1,2026-08-24T00:00:00.000
406,PCS000406,15,Unity PurchaseContractSchedule 406,1,1,2026-08-24T00:00:00.000
407,PCS000407,160,Junction PurchaseContractSchedule 407,1,1,2026-08-24T00:00:00.000
408,PCS000408,108,Unity PurchaseContractSchedule 408,1,1,2026-08-24T00:00:00.000
409,PCS000409,172,Forge PurchaseContractSchedule 409,1,1,2026-08-24T00:00:00.000
410,PCS000410,27,Beacon PurchaseContractSchedule 410,1,1,2026-08-24T00:00:00.000
411,PCS000411,180,Evergreen PurchaseContractSchedule 411,1,1,2026-08-24T00:00:00.000
412,PCS000412,79,Cedar PurchaseContractSchedule 412,1,1,2026-08-24T00:00:00.000
413,PCS000413,16,Ion PurchaseContractSchedule 413,1,1,2026-08-24T00:00:00.000
414,PCS000414,103,Pioneer PurchaseContractSchedule 414,1,1,2026-08-24T00:00:00.000
415,PCS000415,174,Cedar PurchaseContractSchedule 415,1,1,2026-08-24T00:00:00.000
416,PCS000416,8,Keystone PurchaseContractSchedule 416,1,1,2026-08-24T00:00:00.000
417,PCS000417,97,Ion PurchaseContractSchedule 417,1,1,2026-08-24T00:00:00.000
418,PCS000418,8,Riverton PurchaseContractSchedule 418,1,1,2026-08-24T00:00:00.000
419,PCS000419,136,Atlas PurchaseContractSchedule 419,1,1,2026-08-24T00:00:00.000
420,PCS000420,8,Riverton PurchaseContractSchedule 420,1,1,2026-08-24T00:00:00.000
421,PCS000421,157,Beacon PurchaseContractSchedule 421,1,1,2026-08-24T00:00:00.000
422,PCS000422,169,Granite PurchaseContractSchedule 422,1,1,2026-08-24T00:00:00.000
423,PCS000423,173,Northstar PurchaseContractSchedule 423,1,1,2026-08-24T00:00:00.000
424,PCS000424,66,Harbor PurchaseContractSchedule 424,1,1,2026-08-24T00:00:00.000
425,PCS000425,48,Cedar PurchaseContractSchedule 425,1,1,2026-08-24T00:00:00.000
426,PCS000426,77,Cedar PurchaseContractSchedule 426,1,1,2026-08-24T00:00:00.000
427,PCS000427,165,Northstar PurchaseContractSchedule 427,1,1,2026-08-24T00:00:00.000
428,PCS000428,8,Quartz PurchaseContractSchedule 428,1,1,2026-08-24T00:00:00.000
429,PCS000429,29,Vertex PurchaseContractSchedule 429,1,1,2026-08-24T00:00:00.000
430,PCS000430,176,Pioneer PurchaseContractSchedule 430,1,1,2026-08-24T00:00:00.000
431,PCS000431,37,Quartz PurchaseContractSchedule 431,1,1,2026-08-24T00:00:00.000
432,PCS000432,177,Atlas PurchaseContractSchedule 432,1,1,2026-08-24T00:00:00.000
433,PCS000433,58,Granite PurchaseContractSchedule 433,1,1,2026-08-24T00:00:00.000
434,PCS000434,91,Northstar PurchaseContractSchedule 434,1,1,2026-08-24T00:00:00.000
435,PCS000435,56,Forge PurchaseContractSchedule 435,1,1,2026-08-24T00:00:00.000
436,PCS000436,126,Keystone PurchaseContractSchedule 436,1,1,2026-08-24T00:00:00.000
437,PCS000437,129,Forge PurchaseContractSchedule 437,1,1,2026-08-24T00:00:00.000
438,PCS000438,43,Northstar PurchaseContractSchedule 438,1,1,2026-08-24T00:00:00.000
439,PCS000439,86,Harbor PurchaseContractSchedule 439,1,1,2026-08-24T00:00:00.000
440,PCS000440,71,Ion PurchaseContractSchedule 440,1,1,2026-08-24T00:00:00.000
441,PCS000441,43,Ion PurchaseContractSchedule 441,1,1,2026-08-24T00:00:00.000
442,PCS000442,102,Willow PurchaseContractSchedule 442,1,1,2026-08-24T00:00:00.000
443,PCS000443,151,Granite PurchaseContractSchedule 443,1,1,2026-08-24T00:00:00.000
444,PCS000444,164,Ion PurchaseContractSchedule 444,1,1,2026-08-24T00:00:00.000
445,PCS000445,156,Forge PurchaseContractSchedule 445,1,1,2026-08-24T00:00:00.000
446,PCS000446,1,Atlas PurchaseContractSchedule 446,1,1,2026-08-24T00:00:00.000
447,PCS000447,39,Ion PurchaseContractSchedule 447,1,1,2026-08-24T00:00:00.000
448,PCS000448,40,Meridian PurchaseContractSchedule 448,1,1,2026-08-24T00:00:00.000
449,PCS000449,50,Unity PurchaseContractSchedule 449,1,1,2026-08-24T00:00:00.000
450,PCS000450,147,Northstar PurchaseContractSchedule 450,1,1,2026-08-24T00:00:00.000
451,PCS000451,127,Atlas PurchaseContractSchedule 451,1,1,2026-08-24T00:00:00.000
452,PCS000452,71,Unity PurchaseContractSchedule 452,1,1,2026-08-24T00:00:00.000
453,PCS000453,121,Willow PurchaseContractSchedule 453,1,1,2026-08-24T00:00:00.000
454,PCS000454,69,Willow PurchaseContractSchedule 454,1,1,2026-08-24T00:00:00.000
455,PCS000455,72,Granite PurchaseContractSchedule 455,1,1,2026-08-24T00:00:00.000
456,PCS000456,52,Quartz PurchaseContractSchedule 456,1,1,2026-08-24T00:00:00.000
457,PCS000457,156,Meridian PurchaseContractSchedule 457,1,1,2026-08-24T00:00:00.000
458,PCS000458,173,Delta PurchaseContractSchedule 458,1,1,2026-08-24T00:00:00.000
459,PCS000459,23,Summit PurchaseContractSchedule 459,1,1,2026-08-24T00:00:00.000
460,PCS000460,81,Forge PurchaseContractSchedule 460,1,1,2026-08-24T00:00:00.000
461,PCS000461,119,Unity PurchaseContractSchedule 461,1,1,2026-08-24T00:00:00.000
462,PCS000462,13,Delta PurchaseContractSchedule 462,1,1,2026-08-24T00:00:00.000
463,PCS000463,62,Unity PurchaseContractSchedule 463,1,1,2026-08-24T00:00:00.000
464,PCS000464,22,Evergreen PurchaseContractSchedule 464,1,1,2026-08-24T00:00:00.000
465,PCS000465,118,Willow PurchaseContractSchedule 465,1,1,2026-08-24T00:00:00.000
466,PCS000466,146,Cedar PurchaseContractSchedule 466,1,1,2026-08-24T00:00:00.000
467,PCS000467,33,Zenith PurchaseContractSchedule 467,1,1,2026-08-24T00:00:00.000
468,PCS000468,152,Meridian PurchaseContractSchedule 468,1,1,2026-08-24T00:00:00.000
469,PCS000469,130,Orion PurchaseContractSchedule 469,1,1,2026-08-24T00:00:00.000
470,PCS000470,105,Meridian PurchaseContractSchedule 470,1,1,2026-08-24T00:00:00.000
471,PCS000471,133,Titan PurchaseContractSchedule 471,1,1,2026-08-24T00:00:00.000
472,PCS000472,103,Ion PurchaseContractSchedule 472,1,1,2026-08-24T00:00:00.000
473,PCS000473,136,Willow PurchaseContractSchedule 473,1,1,2026-08-24T00:00:00.000
474,PCS000474,90,Evergreen PurchaseContractSchedule 474,1,1,2026-08-24T00:00:00.000
475,PCS000475,115,Junction PurchaseContractSchedule 475,1,1,2026-08-24T00:00:00.000
476,PCS000476,104,Summit PurchaseContractSchedule 476,1,1,2026-08-24T00:00:00.000
477,PCS000477,103,Liberty PurchaseContractSchedule 477,1,1,2026-08-24T00:00:00.000
478,PCS000478,76,Junction PurchaseContractSchedule 478,1,1,2026-08-24T00:00:00.000
479,PCS000479,136,Delta PurchaseContractSchedule 479,1,1,2026-08-24T00:00:00.000
480,PCS000480,173,Granite PurchaseContractSchedule 480,1,1,2026-08-24T00:00:00.000
481,PCS000481,32,Ion PurchaseContractSchedule 481,1,1,2026-08-24T00:00:00.000
482,PCS000482,69,Beacon PurchaseContractSchedule 482,1,1,2026-08-24T00:00:00.000
483,PCS000483,122,Quartz PurchaseContractSchedule 483,1,1,2026-08-24T00:00:00.000
484,PCS000484,124,Quartz PurchaseContractSchedule 484,1,1,2026-08-24T00:00:00.000
485,PCS000485,153,Cedar PurchaseContractSchedule 485,1,1,2026-08-24T00:00:00.000
486,PCS000486,36,Atlas PurchaseContractSchedule 486,1,1,2026-08-24T00:00:00.000
487,PCS000487,94,Zenith PurchaseContractSchedule 487,1,1,2026-08-24T00:00:00.000
488,PCS000488,131,Quartz PurchaseContractSchedule 488,1,1,2026-08-24T00:00:00.000
489,PCS000489,102,Zenith PurchaseContractSchedule 489,1,1,2026-08-24T00:00:00.000
490,PCS000490,44,Granite PurchaseContractSchedule 490,1,1,2026-08-24T00:00:00.000
491,PCS000491,87,Keystone PurchaseContractSchedule 491,1,1,2026-08-24T00:00:00.000
492,PCS000492,145,Riverton PurchaseContractSchedule 492,1,1,2026-08-24T00:00:00.000
493,PCS000493,116,Orion PurchaseContractSchedule 493,1,1,2026-08-24T00:00:00.000
494,PCS000494,6,Granite PurchaseContractSchedule 494,1,1,2026-08-24T00:00:00.000
495,PCS000495,94,Vertex PurchaseContractSchedule 495,1,1,2026-08-24T00:00:00.000
496,PCS000496,108,Beacon PurchaseContractSchedule 496,1,1,2026-08-24T00:00:00.000
497,PCS000497,129,Ion PurchaseContractSchedule 497,1,1,2026-08-24T00:00:00.000
498,PCS000498,105,Junction PurchaseContractSchedule 498,1,1,2026-08-24T00:00:00.000
499,PCS000499,142,Meridian PurchaseContractSchedule 499,1,1,2026-08-24T00:00:00.000
500,PCS000500,53,Forge PurchaseContractSchedule 500,1,1,2026-08-24T00:00:00.000
