PurchaseApprovalLevelKey,PurchaseApprovalLevelCode,PurchaseApprovalPolicyKey,PurchaseApprovalLevelName,SourceSystemKey,BatchId,LoadedAtUtc
-1,UNKNOWN,-1,Unknown,-1,0,1900-01-01T00:00:00.000
1,PAL000001,20,Evergreen PurchaseApprovalLevel 1,1,1,2026-08-24T00:00:00.000
2,PAL000002,5,Harbor PurchaseApprovalLevel 2,1,1,2026-08-24T00:00:00.000
3,PAL000003,19,Beacon PurchaseApprovalLevel 3,1,1,2026-08-24T00:00:00.000
4,PAL000004,2,Meridian PurchaseApprovalLevel 4,1,1,2026-08-24T00:00:00.000
5,PAL000005,16,Zenith PurchaseApprovalLevel 5,1,1,2026-08-24T00:00:00.000
6,PAL000006,23,Vertex PurchaseApprovalLevel 6,1,1,2026-08-24T00:00:00.000
7,PAL000007,25,Unity PurchaseApprovalLevel 7,1,1,2026-08-24T00:00:00.000
8,PAL000008,13,Junction PurchaseApprovalLevel 8,1,1,2026-08-24T00:00:00.000
9,PAL000009,8,Ion PurchaseApprovalLevel 9,1,1,2026-08-24T00:00:00.000
10,PAL000010,15,Summit PurchaseApprovalLevel 10,1,1,2026-08-24T00:00:00.000
11,PAL000011,13,Unity PurchaseApprovalLevel 11,1,1,2026-08-24T00:00:00.000
12,PAL000012,8,Ion PurchaseApprovalLevel 12,1,1,2026-08-24T00:00:00.000
13,PAL000013,8,Northstar PurchaseApprovalLevel 13,1,1,2026-08-24T00:00:00.000
14,PAL000014,13,Vertex PurchaseApprovalLevel 14,1,1,2026-08-24T00:00:00.000
15,PAL000015,5,Liberty PurchaseApprovalLevel 15,1,1,2026-08-24T00:00:00.000
16,PAL000016,7,Evergreen PurchaseApprovalLevel 16,1,1,2026-08-24T00:00:00.000
17,PAL000017,1,Pioneer PurchaseApprovalLevel 17,1,1,2026-08-24T00:00:00.000
18,PAL000018,11,Willow PurchaseApprovalLevel 18,1,1,2026-08-24T00:00:00.000
19,PAL000019,19,Ion PurchaseApprovalLevel 19,1,1,2026-08-24T00:00:00.000
20,PAL000020,20,Unity PurchaseApprovalLevel 20,1,1,2026-08-24T00:00:00.000
21,PAL000021,15,Quartz PurchaseApprovalLevel 21,1,1,2026-08-24T00:00:00.000
22,PAL000022,25,Meridian PurchaseApprovalLevel 22,1,1,2026-08-24T00:00:00.000
23,PAL000023,22,Junction PurchaseApprovalLevel 23,1,1,2026-08-24T00:00:00.000
24,PAL000024,8,Junction PurchaseApprovalLevel 24,1,1,2026-08-24T00:00:00.000
25,PAL000025,7,Titan PurchaseApprovalLevel 25,1,1,2026-08-24T00:00:00.000
26,PAL000026,7,Unity PurchaseApprovalLevel 26,1,1,2026-08-24T00:00:00.000
27,PAL000027,17,Evergreen PurchaseApprovalLevel 27,1,1,2026-08-24T00:00:00.000
28,PAL000028,25,Liberty PurchaseApprovalLevel 28,1,1,2026-08-24T00:00:00.000
29,PAL000029,4,Unity PurchaseApprovalLevel 29,1,1,2026-08-24T00:00:00.000
30,PAL000030,15,Evergreen PurchaseApprovalLevel 30,1,1,2026-08-24T00:00:00.000
31,PAL000031,22,Keystone PurchaseApprovalLevel 31,1,1,2026-08-24T00:00:00.000
32,PAL000032,7,Forge PurchaseApprovalLevel 32,1,1,2026-08-24T00:00:00.000
33,PAL000033,18,Quartz PurchaseApprovalLevel 33,1,1,2026-08-24T00:00:00.000
34,PAL000034,8,Delta PurchaseApprovalLevel 34,1,1,2026-08-24T00:00:00.000
35,PAL000035,25,Junction PurchaseApprovalLevel 35,1,1,2026-08-24T00:00:00.000
36,PAL000036,11,Pioneer PurchaseApprovalLevel 36,1,1,2026-08-24T00:00:00.000
37,PAL000037,13,Junction PurchaseApprovalLevel 37,1,1,2026-08-24T00:00:00.000
38,PAL000038,2,Harbor PurchaseApprovalLevel 38,1,1,2026-08-24T00:00:00.000
39,PAL000039,14,Willow PurchaseApprovalLevel 39,1,1,2026-08-24T00:00:00.000
40,PAL000040,23,Meridian PurchaseApprovalLevel 40,1,1,2026-08-24T00:00:00.000
41,PAL000041,15,Northstar PurchaseApprovalLevel 41,1,1,2026-08-24T00:00:00.000
42,PAL000042,16,Zenith PurchaseApprovalLevel 42,1,1,2026-08-24T00:00:00.000
43,PAL000043,23,Titan PurchaseApprovalLevel 43,1,1,2026-08-24T00:00:00.000
44,PAL000044,17,Summit PurchaseApprovalLevel 44,1,1,2026-08-24T00:00:00.000
45,PAL000045,15,Harbor PurchaseApprovalLevel 45,1,1,2026-08-24T00:00:00.000
46,PAL000046,15,Riverton PurchaseApprovalLevel 46,1,1,2026-08-24T00:00:00.000
47,PAL000047,11,Northstar PurchaseApprovalLevel 47,1,1,2026-08-24T00:00:00.000
48,PAL000048,1,Vertex PurchaseApprovalLevel 48,1,1,2026-08-24T00:00:00.000
49,PAL000049,5,Zenith PurchaseApprovalLevel 49,1,1,2026-08-24T00:00:00.000
50,PAL000050,10,Delta PurchaseApprovalLevel 50,1,1,2026-08-24T00:00:00.000
51,PAL000051,23,Beacon PurchaseApprovalLevel 51,1,1,2026-08-24T00:00:00.000
52,PAL000052,13,Granite PurchaseApprovalLevel 52,1,1,2026-08-24T00:00:00.000
53,PAL000053,21,Junction PurchaseApprovalLevel 53,1,1,2026-08-24T00:00:00.000
54,PAL000054,4,Willow PurchaseApprovalLevel 54,1,1,2026-08-24T00:00:00.000
55,PAL000055,23,Orion PurchaseApprovalLevel 55,1,1,2026-08-24T00:00:00.000
56,PAL000056,17,Titan PurchaseApprovalLevel 56,1,1,2026-08-24T00:00:00.000
57,PAL000057,13,Cedar PurchaseApprovalLevel 57,1,1,2026-08-24T00:00:00.000
58,PAL000058,25,Northstar PurchaseApprovalLevel 58,1,1,2026-08-24T00:00:00.000
59,PAL000059,9,Liberty PurchaseApprovalLevel 59,1,1,2026-08-24T00:00:00.000
60,PAL000060,11,Titan PurchaseApprovalLevel 60,1,1,2026-08-24T00:00:00.000
61,PAL000061,14,Keystone PurchaseApprovalLevel 61,1,1,2026-08-24T00:00:00.000
62,PAL000062,13,Zenith PurchaseApprovalLevel 62,1,1,2026-08-24T00:00:00.000
63,PAL000063,3,Zenith PurchaseApprovalLevel 63,1,1,2026-08-24T00:00:00.000
64,PAL000064,17,Liberty PurchaseApprovalLevel 64,1,1,2026-08-24T00:00:00.000
65,PAL000065,14,Vertex PurchaseApprovalLevel 65,1,1,2026-08-24T00:00:00.000
66,PAL000066,19,Vertex PurchaseApprovalLevel 66,1,1,2026-08-24T00:00:00.000
67,PAL000067,8,Atlas PurchaseApprovalLevel 67,1,1,2026-08-24T00:00:00.000
68,PAL000068,9,Zenith PurchaseApprovalLevel 68,1,1,2026-08-24T00:00:00.000
69,PAL000069,15,Ion PurchaseApprovalLevel 69,1,1,2026-08-24T00:00:00.000
70,PAL000070,21,Riverton PurchaseApprovalLevel 70,1,1,2026-08-24T00:00:00.000
71,PAL000071,1,Pioneer PurchaseApprovalLevel 71,1,1,2026-08-24T00:00:00.000
72,PAL000072,20,Vertex PurchaseApprovalLevel 72,1,1,2026-08-24T00:00:00.000
73,PAL000073,12,Evergreen PurchaseApprovalLevel 73,1,1,2026-08-24T00:00:00.000
74,PAL000074,4,Junction PurchaseApprovalLevel 74,1,1,2026-08-24T00:00:00.000
75,PAL000075,13,Keystone PurchaseApprovalLevel 75,1,1,2026-08-24T00:00:00.000
76,PAL000076,21,Junction PurchaseApprovalLevel 76,1,1,2026-08-24T00:00:00.000
77,PAL000077,8,Forge PurchaseApprovalLevel 77,1,1,2026-08-24T00:00:00.000
78,PAL000078,2,Ion PurchaseApprovalLevel 78,1,1,2026-08-24T00:00:00.000
79,PAL000079,22,Meridian PurchaseApprovalLevel 79,1,1,2026-08-24T00:00:00.000
80,PAL000080,23,Forge PurchaseApprovalLevel 80,1,1,2026-08-24T00:00:00.000
81,PAL000081,17,Atlas PurchaseApprovalLevel 81,1,1,2026-08-24T00:00:00.000
82,PAL000082,20,Meridian PurchaseApprovalLevel 82,1,1,2026-08-24T00:00:00.000
83,PAL000083,2,Forge PurchaseApprovalLevel 83,1,1,2026-08-24T00:00:00.000
84,PAL000084,7,Titan PurchaseApprovalLevel 84,1,1,2026-08-24T00:00:00.000
85,PAL000085,24,Titan PurchaseApprovalLevel 85,1,1,2026-08-24T00:00:00.000
86,PAL000086,7,Granite PurchaseApprovalLevel 86,1,1,2026-08-24T00:00:00.000
87,PAL000087,25,Zenith PurchaseApprovalLevel 87,1,1,2026-08-24T00:00:00.000
88,PAL000088,21,Delta PurchaseApprovalLevel 88,1,1,2026-08-24T00:00:00.000
89,PAL000089,12,Willow PurchaseApprovalLevel 89,1,1,2026-08-24T00:00:00.000
90,PAL000090,6,Summit PurchaseApprovalLevel 90,1,1,2026-08-24T00:00:00.000
91,PAL000091,25,Forge PurchaseApprovalLevel 91,1,1,2026-08-24T00:00:00.000
92,PAL000092,11,Orion PurchaseApprovalLevel 92,1,1,2026-08-24T00:00:00.000
93,PAL000093,17,Liberty PurchaseApprovalLevel 93,1,1,2026-08-24T00:00:00.000
94,PAL000094,11,Pioneer PurchaseApprovalLevel 94,1,1,2026-08-24T00:00:00.000
95,PAL000095,20,Unity PurchaseApprovalLevel 95,1,1,2026-08-24T00:00:00.000
96,PAL000096,24,Harbor PurchaseApprovalLevel 96,1,1,2026-08-24T00:00:00.000
97,PAL000097,2,Unity PurchaseApprovalLevel 97,1,1,2026-08-24T00:00:00.000
98,PAL000098,10,Liberty PurchaseApprovalLevel 98,1,1,2026-08-24T00:00:00.000
99,PAL000099,20,Titan PurchaseApprovalLevel 99,1,1,2026-08-24T00:00:00.000
100,PAL000100,13,Forge PurchaseApprovalLevel 100,1,1,2026-08-24T00:00:00.000
101,PAL000101,18,Willow PurchaseApprovalLevel 101,1,1,2026-08-24T00:00:00.000
102,PAL000102,19,Unity PurchaseApprovalLevel 102,1,1,2026-08-24T00:00:00.000
103,PAL000103,4,Beacon PurchaseApprovalLevel 103,1,1,2026-08-24T00:00:00.000
104,PAL000104,6,Granite PurchaseApprovalLevel 104,1,1,2026-08-24T00:00:00.000
105,PAL000105,11,Meridian PurchaseApprovalLevel 105,1,1,2026-08-24T00:00:00.000
106,PAL000106,15,Orion PurchaseApprovalLevel 106,1,1,2026-08-24T00:00:00.000
107,PAL000107,24,Summit PurchaseApprovalLevel 107,1,1,2026-08-24T00:00:00.000
108,PAL000108,6,Quartz PurchaseApprovalLevel 108,1,1,2026-08-24T00:00:00.000
109,PAL000109,12,Unity PurchaseApprovalLevel 109,1,1,2026-08-24T00:00:00.000
110,PAL000110,16,Orion PurchaseApprovalLevel 110,1,1,2026-08-24T00:00:00.000
111,PAL000111,5,Willow PurchaseApprovalLevel 111,1,1,2026-08-24T00:00:00.000
112,PAL000112,24,Delta PurchaseApprovalLevel 112,1,1,2026-08-24T00:00:00.000
113,PAL000113,14,Beacon PurchaseApprovalLevel 113,1,1,2026-08-24T00:00:00.000
114,PAL000114,6,Northstar PurchaseApprovalLevel 114,1,1,2026-08-24T00:00:00.000
115,PAL000115,12,Meridian PurchaseApprovalLevel 115,1,1,2026-08-24T00:00:00.000
116,PAL000116,8,Delta PurchaseApprovalLevel 116,1,1,2026-08-24T00:00:00.000
117,PAL000117,22,Orion PurchaseApprovalLevel 117,1,1,2026-08-24T00:00:00.000
118,PAL000118,5,Unity PurchaseApprovalLevel 118,1,1,2026-08-24T00:00:00.000
119,PAL000119,22,Harbor PurchaseApprovalLevel 119,1,1,2026-08-24T00:00:00.000
120,PAL000120,3,Granite PurchaseApprovalLevel 120,1,1,2026-08-24T00:00:00.000
