SafetyHazardConditionKey,SafetyHazardConditionCode,SafetyHazardTypeKey,SafetyHazardConditionName,DefaultRiskScore,SourceSystemKey,BatchId,LoadedAtUtc
-1,UNKNOWN,-1,Unknown,0.00,-1,0,1900-01-01T00:00:00.000
1,SHC000001,257,Forge SafetyHazardCondition 1,2.00,1,1,2026-08-24T00:00:00.000
2,SHC000002,77,Delta SafetyHazardCondition 2,3.00,1,1,2026-08-24T00:00:00.000
3,SHC000003,204,Evergreen SafetyHazardCondition 3,4.00,1,1,2026-08-24T00:00:00.000
4,SHC000004,311,Riverton SafetyHazardCondition 4,5.00,1,1,2026-08-24T00:00:00.000
5,SHC000005,394,Zenith SafetyHazardCondition 5,6.00,1,1,2026-08-24T00:00:00.000
6,SHC000006,109,Orion SafetyHazardCondition 6,7.00,1,1,2026-08-24T00:00:00.000
7,SHC000007,320,Vertex SafetyHazardCondition 7,8.00,1,1,2026-08-24T00:00:00.000
8,SHC000008,112,Delta SafetyHazardCondition 8,9.00,1,1,2026-08-24T00:00:00.000
9,SHC000009,303,Cedar SafetyHazardCondition 9,10.00,1,1,2026-08-24T00:00:00.000
10,SHC000010,106,Harbor SafetyHazardCondition 10,11.00,1,1,2026-08-24T00:00:00.000
11,SHC000011,34,Pioneer SafetyHazardCondition 11,12.00,1,1,2026-08-24T00:00:00.000
12,SHC000012,374,Granite SafetyHazardCondition 12,13.00,1,1,2026-08-24T00:00:00.000
13,SHC000013,86,Atlas SafetyHazardCondition 13,14.00,1,1,2026-08-24T00:00:00.000
14,SHC000014,24,Titan SafetyHazardCondition 14,15.00,1,1,2026-08-24T00:00:00.000
15,SHC000015,49,Zenith SafetyHazardCondition 15,16.00,1,1,2026-08-24T00:00:00.000
16,SHC000016,307,Atlas SafetyHazardCondition 16,17.00,1,1,2026-08-24T00:00:00.000
17,SHC000017,317,Riverton SafetyHazardCondition 17,18.00,1,1,2026-08-24T00:00:00.000
18,SHC000018,334,Orion SafetyHazardCondition 18,19.00,1,1,2026-08-24T00:00:00.000
19,SHC000019,12,Delta SafetyHazardCondition 19,20.00,1,1,2026-08-24T00:00:00.000
20,SHC000020,31,Ion SafetyHazardCondition 20,21.00,1,1,2026-08-24T00:00:00.000
21,SHC000021,260,Beacon SafetyHazardCondition 21,22.00,1,1,2026-08-24T00:00:00.000
22,SHC000022,303,Willow SafetyHazardCondition 22,23.00,1,1,2026-08-24T00:00:00.000
23,SHC000023,175,Summit SafetyHazardCondition 23,24.00,1,1,2026-08-24T00:00:00.000
24,SHC000024,187,Willow SafetyHazardCondition 24,25.00,1,1,2026-08-24T00:00:00.000
25,SHC000025,419,Liberty SafetyHazardCondition 25,26.00,1,1,2026-08-24T00:00:00.000
26,SHC000026,285,Pioneer SafetyHazardCondition 26,27.00,1,1,2026-08-24T00:00:00.000
27,SHC000027,335,Summit SafetyHazardCondition 27,28.00,1,1,2026-08-24T00:00:00.000
28,SHC000028,59,Forge SafetyHazardCondition 28,29.00,1,1,2026-08-24T00:00:00.000
29,SHC000029,301,Junction SafetyHazardCondition 29,30.00,1,1,2026-08-24T00:00:00.000
30,SHC000030,327,Willow SafetyHazardCondition 30,31.00,1,1,2026-08-24T00:00:00.000
31,SHC000031,210,Quartz SafetyHazardCondition 31,32.00,1,1,2026-08-24T00:00:00.000
32,SHC000032,381,Delta SafetyHazardCondition 32,33.00,1,1,2026-08-24T00:00:00.000
33,SHC000033,185,Keystone SafetyHazardCondition 33,34.00,1,1,2026-08-24T00:00:00.000
34,SHC000034,100,Harbor SafetyHazardCondition 34,35.00,1,1,2026-08-24T00:00:00.000
35,SHC000035,191,Summit SafetyHazardCondition 35,36.00,1,1,2026-08-24T00:00:00.000
36,SHC000036,71,Zenith SafetyHazardCondition 36,37.00,1,1,2026-08-24T00:00:00.000
37,SHC000037,203,Summit SafetyHazardCondition 37,38.00,1,1,2026-08-24T00:00:00.000
38,SHC000038,69,Delta SafetyHazardCondition 38,39.00,1,1,2026-08-24T00:00:00.000
39,SHC000039,128,Orion SafetyHazardCondition 39,40.00,1,1,2026-08-24T00:00:00.000
40,SHC000040,55,Unity SafetyHazardCondition 40,41.00,1,1,2026-08-24T00:00:00.000
41,SHC000041,131,Cedar SafetyHazardCondition 41,42.00,1,1,2026-08-24T00:00:00.000
42,SHC000042,26,Cedar SafetyHazardCondition 42,43.00,1,1,2026-08-24T00:00:00.000
43,SHC000043,363,Pioneer SafetyHazardCondition 43,44.00,1,1,2026-08-24T00:00:00.000
44,SHC000044,240,Junction SafetyHazardCondition 44,45.00,1,1,2026-08-24T00:00:00.000
45,SHC000045,270,Atlas SafetyHazardCondition 45,46.00,1,1,2026-08-24T00:00:00.000
46,SHC000046,14,Meridian SafetyHazardCondition 46,47.00,1,1,2026-08-24T00:00:00.000
47,SHC000047,149,Meridian SafetyHazardCondition 47,48.00,1,1,2026-08-24T00:00:00.000
48,SHC000048,301,Keystone SafetyHazardCondition 48,49.00,1,1,2026-08-24T00:00:00.000
49,SHC000049,142,Summit SafetyHazardCondition 49,50.00,1,1,2026-08-24T00:00:00.000
50,SHC000050,277,Summit SafetyHazardCondition 50,51.00,1,1,2026-08-24T00:00:00.000
51,SHC000051,290,Granite SafetyHazardCondition 51,52.00,1,1,2026-08-24T00:00:00.000
52,SHC000052,319,Harbor SafetyHazardCondition 52,53.00,1,1,2026-08-24T00:00:00.000
53,SHC000053,309,Unity SafetyHazardCondition 53,54.00,1,1,2026-08-24T00:00:00.000
54,SHC000054,275,Northstar SafetyHazardCondition 54,55.00,1,1,2026-08-24T00:00:00.000
55,SHC000055,326,Unity SafetyHazardCondition 55,56.00,1,1,2026-08-24T00:00:00.000
56,SHC000056,99,Riverton SafetyHazardCondition 56,57.00,1,1,2026-08-24T00:00:00.000
57,SHC000057,37,Atlas SafetyHazardCondition 57,58.00,1,1,2026-08-24T00:00:00.000
58,SHC000058,174,Liberty SafetyHazardCondition 58,59.00,1,1,2026-08-24T00:00:00.000
59,SHC000059,58,Cedar SafetyHazardCondition 59,60.00,1,1,2026-08-24T00:00:00.000
60,SHC000060,140,Liberty SafetyHazardCondition 60,61.00,1,1,2026-08-24T00:00:00.000
61,SHC000061,31,Orion SafetyHazardCondition 61,62.00,1,1,2026-08-24T00:00:00.000
62,SHC000062,217,Atlas SafetyHazardCondition 62,63.00,1,1,2026-08-24T00:00:00.000
63,SHC000063,280,Titan SafetyHazardCondition 63,64.00,1,1,2026-08-24T00:00:00.000
64,SHC000064,73,Zenith SafetyHazardCondition 64,65.00,1,1,2026-08-24T00:00:00.000
65,SHC000065,4,Summit SafetyHazardCondition 65,66.00,1,1,2026-08-24T00:00:00.000
66,SHC000066,211,Cedar SafetyHazardCondition 66,67.00,1,1,2026-08-24T00:00:00.000
67,SHC000067,318,Ion SafetyHazardCondition 67,68.00,1,1,2026-08-24T00:00:00.000
68,SHC000068,35,Meridian SafetyHazardCondition 68,69.00,1,1,2026-08-24T00:00:00.000
69,SHC000069,302,Ion SafetyHazardCondition 69,70.00,1,1,2026-08-24T00:00:00.000
70,SHC000070,272,Junction SafetyHazardCondition 70,71.00,1,1,2026-08-24T00:00:00.000
71,SHC000071,7,Ion SafetyHazardCondition 71,72.00,1,1,2026-08-24T00:00:00.000
72,SHC000072,404,Quartz SafetyHazardCondition 72,73.00,1,1,2026-08-24T00:00:00.000
73,SHC000073,8,Meridian SafetyHazardCondition 73,74.00,1,1,2026-08-24T00:00:00.000
74,SHC000074,132,Delta SafetyHazardCondition 74,75.00,1,1,2026-08-24T00:00:00.000
75,SHC000075,395,Quartz SafetyHazardCondition 75,76.00,1,1,2026-08-24T00:00:00.000
76,SHC000076,56,Orion SafetyHazardCondition 76,77.00,1,1,2026-08-24T00:00:00.000
77,SHC000077,281,Titan SafetyHazardCondition 77,78.00,1,1,2026-08-24T00:00:00.000
78,SHC000078,200,Atlas SafetyHazardCondition 78,79.00,1,1,2026-08-24T00:00:00.000
79,SHC000079,224,Ion SafetyHazardCondition 79,80.00,1,1,2026-08-24T00:00:00.000
80,SHC000080,43,Junction SafetyHazardCondition 80,81.00,1,1,2026-08-24T00:00:00.000
81,SHC000081,40,Titan SafetyHazardCondition 81,82.00,1,1,2026-08-24T00:00:00.000
82,SHC000082,231,Atlas SafetyHazardCondition 82,83.00,1,1,2026-08-24T00:00:00.000
83,SHC000083,320,Titan SafetyHazardCondition 83,84.00,1,1,2026-08-24T00:00:00.000
84,SHC000084,411,Orion SafetyHazardCondition 84,85.00,1,1,2026-08-24T00:00:00.000
85,SHC000085,58,Ion SafetyHazardCondition 85,86.00,1,1,2026-08-24T00:00:00.000
86,SHC000086,233,Harbor SafetyHazardCondition 86,87.00,1,1,2026-08-24T00:00:00.000
87,SHC000087,179,Keystone SafetyHazardCondition 87,88.00,1,1,2026-08-24T00:00:00.000
88,SHC000088,4,Keystone SafetyHazardCondition 88,89.00,1,1,2026-08-24T00:00:00.000
89,SHC000089,315,Evergreen SafetyHazardCondition 89,90.00,1,1,2026-08-24T00:00:00.000
90,SHC000090,156,Atlas SafetyHazardCondition 90,91.00,1,1,2026-08-24T00:00:00.000
91,SHC000091,118,Forge SafetyHazardCondition 91,92.00,1,1,2026-08-24T00:00:00.000
92,SHC000092,273,Keystone SafetyHazardCondition 92,93.00,1,1,2026-08-24T00:00:00.000
93,SHC000093,395,Orion SafetyHazardCondition 93,94.00,1,1,2026-08-24T00:00:00.000
94,SHC000094,384,Granite SafetyHazardCondition 94,95.00,1,1,2026-08-24T00:00:00.000
95,SHC000095,392,Willow SafetyHazardCondition 95,96.00,1,1,2026-08-24T00:00:00.000
96,SHC000096,21,Ion SafetyHazardCondition 96,97.00,1,1,2026-08-24T00:00:00.000
97,SHC000097,347,Zenith SafetyHazardCondition 97,98.00,1,1,2026-08-24T00:00:00.000
98,SHC000098,216,Orion SafetyHazardCondition 98,99.00,1,1,2026-08-24T00:00:00.000
99,SHC000099,411,Pioneer SafetyHazardCondition 99,100.00,1,1,2026-08-24T00:00:00.000
100,SHC000100,379,Zenith SafetyHazardCondition 100,101.00,1,1,2026-08-24T00:00:00.000
101,SHC000101,211,Keystone SafetyHazardCondition 101,102.00,1,1,2026-08-24T00:00:00.000
102,SHC000102,94,Vertex SafetyHazardCondition 102,103.00,1,1,2026-08-24T00:00:00.000
103,SHC000103,256,Meridian SafetyHazardCondition 103,104.00,1,1,2026-08-24T00:00:00.000
104,SHC000104,235,Beacon SafetyHazardCondition 104,105.00,1,1,2026-08-24T00:00:00.000
105,SHC000105,73,Junction SafetyHazardCondition 105,106.00,1,1,2026-08-24T00:00:00.000
106,SHC000106,6,Granite SafetyHazardCondition 106,107.00,1,1,2026-08-24T00:00:00.000
107,SHC000107,137,Meridian SafetyHazardCondition 107,108.00,1,1,2026-08-24T00:00:00.000
108,SHC000108,328,Riverton SafetyHazardCondition 108,109.00,1,1,2026-08-24T00:00:00.000
109,SHC000109,307,Summit SafetyHazardCondition 109,110.00,1,1,2026-08-24T00:00:00.000
110,SHC000110,32,Ion SafetyHazardCondition 110,111.00,1,1,2026-08-24T00:00:00.000
111,SHC000111,385,Pioneer SafetyHazardCondition 111,112.00,1,1,2026-08-24T00:00:00.000
112,SHC000112,277,Meridian SafetyHazardCondition 112,113.00,1,1,2026-08-24T00:00:00.000
113,SHC000113,298,Riverton SafetyHazardCondition 113,114.00,1,1,2026-08-24T00:00:00.000
114,SHC000114,289,Summit SafetyHazardCondition 114,115.00,1,1,2026-08-24T00:00:00.000
115,SHC000115,111,Vertex SafetyHazardCondition 115,116.00,1,1,2026-08-24T00:00:00.000
116,SHC000116,237,Vertex SafetyHazardCondition 116,117.00,1,1,2026-08-24T00:00:00.000
117,SHC000117,63,Cedar SafetyHazardCondition 117,118.00,1,1,2026-08-24T00:00:00.000
118,SHC000118,332,Orion SafetyHazardCondition 118,119.00,1,1,2026-08-24T00:00:00.000
119,SHC000119,80,Beacon SafetyHazardCondition 119,120.00,1,1,2026-08-24T00:00:00.000
120,SHC000120,312,Orion SafetyHazardCondition 120,121.00,1,1,2026-08-24T00:00:00.000
121,SHC000121,175,Northstar SafetyHazardCondition 121,122.00,1,1,2026-08-24T00:00:00.000
122,SHC000122,246,Orion SafetyHazardCondition 122,123.00,1,1,2026-08-24T00:00:00.000
123,SHC000123,260,Atlas SafetyHazardCondition 123,124.00,1,1,2026-08-24T00:00:00.000
124,SHC000124,273,Unity SafetyHazardCondition 124,125.00,1,1,2026-08-24T00:00:00.000
125,SHC000125,167,Evergreen SafetyHazardCondition 125,126.00,1,1,2026-08-24T00:00:00.000
126,SHC000126,94,Northstar SafetyHazardCondition 126,127.00,1,1,2026-08-24T00:00:00.000
127,SHC000127,390,Willow SafetyHazardCondition 127,128.00,1,1,2026-08-24T00:00:00.000
128,SHC000128,115,Riverton SafetyHazardCondition 128,129.00,1,1,2026-08-24T00:00:00.000
129,SHC000129,8,Delta SafetyHazardCondition 129,130.00,1,1,2026-08-24T00:00:00.000
130,SHC000130,75,Forge SafetyHazardCondition 130,131.00,1,1,2026-08-24T00:00:00.000
131,SHC000131,353,Beacon SafetyHazardCondition 131,132.00,1,1,2026-08-24T00:00:00.000
132,SHC000132,190,Delta SafetyHazardCondition 132,133.00,1,1,2026-08-24T00:00:00.000
133,SHC000133,17,Evergreen SafetyHazardCondition 133,134.00,1,1,2026-08-24T00:00:00.000
134,SHC000134,176,Junction SafetyHazardCondition 134,135.00,1,1,2026-08-24T00:00:00.000
135,SHC000135,185,Harbor SafetyHazardCondition 135,136.00,1,1,2026-08-24T00:00:00.000
136,SHC000136,219,Delta SafetyHazardCondition 136,137.00,1,1,2026-08-24T00:00:00.000
137,SHC000137,361,Granite SafetyHazardCondition 137,138.00,1,1,2026-08-24T00:00:00.000
138,SHC000138,320,Willow SafetyHazardCondition 138,139.00,1,1,2026-08-24T00:00:00.000
139,SHC000139,315,Orion SafetyHazardCondition 139,140.00,1,1,2026-08-24T00:00:00.000
140,SHC000140,361,Atlas SafetyHazardCondition 140,141.00,1,1,2026-08-24T00:00:00.000
141,SHC000141,107,Orion SafetyHazardCondition 141,142.00,1,1,2026-08-24T00:00:00.000
142,SHC000142,40,Harbor SafetyHazardCondition 142,143.00,1,1,2026-08-24T00:00:00.000
143,SHC000143,34,Beacon SafetyHazardCondition 143,144.00,1,1,2026-08-24T00:00:00.000
144,SHC000144,155,Ion SafetyHazardCondition 144,145.00,1,1,2026-08-24T00:00:00.000
145,SHC000145,387,Liberty SafetyHazardCondition 145,146.00,1,1,2026-08-24T00:00:00.000
146,SHC000146,377,Riverton SafetyHazardCondition 146,147.00,1,1,2026-08-24T00:00:00.000
147,SHC000147,279,Meridian SafetyHazardCondition 147,148.00,1,1,2026-08-24T00:00:00.000
148,SHC000148,408,Quartz SafetyHazardCondition 148,149.00,1,1,2026-08-24T00:00:00.000
149,SHC000149,1,Ion SafetyHazardCondition 149,150.00,1,1,2026-08-24T00:00:00.000
150,SHC000150,292,Orion SafetyHazardCondition 150,151.00,1,1,2026-08-24T00:00:00.000
151,SHC000151,311,Summit SafetyHazardCondition 151,152.00,1,1,2026-08-24T00:00:00.000
152,SHC000152,77,Northstar SafetyHazardCondition 152,153.00,1,1,2026-08-24T00:00:00.000
153,SHC000153,401,Ion SafetyHazardCondition 153,154.00,1,1,2026-08-24T00:00:00.000
154,SHC000154,88,Orion SafetyHazardCondition 154,155.00,1,1,2026-08-24T00:00:00.000
155,SHC000155,329,Meridian SafetyHazardCondition 155,156.00,1,1,2026-08-24T00:00:00.000
156,SHC000156,248,Quartz SafetyHazardCondition 156,157.00,1,1,2026-08-24T00:00:00.000
157,SHC000157,90,Summit SafetyHazardCondition 157,158.00,1,1,2026-08-24T00:00:00.000
158,SHC000158,389,Meridian SafetyHazardCondition 158,159.00,1,1,2026-08-24T00:00:00.000
159,SHC000159,161,Northstar SafetyHazardCondition 159,160.00,1,1,2026-08-24T00:00:00.000
160,SHC000160,44,Junction SafetyHazardCondition 160,161.00,1,1,2026-08-24T00:00:00.000
161,SHC000161,196,Granite SafetyHazardCondition 161,162.00,1,1,2026-08-24T00:00:00.000
162,SHC000162,397,Vertex SafetyHazardCondition 162,163.00,1,1,2026-08-24T00:00:00.000
163,SHC000163,40,Evergreen SafetyHazardCondition 163,164.00,1,1,2026-08-24T00:00:00.000
164,SHC000164,82,Forge SafetyHazardCondition 164,165.00,1,1,2026-08-24T00:00:00.000
165,SHC000165,130,Keystone SafetyHazardCondition 165,166.00,1,1,2026-08-24T00:00:00.000
166,SHC000166,71,Meridian SafetyHazardCondition 166,167.00,1,1,2026-08-24T00:00:00.000
167,SHC000167,414,Keystone SafetyHazardCondition 167,168.00,1,1,2026-08-24T00:00:00.000
168,SHC000168,111,Keystone SafetyHazardCondition 168,169.00,1,1,2026-08-24T00:00:00.000
169,SHC000169,147,Meridian SafetyHazardCondition 169,170.00,1,1,2026-08-24T00:00:00.000
170,SHC000170,252,Junction SafetyHazardCondition 170,171.00,1,1,2026-08-24T00:00:00.000
171,SHC000171,57,Granite SafetyHazardCondition 171,172.00,1,1,2026-08-24T00:00:00.000
172,SHC000172,167,Granite SafetyHazardCondition 172,173.00,1,1,2026-08-24T00:00:00.000
173,SHC000173,144,Harbor SafetyHazardCondition 173,174.00,1,1,2026-08-24T00:00:00.000
174,SHC000174,382,Evergreen SafetyHazardCondition 174,175.00,1,1,2026-08-24T00:00:00.000
175,SHC000175,115,Summit SafetyHazardCondition 175,176.00,1,1,2026-08-24T00:00:00.000
176,SHC000176,399,Unity SafetyHazardCondition 176,177.00,1,1,2026-08-24T00:00:00.000
177,SHC000177,385,Forge SafetyHazardCondition 177,178.00,1,1,2026-08-24T00:00:00.000
178,SHC000178,186,Atlas SafetyHazardCondition 178,179.00,1,1,2026-08-24T00:00:00.000
179,SHC000179,28,Harbor SafetyHazardCondition 179,180.00,1,1,2026-08-24T00:00:00.000
180,SHC000180,410,Titan SafetyHazardCondition 180,181.00,1,1,2026-08-24T00:00:00.000
181,SHC000181,202,Junction SafetyHazardCondition 181,182.00,1,1,2026-08-24T00:00:00.000
182,SHC000182,288,Liberty SafetyHazardCondition 182,183.00,1,1,2026-08-24T00:00:00.000
183,SHC000183,146,Vertex SafetyHazardCondition 183,184.00,1,1,2026-08-24T00:00:00.000
184,SHC000184,119,Delta SafetyHazardCondition 184,185.00,1,1,2026-08-24T00:00:00.000
185,SHC000185,322,Cedar SafetyHazardCondition 185,186.00,1,1,2026-08-24T00:00:00.000
186,SHC000186,5,Meridian SafetyHazardCondition 186,187.00,1,1,2026-08-24T00:00:00.000
187,SHC000187,376,Ion SafetyHazardCondition 187,188.00,1,1,2026-08-24T00:00:00.000
188,SHC000188,401,Meridian SafetyHazardCondition 188,189.00,1,1,2026-08-24T00:00:00.000
189,SHC000189,36,Liberty SafetyHazardCondition 189,190.00,1,1,2026-08-24T00:00:00.000
190,SHC000190,336,Harbor SafetyHazardCondition 190,191.00,1,1,2026-08-24T00:00:00.000
191,SHC000191,200,Pioneer SafetyHazardCondition 191,192.00,1,1,2026-08-24T00:00:00.000
192,SHC000192,253,Northstar SafetyHazardCondition 192,193.00,1,1,2026-08-24T00:00:00.000
193,SHC000193,214,Forge SafetyHazardCondition 193,194.00,1,1,2026-08-24T00:00:00.000
194,SHC000194,366,Unity SafetyHazardCondition 194,195.00,1,1,2026-08-24T00:00:00.000
195,SHC000195,111,Liberty SafetyHazardCondition 195,196.00,1,1,2026-08-24T00:00:00.000
196,SHC000196,275,Liberty SafetyHazardCondition 196,197.00,1,1,2026-08-24T00:00:00.000
197,SHC000197,66,Northstar SafetyHazardCondition 197,198.00,1,1,2026-08-24T00:00:00.000
198,SHC000198,40,Northstar SafetyHazardCondition 198,199.00,1,1,2026-08-24T00:00:00.000
199,SHC000199,352,Riverton SafetyHazardCondition 199,200.00,1,1,2026-08-24T00:00:00.000
200,SHC000200,386,Titan SafetyHazardCondition 200,201.00,1,1,2026-08-24T00:00:00.000
201,SHC000201,298,Delta SafetyHazardCondition 201,202.00,1,1,2026-08-24T00:00:00.000
202,SHC000202,386,Summit SafetyHazardCondition 202,203.00,1,1,2026-08-24T00:00:00.000
203,SHC000203,90,Beacon SafetyHazardCondition 203,204.00,1,1,2026-08-24T00:00:00.000
204,SHC000204,97,Orion SafetyHazardCondition 204,205.00,1,1,2026-08-24T00:00:00.000
205,SHC000205,239,Pioneer SafetyHazardCondition 205,206.00,1,1,2026-08-24T00:00:00.000
206,SHC000206,297,Riverton SafetyHazardCondition 206,207.00,1,1,2026-08-24T00:00:00.000
207,SHC000207,205,Unity SafetyHazardCondition 207,208.00,1,1,2026-08-24T00:00:00.000
208,SHC000208,380,Zenith SafetyHazardCondition 208,209.00,1,1,2026-08-24T00:00:00.000
209,SHC000209,231,Ion SafetyHazardCondition 209,210.00,1,1,2026-08-24T00:00:00.000
210,SHC000210,35,Quartz SafetyHazardCondition 210,211.00,1,1,2026-08-24T00:00:00.000
211,SHC000211,81,Keystone SafetyHazardCondition 211,212.00,1,1,2026-08-24T00:00:00.000
212,SHC000212,321,Vertex SafetyHazardCondition 212,213.00,1,1,2026-08-24T00:00:00.000
213,SHC000213,366,Meridian SafetyHazardCondition 213,214.00,1,1,2026-08-24T00:00:00.000
214,SHC000214,374,Ion SafetyHazardCondition 214,215.00,1,1,2026-08-24T00:00:00.000
215,SHC000215,364,Atlas SafetyHazardCondition 215,216.00,1,1,2026-08-24T00:00:00.000
216,SHC000216,155,Cedar SafetyHazardCondition 216,217.00,1,1,2026-08-24T00:00:00.000
217,SHC000217,221,Junction SafetyHazardCondition 217,218.00,1,1,2026-08-24T00:00:00.000
218,SHC000218,53,Evergreen SafetyHazardCondition 218,219.00,1,1,2026-08-24T00:00:00.000
219,SHC000219,49,Unity SafetyHazardCondition 219,220.00,1,1,2026-08-24T00:00:00.000
220,SHC000220,343,Ion SafetyHazardCondition 220,221.00,1,1,2026-08-24T00:00:00.000
221,SHC000221,51,Harbor SafetyHazardCondition 221,222.00,1,1,2026-08-24T00:00:00.000
222,SHC000222,123,Cedar SafetyHazardCondition 222,223.00,1,1,2026-08-24T00:00:00.000
223,SHC000223,50,Liberty SafetyHazardCondition 223,224.00,1,1,2026-08-24T00:00:00.000
224,SHC000224,172,Vertex SafetyHazardCondition 224,225.00,1,1,2026-08-24T00:00:00.000
225,SHC000225,250,Unity SafetyHazardCondition 225,226.00,1,1,2026-08-24T00:00:00.000
226,SHC000226,348,Ion SafetyHazardCondition 226,227.00,1,1,2026-08-24T00:00:00.000
227,SHC000227,78,Harbor SafetyHazardCondition 227,228.00,1,1,2026-08-24T00:00:00.000
228,SHC000228,300,Delta SafetyHazardCondition 228,229.00,1,1,2026-08-24T00:00:00.000
229,SHC000229,260,Vertex SafetyHazardCondition 229,230.00,1,1,2026-08-24T00:00:00.000
230,SHC000230,363,Zenith SafetyHazardCondition 230,231.00,1,1,2026-08-24T00:00:00.000
231,SHC000231,35,Delta SafetyHazardCondition 231,232.00,1,1,2026-08-24T00:00:00.000
232,SHC000232,351,Liberty SafetyHazardCondition 232,233.00,1,1,2026-08-24T00:00:00.000
233,SHC000233,237,Liberty SafetyHazardCondition 233,234.00,1,1,2026-08-24T00:00:00.000
234,SHC000234,342,Riverton SafetyHazardCondition 234,235.00,1,1,2026-08-24T00:00:00.000
235,SHC000235,258,Granite SafetyHazardCondition 235,236.00,1,1,2026-08-24T00:00:00.000
236,SHC000236,419,Pioneer SafetyHazardCondition 236,237.00,1,1,2026-08-24T00:00:00.000
237,SHC000237,122,Meridian SafetyHazardCondition 237,238.00,1,1,2026-08-24T00:00:00.000
238,SHC000238,23,Pioneer SafetyHazardCondition 238,239.00,1,1,2026-08-24T00:00:00.000
239,SHC000239,257,Pioneer SafetyHazardCondition 239,240.00,1,1,2026-08-24T00:00:00.000
240,SHC000240,211,Meridian SafetyHazardCondition 240,241.00,1,1,2026-08-24T00:00:00.000
241,SHC000241,355,Summit SafetyHazardCondition 241,242.00,1,1,2026-08-24T00:00:00.000
242,SHC000242,391,Quartz SafetyHazardCondition 242,243.00,1,1,2026-08-24T00:00:00.000
243,SHC000243,127,Meridian SafetyHazardCondition 243,244.00,1,1,2026-08-24T00:00:00.000
244,SHC000244,343,Evergreen SafetyHazardCondition 244,245.00,1,1,2026-08-24T00:00:00.000
245,SHC000245,269,Junction SafetyHazardCondition 245,246.00,1,1,2026-08-24T00:00:00.000
246,SHC000246,102,Summit SafetyHazardCondition 246,247.00,1,1,2026-08-24T00:00:00.000
247,SHC000247,11,Summit SafetyHazardCondition 247,248.00,1,1,2026-08-24T00:00:00.000
248,SHC000248,274,Liberty SafetyHazardCondition 248,249.00,1,1,2026-08-24T00:00:00.000
249,SHC000249,379,Vertex SafetyHazardCondition 249,250.00,1,1,2026-08-24T00:00:00.000
250,SHC000250,123,Granite SafetyHazardCondition 250,251.00,1,1,2026-08-24T00:00:00.000
251,SHC000251,414,Cedar SafetyHazardCondition 251,252.00,1,1,2026-08-24T00:00:00.000
252,SHC000252,314,Evergreen SafetyHazardCondition 252,253.00,1,1,2026-08-24T00:00:00.000
253,SHC000253,354,Pioneer SafetyHazardCondition 253,254.00,1,1,2026-08-24T00:00:00.000
254,SHC000254,315,Northstar SafetyHazardCondition 254,255.00,1,1,2026-08-24T00:00:00.000
255,SHC000255,223,Ion SafetyHazardCondition 255,256.00,1,1,2026-08-24T00:00:00.000
256,SHC000256,213,Orion SafetyHazardCondition 256,257.00,1,1,2026-08-24T00:00:00.000
257,SHC000257,153,Ion SafetyHazardCondition 257,258.00,1,1,2026-08-24T00:00:00.000
258,SHC000258,358,Meridian SafetyHazardCondition 258,259.00,1,1,2026-08-24T00:00:00.000
259,SHC000259,22,Cedar SafetyHazardCondition 259,260.00,1,1,2026-08-24T00:00:00.000
260,SHC000260,237,Granite SafetyHazardCondition 260,261.00,1,1,2026-08-24T00:00:00.000
261,SHC000261,80,Keystone SafetyHazardCondition 261,262.00,1,1,2026-08-24T00:00:00.000
262,SHC000262,405,Harbor SafetyHazardCondition 262,263.00,1,1,2026-08-24T00:00:00.000
263,SHC000263,256,Northstar SafetyHazardCondition 263,264.00,1,1,2026-08-24T00:00:00.000
264,SHC000264,265,Vertex SafetyHazardCondition 264,265.00,1,1,2026-08-24T00:00:00.000
265,SHC000265,409,Titan SafetyHazardCondition 265,266.00,1,1,2026-08-24T00:00:00.000
266,SHC000266,124,Liberty SafetyHazardCondition 266,267.00,1,1,2026-08-24T00:00:00.000
267,SHC000267,2,Cedar SafetyHazardCondition 267,268.00,1,1,2026-08-24T00:00:00.000
268,SHC000268,344,Delta SafetyHazardCondition 268,269.00,1,1,2026-08-24T00:00:00.000
269,SHC000269,56,Atlas SafetyHazardCondition 269,270.00,1,1,2026-08-24T00:00:00.000
270,SHC000270,192,Orion SafetyHazardCondition 270,271.00,1,1,2026-08-24T00:00:00.000
271,SHC000271,172,Quartz SafetyHazardCondition 271,272.00,1,1,2026-08-24T00:00:00.000
272,SHC000272,347,Willow SafetyHazardCondition 272,273.00,1,1,2026-08-24T00:00:00.000
273,SHC000273,14,Granite SafetyHazardCondition 273,274.00,1,1,2026-08-24T00:00:00.000
274,SHC000274,241,Harbor SafetyHazardCondition 274,275.00,1,1,2026-08-24T00:00:00.000
275,SHC000275,291,Delta SafetyHazardCondition 275,276.00,1,1,2026-08-24T00:00:00.000
276,SHC000276,137,Beacon SafetyHazardCondition 276,277.00,1,1,2026-08-24T00:00:00.000
277,SHC000277,400,Ion SafetyHazardCondition 277,278.00,1,1,2026-08-24T00:00:00.000
278,SHC000278,24,Delta SafetyHazardCondition 278,279.00,1,1,2026-08-24T00:00:00.000
279,SHC000279,141,Unity SafetyHazardCondition 279,280.00,1,1,2026-08-24T00:00:00.000
280,SHC000280,361,Atlas SafetyHazardCondition 280,281.00,1,1,2026-08-24T00:00:00.000
281,SHC000281,55,Cedar SafetyHazardCondition 281,282.00,1,1,2026-08-24T00:00:00.000
282,SHC000282,9,Riverton SafetyHazardCondition 282,283.00,1,1,2026-08-24T00:00:00.000
283,SHC000283,16,Cedar SafetyHazardCondition 283,284.00,1,1,2026-08-24T00:00:00.000
284,SHC000284,22,Orion SafetyHazardCondition 284,285.00,1,1,2026-08-24T00:00:00.000
285,SHC000285,132,Beacon SafetyHazardCondition 285,286.00,1,1,2026-08-24T00:00:00.000
286,SHC000286,286,Riverton SafetyHazardCondition 286,287.00,1,1,2026-08-24T00:00:00.000
287,SHC000287,237,Unity SafetyHazardCondition 287,288.00,1,1,2026-08-24T00:00:00.000
288,SHC000288,402,Cedar SafetyHazardCondition 288,289.00,1,1,2026-08-24T00:00:00.000
289,SHC000289,265,Atlas SafetyHazardCondition 289,290.00,1,1,2026-08-24T00:00:00.000
290,SHC000290,312,Harbor SafetyHazardCondition 290,291.00,1,1,2026-08-24T00:00:00.000
291,SHC000291,377,Zenith SafetyHazardCondition 291,292.00,1,1,2026-08-24T00:00:00.000
292,SHC000292,111,Granite SafetyHazardCondition 292,293.00,1,1,2026-08-24T00:00:00.000
293,SHC000293,332,Cedar SafetyHazardCondition 293,294.00,1,1,2026-08-24T00:00:00.000
294,SHC000294,50,Unity SafetyHazardCondition 294,295.00,1,1,2026-08-24T00:00:00.000
295,SHC000295,141,Cedar SafetyHazardCondition 295,296.00,1,1,2026-08-24T00:00:00.000
296,SHC000296,326,Atlas SafetyHazardCondition 296,297.00,1,1,2026-08-24T00:00:00.000
297,SHC000297,307,Ion SafetyHazardCondition 297,298.00,1,1,2026-08-24T00:00:00.000
298,SHC000298,301,Granite SafetyHazardCondition 298,299.00,1,1,2026-08-24T00:00:00.000
299,SHC000299,406,Titan SafetyHazardCondition 299,300.00,1,1,2026-08-24T00:00:00.000
300,SHC000300,283,Titan SafetyHazardCondition 300,301.00,1,1,2026-08-24T00:00:00.000
301,SHC000301,206,Willow SafetyHazardCondition 301,302.00,1,1,2026-08-24T00:00:00.000
302,SHC000302,175,Unity SafetyHazardCondition 302,303.00,1,1,2026-08-24T00:00:00.000
303,SHC000303,129,Meridian SafetyHazardCondition 303,304.00,1,1,2026-08-24T00:00:00.000
304,SHC000304,276,Junction SafetyHazardCondition 304,305.00,1,1,2026-08-24T00:00:00.000
305,SHC000305,50,Summit SafetyHazardCondition 305,306.00,1,1,2026-08-24T00:00:00.000
306,SHC000306,257,Quartz SafetyHazardCondition 306,307.00,1,1,2026-08-24T00:00:00.000
307,SHC000307,259,Granite SafetyHazardCondition 307,308.00,1,1,2026-08-24T00:00:00.000
308,SHC000308,100,Forge SafetyHazardCondition 308,309.00,1,1,2026-08-24T00:00:00.000
309,SHC000309,234,Liberty SafetyHazardCondition 309,310.00,1,1,2026-08-24T00:00:00.000
310,SHC000310,178,Delta SafetyHazardCondition 310,311.00,1,1,2026-08-24T00:00:00.000
311,SHC000311,239,Cedar SafetyHazardCondition 311,312.00,1,1,2026-08-24T00:00:00.000
312,SHC000312,407,Ion SafetyHazardCondition 312,313.00,1,1,2026-08-24T00:00:00.000
313,SHC000313,203,Meridian SafetyHazardCondition 313,314.00,1,1,2026-08-24T00:00:00.000
314,SHC000314,4,Forge SafetyHazardCondition 314,315.00,1,1,2026-08-24T00:00:00.000
315,SHC000315,267,Junction SafetyHazardCondition 315,316.00,1,1,2026-08-24T00:00:00.000
316,SHC000316,283,Quartz SafetyHazardCondition 316,317.00,1,1,2026-08-24T00:00:00.000
317,SHC000317,285,Meridian SafetyHazardCondition 317,318.00,1,1,2026-08-24T00:00:00.000
318,SHC000318,40,Orion SafetyHazardCondition 318,319.00,1,1,2026-08-24T00:00:00.000
319,SHC000319,105,Northstar SafetyHazardCondition 319,320.00,1,1,2026-08-24T00:00:00.000
320,SHC000320,76,Cedar SafetyHazardCondition 320,321.00,1,1,2026-08-24T00:00:00.000
321,SHC000321,255,Willow SafetyHazardCondition 321,322.00,1,1,2026-08-24T00:00:00.000
322,SHC000322,393,Junction SafetyHazardCondition 322,323.00,1,1,2026-08-24T00:00:00.000
323,SHC000323,202,Riverton SafetyHazardCondition 323,324.00,1,1,2026-08-24T00:00:00.000
324,SHC000324,231,Willow SafetyHazardCondition 324,325.00,1,1,2026-08-24T00:00:00.000
325,SHC000325,208,Orion SafetyHazardCondition 325,326.00,1,1,2026-08-24T00:00:00.000
326,SHC000326,129,Summit SafetyHazardCondition 326,327.00,1,1,2026-08-24T00:00:00.000
327,SHC000327,315,Meridian SafetyHazardCondition 327,328.00,1,1,2026-08-24T00:00:00.000
328,SHC000328,269,Zenith SafetyHazardCondition 328,329.00,1,1,2026-08-24T00:00:00.000
329,SHC000329,24,Ion SafetyHazardCondition 329,330.00,1,1,2026-08-24T00:00:00.000
330,SHC000330,101,Meridian SafetyHazardCondition 330,331.00,1,1,2026-08-24T00:00:00.000
331,SHC000331,252,Junction SafetyHazardCondition 331,332.00,1,1,2026-08-24T00:00:00.000
332,SHC000332,282,Northstar SafetyHazardCondition 332,333.00,1,1,2026-08-24T00:00:00.000
333,SHC000333,374,Zenith SafetyHazardCondition 333,334.00,1,1,2026-08-24T00:00:00.000
334,SHC000334,311,Pioneer SafetyHazardCondition 334,335.00,1,1,2026-08-24T00:00:00.000
335,SHC000335,258,Evergreen SafetyHazardCondition 335,336.00,1,1,2026-08-24T00:00:00.000
336,SHC000336,13,Zenith SafetyHazardCondition 336,337.00,1,1,2026-08-24T00:00:00.000
337,SHC000337,105,Granite SafetyHazardCondition 337,338.00,1,1,2026-08-24T00:00:00.000
338,SHC000338,13,Keystone SafetyHazardCondition 338,339.00,1,1,2026-08-24T00:00:00.000
339,SHC000339,249,Vertex SafetyHazardCondition 339,340.00,1,1,2026-08-24T00:00:00.000
340,SHC000340,170,Riverton SafetyHazardCondition 340,341.00,1,1,2026-08-24T00:00:00.000
341,SHC000341,285,Keystone SafetyHazardCondition 341,342.00,1,1,2026-08-24T00:00:00.000
342,SHC000342,240,Junction SafetyHazardCondition 342,343.00,1,1,2026-08-24T00:00:00.000
343,SHC000343,16,Pioneer SafetyHazardCondition 343,344.00,1,1,2026-08-24T00:00:00.000
344,SHC000344,387,Ion SafetyHazardCondition 344,345.00,1,1,2026-08-24T00:00:00.000
345,SHC000345,73,Cedar SafetyHazardCondition 345,346.00,1,1,2026-08-24T00:00:00.000
346,SHC000346,368,Riverton SafetyHazardCondition 346,347.00,1,1,2026-08-24T00:00:00.000
347,SHC000347,120,Granite SafetyHazardCondition 347,348.00,1,1,2026-08-24T00:00:00.000
348,SHC000348,237,Unity SafetyHazardCondition 348,349.00,1,1,2026-08-24T00:00:00.000
349,SHC000349,338,Northstar SafetyHazardCondition 349,350.00,1,1,2026-08-24T00:00:00.000
350,SHC000350,212,Cedar SafetyHazardCondition 350,351.00,1,1,2026-08-24T00:00:00.000
351,SHC000351,17,Forge SafetyHazardCondition 351,352.00,1,1,2026-08-24T00:00:00.000
352,SHC000352,127,Titan SafetyHazardCondition 352,353.00,1,1,2026-08-24T00:00:00.000
353,SHC000353,188,Titan SafetyHazardCondition 353,354.00,1,1,2026-08-24T00:00:00.000
354,SHC000354,184,Quartz SafetyHazardCondition 354,355.00,1,1,2026-08-24T00:00:00.000
355,SHC000355,223,Delta SafetyHazardCondition 355,356.00,1,1,2026-08-24T00:00:00.000
356,SHC000356,312,Harbor SafetyHazardCondition 356,357.00,1,1,2026-08-24T00:00:00.000
357,SHC000357,325,Northstar SafetyHazardCondition 357,358.00,1,1,2026-08-24T00:00:00.000
358,SHC000358,262,Junction SafetyHazardCondition 358,359.00,1,1,2026-08-24T00:00:00.000
359,SHC000359,98,Atlas SafetyHazardCondition 359,360.00,1,1,2026-08-24T00:00:00.000
360,SHC000360,308,Titan SafetyHazardCondition 360,361.00,1,1,2026-08-24T00:00:00.000
361,SHC000361,295,Evergreen SafetyHazardCondition 361,362.00,1,1,2026-08-24T00:00:00.000
362,SHC000362,315,Riverton SafetyHazardCondition 362,363.00,1,1,2026-08-24T00:00:00.000
363,SHC000363,161,Orion SafetyHazardCondition 363,364.00,1,1,2026-08-24T00:00:00.000
364,SHC000364,397,Titan SafetyHazardCondition 364,365.00,1,1,2026-08-24T00:00:00.000
365,SHC000365,42,Cedar SafetyHazardCondition 365,366.00,1,1,2026-08-24T00:00:00.000
366,SHC000366,194,Ion SafetyHazardCondition 366,367.00,1,1,2026-08-24T00:00:00.000
367,SHC000367,139,Granite SafetyHazardCondition 367,368.00,1,1,2026-08-24T00:00:00.000
368,SHC000368,223,Northstar SafetyHazardCondition 368,369.00,1,1,2026-08-24T00:00:00.000
369,SHC000369,281,Granite SafetyHazardCondition 369,370.00,1,1,2026-08-24T00:00:00.000
370,SHC000370,281,Junction SafetyHazardCondition 370,371.00,1,1,2026-08-24T00:00:00.000
371,SHC000371,3,Harbor SafetyHazardCondition 371,372.00,1,1,2026-08-24T00:00:00.000
372,SHC000372,390,Harbor SafetyHazardCondition 372,373.00,1,1,2026-08-24T00:00:00.000
373,SHC000373,405,Delta SafetyHazardCondition 373,374.00,1,1,2026-08-24T00:00:00.000
374,SHC000374,187,Junction SafetyHazardCondition 374,375.00,1,1,2026-08-24T00:00:00.000
375,SHC000375,181,Unity SafetyHazardCondition 375,376.00,1,1,2026-08-24T00:00:00.000
376,SHC000376,419,Atlas SafetyHazardCondition 376,377.00,1,1,2026-08-24T00:00:00.000
377,SHC000377,408,Atlas SafetyHazardCondition 377,378.00,1,1,2026-08-24T00:00:00.000
378,SHC000378,31,Willow SafetyHazardCondition 378,379.00,1,1,2026-08-24T00:00:00.000
379,SHC000379,321,Riverton SafetyHazardCondition 379,380.00,1,1,2026-08-24T00:00:00.000
380,SHC000380,260,Junction SafetyHazardCondition 380,381.00,1,1,2026-08-24T00:00:00.000
381,SHC000381,43,Meridian SafetyHazardCondition 381,382.00,1,1,2026-08-24T00:00:00.000
382,SHC000382,252,Ion SafetyHazardCondition 382,383.00,1,1,2026-08-24T00:00:00.000
383,SHC000383,299,Northstar SafetyHazardCondition 383,384.00,1,1,2026-08-24T00:00:00.000
384,SHC000384,265,Liberty SafetyHazardCondition 384,385.00,1,1,2026-08-24T00:00:00.000
385,SHC000385,78,Junction SafetyHazardCondition 385,386.00,1,1,2026-08-24T00:00:00.000
386,SHC000386,120,Keystone SafetyHazardCondition 386,387.00,1,1,2026-08-24T00:00:00.000
387,SHC000387,253,Willow SafetyHazardCondition 387,388.00,1,1,2026-08-24T00:00:00.000
388,SHC000388,189,Delta SafetyHazardCondition 388,389.00,1,1,2026-08-24T00:00:00.000
389,SHC000389,283,Unity SafetyHazardCondition 389,390.00,1,1,2026-08-24T00:00:00.000
390,SHC000390,1,Quartz SafetyHazardCondition 390,391.00,1,1,2026-08-24T00:00:00.000
391,SHC000391,400,Zenith SafetyHazardCondition 391,392.00,1,1,2026-08-24T00:00:00.000
392,SHC000392,367,Unity SafetyHazardCondition 392,393.00,1,1,2026-08-24T00:00:00.000
393,SHC000393,282,Pioneer SafetyHazardCondition 393,394.00,1,1,2026-08-24T00:00:00.000
394,SHC000394,396,Quartz SafetyHazardCondition 394,395.00,1,1,2026-08-24T00:00:00.000
395,SHC000395,401,Quartz SafetyHazardCondition 395,396.00,1,1,2026-08-24T00:00:00.000
396,SHC000396,141,Summit SafetyHazardCondition 396,397.00,1,1,2026-08-24T00:00:00.000
397,SHC000397,359,Forge SafetyHazardCondition 397,398.00,1,1,2026-08-24T00:00:00.000
398,SHC000398,329,Forge SafetyHazardCondition 398,399.00,1,1,2026-08-24T00:00:00.000
399,SHC000399,108,Titan SafetyHazardCondition 399,400.00,1,1,2026-08-24T00:00:00.000
400,SHC000400,243,Cedar SafetyHazardCondition 400,401.00,1,1,2026-08-24T00:00:00.000
401,SHC000401,257,Summit SafetyHazardCondition 401,402.00,1,1,2026-08-24T00:00:00.000
402,SHC000402,292,Meridian SafetyHazardCondition 402,403.00,1,1,2026-08-24T00:00:00.000
403,SHC000403,152,Beacon SafetyHazardCondition 403,404.00,1,1,2026-08-24T00:00:00.000
404,SHC000404,89,Titan SafetyHazardCondition 404,405.00,1,1,2026-08-24T00:00:00.000
405,SHC000405,278,Pioneer SafetyHazardCondition 405,406.00,1,1,2026-08-24T00:00:00.000
406,SHC000406,88,Zenith SafetyHazardCondition 406,407.00,1,1,2026-08-24T00:00:00.000
407,SHC000407,98,Meridian SafetyHazardCondition 407,408.00,1,1,2026-08-24T00:00:00.000
408,SHC000408,224,Atlas SafetyHazardCondition 408,409.00,1,1,2026-08-24T00:00:00.000
409,SHC000409,282,Unity SafetyHazardCondition 409,410.00,1,1,2026-08-24T00:00:00.000
410,SHC000410,226,Riverton SafetyHazardCondition 410,411.00,1,1,2026-08-24T00:00:00.000
411,SHC000411,266,Northstar SafetyHazardCondition 411,412.00,1,1,2026-08-24T00:00:00.000
412,SHC000412,189,Summit SafetyHazardCondition 412,413.00,1,1,2026-08-24T00:00:00.000
413,SHC000413,164,Liberty SafetyHazardCondition 413,414.00,1,1,2026-08-24T00:00:00.000
414,SHC000414,262,Orion SafetyHazardCondition 414,415.00,1,1,2026-08-24T00:00:00.000
415,SHC000415,71,Ion SafetyHazardCondition 415,416.00,1,1,2026-08-24T00:00:00.000
416,SHC000416,334,Liberty SafetyHazardCondition 416,417.00,1,1,2026-08-24T00:00:00.000
417,SHC000417,16,Junction SafetyHazardCondition 417,418.00,1,1,2026-08-24T00:00:00.000
418,SHC000418,215,Unity SafetyHazardCondition 418,419.00,1,1,2026-08-24T00:00:00.000
419,SHC000419,407,Quartz SafetyHazardCondition 419,420.00,1,1,2026-08-24T00:00:00.000
420,SHC000420,214,Titan SafetyHazardCondition 420,421.00,1,1,2026-08-24T00:00:00.000
421,SHC000421,206,Zenith SafetyHazardCondition 421,422.00,1,1,2026-08-24T00:00:00.000
422,SHC000422,293,Junction SafetyHazardCondition 422,423.00,1,1,2026-08-24T00:00:00.000
423,SHC000423,371,Keystone SafetyHazardCondition 423,424.00,1,1,2026-08-24T00:00:00.000
424,SHC000424,278,Ion SafetyHazardCondition 424,425.00,1,1,2026-08-24T00:00:00.000
425,SHC000425,177,Junction SafetyHazardCondition 425,426.00,1,1,2026-08-24T00:00:00.000
426,SHC000426,135,Willow SafetyHazardCondition 426,427.00,1,1,2026-08-24T00:00:00.000
427,SHC000427,264,Summit SafetyHazardCondition 427,428.00,1,1,2026-08-24T00:00:00.000
428,SHC000428,121,Pioneer SafetyHazardCondition 428,429.00,1,1,2026-08-24T00:00:00.000
429,SHC000429,245,Forge SafetyHazardCondition 429,430.00,1,1,2026-08-24T00:00:00.000
430,SHC000430,371,Granite SafetyHazardCondition 430,431.00,1,1,2026-08-24T00:00:00.000
431,SHC000431,414,Vertex SafetyHazardCondition 431,432.00,1,1,2026-08-24T00:00:00.000
432,SHC000432,133,Atlas SafetyHazardCondition 432,433.00,1,1,2026-08-24T00:00:00.000
433,SHC000433,55,Forge SafetyHazardCondition 433,434.00,1,1,2026-08-24T00:00:00.000
434,SHC000434,30,Northstar SafetyHazardCondition 434,435.00,1,1,2026-08-24T00:00:00.000
435,SHC000435,398,Summit SafetyHazardCondition 435,436.00,1,1,2026-08-24T00:00:00.000
436,SHC000436,358,Delta SafetyHazardCondition 436,437.00,1,1,2026-08-24T00:00:00.000
437,SHC000437,65,Ion SafetyHazardCondition 437,438.00,1,1,2026-08-24T00:00:00.000
438,SHC000438,199,Zenith SafetyHazardCondition 438,439.00,1,1,2026-08-24T00:00:00.000
439,SHC000439,37,Titan SafetyHazardCondition 439,440.00,1,1,2026-08-24T00:00:00.000
440,SHC000440,112,Northstar SafetyHazardCondition 440,441.00,1,1,2026-08-24T00:00:00.000
441,SHC000441,172,Northstar SafetyHazardCondition 441,442.00,1,1,2026-08-24T00:00:00.000
442,SHC000442,202,Northstar SafetyHazardCondition 442,443.00,1,1,2026-08-24T00:00:00.000
443,SHC000443,65,Quartz SafetyHazardCondition 443,444.00,1,1,2026-08-24T00:00:00.000
444,SHC000444,51,Summit SafetyHazardCondition 444,445.00,1,1,2026-08-24T00:00:00.000
445,SHC000445,280,Riverton SafetyHazardCondition 445,446.00,1,1,2026-08-24T00:00:00.000
446,SHC000446,367,Keystone SafetyHazardCondition 446,447.00,1,1,2026-08-24T00:00:00.000
447,SHC000447,121,Meridian SafetyHazardCondition 447,448.00,1,1,2026-08-24T00:00:00.000
448,SHC000448,292,Willow SafetyHazardCondition 448,449.00,1,1,2026-08-24T00:00:00.000
449,SHC000449,68,Evergreen SafetyHazardCondition 449,450.00,1,1,2026-08-24T00:00:00.000
450,SHC000450,177,Quartz SafetyHazardCondition 450,451.00,1,1,2026-08-24T00:00:00.000
451,SHC000451,63,Atlas SafetyHazardCondition 451,452.00,1,1,2026-08-24T00:00:00.000
452,SHC000452,32,Delta SafetyHazardCondition 452,453.00,1,1,2026-08-24T00:00:00.000
453,SHC000453,106,Harbor SafetyHazardCondition 453,454.00,1,1,2026-08-24T00:00:00.000
454,SHC000454,56,Granite SafetyHazardCondition 454,455.00,1,1,2026-08-24T00:00:00.000
455,SHC000455,87,Junction SafetyHazardCondition 455,456.00,1,1,2026-08-24T00:00:00.000
456,SHC000456,194,Quartz SafetyHazardCondition 456,457.00,1,1,2026-08-24T00:00:00.000
457,SHC000457,4,Titan SafetyHazardCondition 457,458.00,1,1,2026-08-24T00:00:00.000
458,SHC000458,325,Cedar SafetyHazardCondition 458,459.00,1,1,2026-08-24T00:00:00.000
459,SHC000459,225,Willow SafetyHazardCondition 459,460.00,1,1,2026-08-24T00:00:00.000
460,SHC000460,131,Atlas SafetyHazardCondition 460,461.00,1,1,2026-08-24T00:00:00.000
461,SHC000461,129,Forge SafetyHazardCondition 461,462.00,1,1,2026-08-24T00:00:00.000
462,SHC000462,78,Liberty SafetyHazardCondition 462,463.00,1,1,2026-08-24T00:00:00.000
463,SHC000463,388,Ion SafetyHazardCondition 463,464.00,1,1,2026-08-24T00:00:00.000
464,SHC000464,64,Pioneer SafetyHazardCondition 464,465.00,1,1,2026-08-24T00:00:00.000
465,SHC000465,33,Titan SafetyHazardCondition 465,466.00,1,1,2026-08-24T00:00:00.000
466,SHC000466,20,Granite SafetyHazardCondition 466,467.00,1,1,2026-08-24T00:00:00.000
467,SHC000467,226,Delta SafetyHazardCondition 467,468.00,1,1,2026-08-24T00:00:00.000
468,SHC000468,58,Orion SafetyHazardCondition 468,469.00,1,1,2026-08-24T00:00:00.000
469,SHC000469,105,Pioneer SafetyHazardCondition 469,470.00,1,1,2026-08-24T00:00:00.000
470,SHC000470,143,Harbor SafetyHazardCondition 470,471.00,1,1,2026-08-24T00:00:00.000
471,SHC000471,411,Riverton SafetyHazardCondition 471,472.00,1,1,2026-08-24T00:00:00.000
472,SHC000472,263,Orion SafetyHazardCondition 472,473.00,1,1,2026-08-24T00:00:00.000
473,SHC000473,142,Junction SafetyHazardCondition 473,474.00,1,1,2026-08-24T00:00:00.000
474,SHC000474,355,Willow SafetyHazardCondition 474,475.00,1,1,2026-08-24T00:00:00.000
475,SHC000475,283,Unity SafetyHazardCondition 475,476.00,1,1,2026-08-24T00:00:00.000
476,SHC000476,153,Pioneer SafetyHazardCondition 476,477.00,1,1,2026-08-24T00:00:00.000
477,SHC000477,212,Junction SafetyHazardCondition 477,478.00,1,1,2026-08-24T00:00:00.000
478,SHC000478,408,Orion SafetyHazardCondition 478,479.00,1,1,2026-08-24T00:00:00.000
479,SHC000479,80,Quartz SafetyHazardCondition 479,480.00,1,1,2026-08-24T00:00:00.000
480,SHC000480,289,Forge SafetyHazardCondition 480,481.00,1,1,2026-08-24T00:00:00.000
481,SHC000481,317,Unity SafetyHazardCondition 481,482.00,1,1,2026-08-24T00:00:00.000
482,SHC000482,124,Unity SafetyHazardCondition 482,483.00,1,1,2026-08-24T00:00:00.000
483,SHC000483,115,Northstar SafetyHazardCondition 483,484.00,1,1,2026-08-24T00:00:00.000
484,SHC000484,260,Northstar SafetyHazardCondition 484,485.00,1,1,2026-08-24T00:00:00.000
485,SHC000485,343,Orion SafetyHazardCondition 485,486.00,1,1,2026-08-24T00:00:00.000
486,SHC000486,418,Quartz SafetyHazardCondition 486,487.00,1,1,2026-08-24T00:00:00.000
487,SHC000487,413,Meridian SafetyHazardCondition 487,488.00,1,1,2026-08-24T00:00:00.000
488,SHC000488,211,Forge SafetyHazardCondition 488,489.00,1,1,2026-08-24T00:00:00.000
489,SHC000489,62,Zenith SafetyHazardCondition 489,490.00,1,1,2026-08-24T00:00:00.000
490,SHC000490,246,Summit SafetyHazardCondition 490,491.00,1,1,2026-08-24T00:00:00.000
491,SHC000491,173,Willow SafetyHazardCondition 491,492.00,1,1,2026-08-24T00:00:00.000
492,SHC000492,216,Vertex SafetyHazardCondition 492,493.00,1,1,2026-08-24T00:00:00.000
493,SHC000493,346,Atlas SafetyHazardCondition 493,494.00,1,1,2026-08-24T00:00:00.000
494,SHC000494,86,Junction SafetyHazardCondition 494,495.00,1,1,2026-08-24T00:00:00.000
495,SHC000495,37,Willow SafetyHazardCondition 495,496.00,1,1,2026-08-24T00:00:00.000
496,SHC000496,222,Beacon SafetyHazardCondition 496,497.00,1,1,2026-08-24T00:00:00.000
497,SHC000497,212,Zenith SafetyHazardCondition 497,498.00,1,1,2026-08-24T00:00:00.000
498,SHC000498,351,Ion SafetyHazardCondition 498,499.00,1,1,2026-08-24T00:00:00.000
499,SHC000499,149,Evergreen SafetyHazardCondition 499,500.00,1,1,2026-08-24T00:00:00.000
500,SHC000500,391,Beacon SafetyHazardCondition 500,501.00,1,1,2026-08-24T00:00:00.000
