SafetyPpeItemKey,PpeItemCode,SafetyHazardCategoryKey,UnitOfMeasureKey,PpeItemName,ReplacementCycleDays,IsReusable,SourceSystemKey,BatchId,LoadedAtUtc,EffectiveFromUtc,EffectiveToUtc,IsCurrent,RowHash
-1,UNKNOWN,-1,-1,Unknown,0,0,-1,0,1900-01-01T00:00:00.000,1900-01-01T00:00:00.000,1900-01-01T00:00:00.000,0,0000000000000000000000000000000000000000000000000000000000000000
1,SPI000001,64,4,Willow SafetyPpeItem 1,2,1,1,1,2026-08-24T00:00:00.000,2018-01-01T00:00:00.000,9999-12-31T00:00:00.000,1,5708208ddbb654acacd220769c59a0145708208ddbb654acacd220769c59a014
2,SPI000002,39,2,Granite SafetyPpeItem 2,3,1,1,1,2026-08-24T00:00:00.000,2018-01-01T00:00:00.000,9999-12-31T00:00:00.000,1,2511a0e1a0ae5172a9cfc8a15e17bbab2511a0e1a0ae5172a9cfc8a15e17bbab
3,SPI000003,21,4,Atlas SafetyPpeItem 3,4,1,1,1,2026-08-24T00:00:00.000,2018-01-01T00:00:00.000,9999-12-31T00:00:00.000,1,bf72a82c2cc9583b824fdcf41e6282ecbf72a82c2cc9583b824fdcf41e6282ec
4,SPI000004,1,2,Willow SafetyPpeItem 4,5,1,1,1,2026-08-24T00:00:00.000,2018-01-01T00:00:00.000,9999-12-31T00:00:00.000,1,17949608b47154bdbd1f147a8c8d5def17949608b47154bdbd1f147a8c8d5def
5,SPI000005,31,4,Granite SafetyPpeItem 5,6,0,1,1,2026-08-24T00:00:00.000,2018-01-01T00:00:00.000,9999-12-31T00:00:00.000,1,f5575d8cf6565d8fa3da5d9a8b4a742af5575d8cf6565d8fa3da5d9a8b4a742a
6,SPI000006,50,4,Willow SafetyPpeItem 6,7,1,1,1,2026-08-24T00:00:00.000,2018-01-01T00:00:00.000,9999-12-31T00:00:00.000,1,48a06ffdb65350eca0f40dcc2859fbfd48a06ffdb65350eca0f40dcc2859fbfd
7,SPI000007,10,7,Granite SafetyPpeItem 7,8,1,1,1,2026-08-24T00:00:00.000,2018-01-01T00:00:00.000,9999-12-31T00:00:00.000,1,8c0f3dfa40ab55ec9483461aefe06e0c8c0f3dfa40ab55ec9483461aefe06e0c
8,SPI000008,3,3,Forge SafetyPpeItem 8,9,1,1,1,2026-08-24T00:00:00.000,2018-01-01T00:00:00.000,9999-12-31T00:00:00.000,1,bc182391f56a54e286e531b4404cf2b7bc182391f56a54e286e531b4404cf2b7
9,SPI000009,18,1,Evergreen SafetyPpeItem 9,10,1,1,1,2026-08-24T00:00:00.000,2018-01-01T00:00:00.000,9999-12-31T00:00:00.000,1,9479c5e1bae256a0aa1608cfab733ac59479c5e1bae256a0aa1608cfab733ac5
10,SPI000010,59,1,Cedar SafetyPpeItem 10,11,0,1,1,2026-08-24T00:00:00.000,2018-01-01T00:00:00.000,9999-12-31T00:00:00.000,1,4d108f00aaea578392451635a413d6754d108f00aaea578392451635a413d675
11,SPI000011,66,1,Riverton SafetyPpeItem 11,12,1,1,1,2026-08-24T00:00:00.000,2018-01-01T00:00:00.000,9999-12-31T00:00:00.000,1,0dd2575a9cae5f31a1ea62668ee38ea70dd2575a9cae5f31a1ea62668ee38ea7
12,SPI000012,66,5,Delta SafetyPpeItem 12,13,1,1,1,2026-08-24T00:00:00.000,2018-01-01T00:00:00.000,9999-12-31T00:00:00.000,1,bc994411e26e5d5782cf7a546bb409f6bc994411e26e5d5782cf7a546bb409f6
13,SPI000013,22,4,Pioneer SafetyPpeItem 13,14,1,1,1,2026-08-24T00:00:00.000,2018-01-01T00:00:00.000,9999-12-31T00:00:00.000,1,1c0bc0dd1947509d86824a8835c3aaf31c0bc0dd1947509d86824a8835c3aaf3
14,SPI000014,64,6,Evergreen SafetyPpeItem 14,15,1,1,1,2026-08-24T00:00:00.000,2018-01-01T00:00:00.000,9999-12-31T00:00:00.000,1,7866fb097ecd548d946f3ad8f8b30a797866fb097ecd548d946f3ad8f8b30a79
15,SPI000015,40,6,Granite SafetyPpeItem 15,16,0,1,1,2026-08-24T00:00:00.000,2018-01-01T00:00:00.000,9999-12-31T00:00:00.000,1,90bfe4fb10a459c29902bf87934525a590bfe4fb10a459c29902bf87934525a5
16,SPI000016,21,5,Evergreen SafetyPpeItem 16,17,1,1,1,2026-08-24T00:00:00.000,2018-01-01T00:00:00.000,9999-12-31T00:00:00.000,1,8bd76486643e5882afae87f9340a21a28bd76486643e5882afae87f9340a21a2
17,SPI000017,54,2,Willow SafetyPpeItem 17,18,1,1,1,2026-08-24T00:00:00.000,2018-01-01T00:00:00.000,9999-12-31T00:00:00.000,1,a637d3ed143f5f35a7330e21dd4dfac3a637d3ed143f5f35a7330e21dd4dfac3
18,SPI000018,62,2,Quartz SafetyPpeItem 18,19,1,1,1,2026-08-24T00:00:00.000,2018-01-01T00:00:00.000,9999-12-31T00:00:00.000,1,2d7d098bee555783acedd09a90c978ac2d7d098bee555783acedd09a90c978ac
19,SPI000019,62,4,Titan SafetyPpeItem 19,20,1,1,1,2026-08-24T00:00:00.000,2018-01-01T00:00:00.000,9999-12-31T00:00:00.000,1,1c779262b251567d86018b6fb32e16e41c779262b251567d86018b6fb32e16e4
20,SPI000020,15,2,Titan SafetyPpeItem 20,21,0,1,1,2026-08-24T00:00:00.000,2018-01-01T00:00:00.000,9999-12-31T00:00:00.000,1,a9428d6a17e85e2484b6dccb47ec0a2ca9428d6a17e85e2484b6dccb47ec0a2c
21,SPI000021,61,4,Summit SafetyPpeItem 21,22,1,1,1,2026-08-24T00:00:00.000,2018-01-01T00:00:00.000,9999-12-31T00:00:00.000,1,9a369126b7945cf2b50037bbd9b2b2a79a369126b7945cf2b50037bbd9b2b2a7
22,SPI000022,14,2,Unity SafetyPpeItem 22,23,1,1,1,2026-08-24T00:00:00.000,2018-01-01T00:00:00.000,9999-12-31T00:00:00.000,1,4aa6667ff98d5d8db4108650de5c839f4aa6667ff98d5d8db4108650de5c839f
23,SPI000023,1,1,Harbor SafetyPpeItem 23,24,1,1,1,2026-08-24T00:00:00.000,2018-01-01T00:00:00.000,9999-12-31T00:00:00.000,1,6b0fd0befbb75eefb4506e1b0d78a1386b0fd0befbb75eefb4506e1b0d78a138
24,SPI000024,40,3,Atlas SafetyPpeItem 24,25,1,1,1,2026-08-24T00:00:00.000,2018-01-01T00:00:00.000,9999-12-31T00:00:00.000,1,88466c526d5b51f4a47f96d2c7ad72b488466c526d5b51f4a47f96d2c7ad72b4
25,SPI000025,39,1,Meridian SafetyPpeItem 25,26,0,1,1,2026-08-24T00:00:00.000,2018-01-01T00:00:00.000,9999-12-31T00:00:00.000,1,60f8bf2452dd5027a0a4ea8912d6178960f8bf2452dd5027a0a4ea8912d61789
26,SPI000026,46,1,Cedar SafetyPpeItem 26,27,1,1,1,2026-08-24T00:00:00.000,2018-01-01T00:00:00.000,9999-12-31T00:00:00.000,1,176115d769f0569cbfeed697c0a258e7176115d769f0569cbfeed697c0a258e7
27,SPI000027,2,4,Harbor SafetyPpeItem 27,28,1,1,1,2026-08-24T00:00:00.000,2018-01-01T00:00:00.000,9999-12-31T00:00:00.000,1,fc5057ca7da951c0bf4b6cceb1140661fc5057ca7da951c0bf4b6cceb1140661
28,SPI000028,48,5,Forge SafetyPpeItem 28,1,1,1,1,2026-08-24T00:00:00.000,2018-01-01T00:00:00.000,9999-12-31T00:00:00.000,1,3689031eb2d35220a17a80bf737e14c23689031eb2d35220a17a80bf737e14c2
29,SPI000029,23,3,Willow SafetyPpeItem 29,2,1,1,1,2026-08-24T00:00:00.000,2018-01-01T00:00:00.000,9999-12-31T00:00:00.000,1,137d873b6ca752a2ab3b51f5671fc3b7137d873b6ca752a2ab3b51f5671fc3b7
30,SPI000030,13,7,Zenith SafetyPpeItem 30,3,0,1,1,2026-08-24T00:00:00.000,2018-01-01T00:00:00.000,9999-12-31T00:00:00.000,1,204188a3a754537090f58a7bdb9a651b204188a3a754537090f58a7bdb9a651b
31,SPI000031,18,7,Granite SafetyPpeItem 31,4,1,1,1,2026-08-24T00:00:00.000,2018-01-01T00:00:00.000,9999-12-31T00:00:00.000,1,49acef26fcc4538cb10d828d9f01adc549acef26fcc4538cb10d828d9f01adc5
32,SPI000032,24,5,Ion SafetyPpeItem 32,5,1,1,1,2026-08-24T00:00:00.000,2018-01-01T00:00:00.000,9999-12-31T00:00:00.000,1,189bed992f755adea9288ac1512f34ef189bed992f755adea9288ac1512f34ef
33,SPI000033,3,3,Ion SafetyPpeItem 33,6,1,1,1,2026-08-24T00:00:00.000,2018-01-01T00:00:00.000,9999-12-31T00:00:00.000,1,82383bd4b085560eb43e1c2740b474af82383bd4b085560eb43e1c2740b474af
34,SPI000034,27,4,Vertex SafetyPpeItem 34,7,1,1,1,2026-08-24T00:00:00.000,2018-01-01T00:00:00.000,9999-12-31T00:00:00.000,1,3631b6cb465c5fc490871df5d044ef533631b6cb465c5fc490871df5d044ef53
35,SPI000035,15,7,Northstar SafetyPpeItem 35,8,0,1,1,2026-08-24T00:00:00.000,2018-01-01T00:00:00.000,9999-12-31T00:00:00.000,1,d724423e822555ea86563b97a9ff9a83d724423e822555ea86563b97a9ff9a83
36,SPI000036,1,3,Meridian SafetyPpeItem 36,9,1,1,1,2026-08-24T00:00:00.000,2018-01-01T00:00:00.000,9999-12-31T00:00:00.000,1,8ff1fe37dfbe52669d7555a8dd35bfe58ff1fe37dfbe52669d7555a8dd35bfe5
37,SPI000037,18,4,Vertex SafetyPpeItem 37,10,1,1,1,2026-08-24T00:00:00.000,2018-01-01T00:00:00.000,9999-12-31T00:00:00.000,1,b2e79999c13b5278bac47e581d21f306b2e79999c13b5278bac47e581d21f306
38,SPI000038,28,3,Vertex SafetyPpeItem 38,11,1,1,1,2026-08-24T00:00:00.000,2018-01-01T00:00:00.000,9999-12-31T00:00:00.000,1,021b741d61ec56738840aea6af33452d021b741d61ec56738840aea6af33452d
39,SPI000039,7,1,Evergreen SafetyPpeItem 39,12,1,1,1,2026-08-24T00:00:00.000,2018-01-01T00:00:00.000,9999-12-31T00:00:00.000,1,784c0afa4b885e7598d4ee47b4e3709b784c0afa4b885e7598d4ee47b4e3709b
40,SPI000040,38,6,Harbor SafetyPpeItem 40,13,0,1,1,2026-08-24T00:00:00.000,2018-01-01T00:00:00.000,9999-12-31T00:00:00.000,1,4165f4e633e05bd58e1b9e936060d1594165f4e633e05bd58e1b9e936060d159
41,SPI000041,13,6,Ion SafetyPpeItem 41,14,1,1,1,2026-08-24T00:00:00.000,2018-01-01T00:00:00.000,9999-12-31T00:00:00.000,1,04f0581b31e457d48f369b15ccf5b6be04f0581b31e457d48f369b15ccf5b6be
42,SPI000042,23,4,Unity SafetyPpeItem 42,15,1,1,1,2026-08-24T00:00:00.000,2018-01-01T00:00:00.000,9999-12-31T00:00:00.000,1,2f443373e7415b728bf65acc8de9163d2f443373e7415b728bf65acc8de9163d
43,SPI000043,27,5,Beacon SafetyPpeItem 43,16,1,1,1,2026-08-24T00:00:00.000,2018-01-01T00:00:00.000,9999-12-31T00:00:00.000,1,7b31957b4ba0534d804932071609d2017b31957b4ba0534d804932071609d201
44,SPI000044,66,6,Forge SafetyPpeItem 44,17,1,1,1,2026-08-24T00:00:00.000,2018-01-01T00:00:00.000,9999-12-31T00:00:00.000,1,7e3975d3a9e3510fbc4aa32b69ba6d7f7e3975d3a9e3510fbc4aa32b69ba6d7f
45,SPI000045,20,5,Summit SafetyPpeItem 45,18,0,1,1,2026-08-24T00:00:00.000,2018-01-01T00:00:00.000,9999-12-31T00:00:00.000,1,d07f42b6235c531bbf90e47038b27f40d07f42b6235c531bbf90e47038b27f40
46,SPI000046,1,2,Ion SafetyPpeItem 46,19,1,1,1,2026-08-24T00:00:00.000,2018-01-01T00:00:00.000,9999-12-31T00:00:00.000,1,a311479fa9025ffdb57fef0608327647a311479fa9025ffdb57fef0608327647
47,SPI000047,52,1,Riverton SafetyPpeItem 47,20,1,1,1,2026-08-24T00:00:00.000,2018-01-01T00:00:00.000,9999-12-31T00:00:00.000,1,9d15270040415a04a65332afa507347b9d15270040415a04a65332afa507347b
48,SPI000048,67,7,Orion SafetyPpeItem 48,21,1,1,1,2026-08-24T00:00:00.000,2018-01-01T00:00:00.000,9999-12-31T00:00:00.000,1,acf1591966ab5518ba65291f4cfc3898acf1591966ab5518ba65291f4cfc3898
49,SPI000049,51,5,Unity SafetyPpeItem 49,22,1,1,1,2026-08-24T00:00:00.000,2018-01-01T00:00:00.000,9999-12-31T00:00:00.000,1,8489ec4788625928aa57be26db4b591b8489ec4788625928aa57be26db4b591b
50,SPI000050,4,1,Harbor SafetyPpeItem 50,23,0,1,1,2026-08-24T00:00:00.000,2018-01-01T00:00:00.000,9999-12-31T00:00:00.000,1,93e2b3e218fe54d59edec9495d6d21c693e2b3e218fe54d59edec9495d6d21c6
51,SPI000051,6,5,Pioneer SafetyPpeItem 51,24,1,1,1,2026-08-24T00:00:00.000,2018-01-01T00:00:00.000,9999-12-31T00:00:00.000,1,9858565f900455f19ffa081fc1681e719858565f900455f19ffa081fc1681e71
52,SPI000052,4,2,Riverton SafetyPpeItem 52,25,1,1,1,2026-08-24T00:00:00.000,2018-01-01T00:00:00.000,9999-12-31T00:00:00.000,1,555da5e66a3e56588e82c5b3ce00b3f8555da5e66a3e56588e82c5b3ce00b3f8
53,SPI000053,30,5,Forge SafetyPpeItem 53,26,1,1,1,2026-08-24T00:00:00.000,2018-01-01T00:00:00.000,9999-12-31T00:00:00.000,1,a2d4304242055aeab624c4df346e0c0da2d4304242055aeab624c4df346e0c0d
54,SPI000054,70,3,Quartz SafetyPpeItem 54,27,1,1,1,2026-08-24T00:00:00.000,2018-01-01T00:00:00.000,9999-12-31T00:00:00.000,1,8ad02f6914695bee89f366170f11f7bf8ad02f6914695bee89f366170f11f7bf
55,SPI000055,25,2,Ion SafetyPpeItem 55,28,0,1,1,2026-08-24T00:00:00.000,2018-01-01T00:00:00.000,9999-12-31T00:00:00.000,1,9b6dce21c16b5f94be97fc96071066039b6dce21c16b5f94be97fc9607106603
56,SPI000056,57,7,Liberty SafetyPpeItem 56,1,1,1,1,2026-08-24T00:00:00.000,2018-01-01T00:00:00.000,9999-12-31T00:00:00.000,1,34ebb56ba837557494fcb8ee161d674934ebb56ba837557494fcb8ee161d6749
57,SPI000057,46,4,Vertex SafetyPpeItem 57,2,1,1,1,2026-08-24T00:00:00.000,2018-01-01T00:00:00.000,9999-12-31T00:00:00.000,1,ca057480abdf5e0aa830de00ac0dc0f3ca057480abdf5e0aa830de00ac0dc0f3
58,SPI000058,43,7,Liberty SafetyPpeItem 58,3,1,1,1,2026-08-24T00:00:00.000,2018-01-01T00:00:00.000,9999-12-31T00:00:00.000,1,0cbe3f0301b1587b8b7dd1a899ed22af0cbe3f0301b1587b8b7dd1a899ed22af
59,SPI000059,29,7,Unity SafetyPpeItem 59,4,1,1,1,2026-08-24T00:00:00.000,2018-01-01T00:00:00.000,9999-12-31T00:00:00.000,1,d281da8fb44257c79b990944add2d5f4d281da8fb44257c79b990944add2d5f4
60,SPI000060,54,2,Meridian SafetyPpeItem 60,5,0,1,1,2026-08-24T00:00:00.000,2018-01-01T00:00:00.000,9999-12-31T00:00:00.000,1,0827543205175a3d8bca84639bcc6f8f0827543205175a3d8bca84639bcc6f8f
61,SPI000061,8,7,Pioneer SafetyPpeItem 61,6,1,1,1,2026-08-24T00:00:00.000,2018-01-01T00:00:00.000,9999-12-31T00:00:00.000,1,a417d49d873e50e4ade3d6ab1deb0df5a417d49d873e50e4ade3d6ab1deb0df5
62,SPI000062,67,7,Atlas SafetyPpeItem 62,7,1,1,1,2026-08-24T00:00:00.000,2018-01-01T00:00:00.000,9999-12-31T00:00:00.000,1,0051412115bb5e13b103b8dee37e836d0051412115bb5e13b103b8dee37e836d
63,SPI000063,12,3,Vertex SafetyPpeItem 63,8,1,1,1,2026-08-24T00:00:00.000,2018-01-01T00:00:00.000,9999-12-31T00:00:00.000,1,fabc882e494259288920cd704e75666dfabc882e494259288920cd704e75666d
64,SPI000064,8,6,Atlas SafetyPpeItem 64,9,1,1,1,2026-08-24T00:00:00.000,2018-01-01T00:00:00.000,9999-12-31T00:00:00.000,1,995462b19fbf5fe496f8fa5ae25b9880995462b19fbf5fe496f8fa5ae25b9880
65,SPI000065,20,4,Meridian SafetyPpeItem 65,10,0,1,1,2026-08-24T00:00:00.000,2018-01-01T00:00:00.000,9999-12-31T00:00:00.000,1,9d9fa31e33725c1d8b7b6cf36b1e5fc29d9fa31e33725c1d8b7b6cf36b1e5fc2
66,SPI000066,67,4,Evergreen SafetyPpeItem 66,11,1,1,1,2026-08-24T00:00:00.000,2018-01-01T00:00:00.000,9999-12-31T00:00:00.000,1,fa9bb51ceb6d574b9c0fb90eac642c3ffa9bb51ceb6d574b9c0fb90eac642c3f
67,SPI000067,56,4,Unity SafetyPpeItem 67,12,1,1,1,2026-08-24T00:00:00.000,2018-01-01T00:00:00.000,9999-12-31T00:00:00.000,1,ad68e48e897d5f5e982a01367e01848aad68e48e897d5f5e982a01367e01848a
68,SPI000068,13,7,Cedar SafetyPpeItem 68,13,1,1,1,2026-08-24T00:00:00.000,2018-01-01T00:00:00.000,9999-12-31T00:00:00.000,1,5fff678d6e235b31a49a910b247969285fff678d6e235b31a49a910b24796928
69,SPI000069,1,6,Keystone SafetyPpeItem 69,14,1,1,1,2026-08-24T00:00:00.000,2018-01-01T00:00:00.000,9999-12-31T00:00:00.000,1,ee56ee9c122a5c0e88c43df4fc6d3f8aee56ee9c122a5c0e88c43df4fc6d3f8a
70,SPI000070,72,7,Northstar SafetyPpeItem 70,15,0,1,1,2026-08-24T00:00:00.000,2018-01-01T00:00:00.000,9999-12-31T00:00:00.000,1,3fba85367e4c524c86e52fe5b31c63143fba85367e4c524c86e52fe5b31c6314
71,SPI000071,60,2,Cedar SafetyPpeItem 71,16,1,1,1,2026-08-24T00:00:00.000,2018-01-01T00:00:00.000,9999-12-31T00:00:00.000,1,30a34face0335de7980d030ce662e86f30a34face0335de7980d030ce662e86f
72,SPI000072,20,4,Pioneer SafetyPpeItem 72,17,1,1,1,2026-08-24T00:00:00.000,2018-01-01T00:00:00.000,9999-12-31T00:00:00.000,1,1636695a8be352a1846d8c9660dc34441636695a8be352a1846d8c9660dc3444
73,SPI000073,2,3,Vertex SafetyPpeItem 73,18,1,1,1,2026-08-24T00:00:00.000,2018-01-01T00:00:00.000,9999-12-31T00:00:00.000,1,0e9931938ce151c689b38a5b5fddb0360e9931938ce151c689b38a5b5fddb036
74,SPI000074,11,3,Quartz SafetyPpeItem 74,19,1,1,1,2026-08-24T00:00:00.000,2018-01-01T00:00:00.000,9999-12-31T00:00:00.000,1,940e4b34e6e75311a7d6855ff3b275b4940e4b34e6e75311a7d6855ff3b275b4
75,SPI000075,72,4,Liberty SafetyPpeItem 75,20,0,1,1,2026-08-24T00:00:00.000,2018-01-01T00:00:00.000,9999-12-31T00:00:00.000,1,efb44a9d7c8c58f38ad70fea51712253efb44a9d7c8c58f38ad70fea51712253
76,SPI000076,2,5,Granite SafetyPpeItem 76,21,1,1,1,2026-08-24T00:00:00.000,2018-01-01T00:00:00.000,9999-12-31T00:00:00.000,1,df1e957b275e5d92aa604166a09cc193df1e957b275e5d92aa604166a09cc193
77,SPI000077,72,6,Junction SafetyPpeItem 77,22,1,1,1,2026-08-24T00:00:00.000,2018-01-01T00:00:00.000,9999-12-31T00:00:00.000,1,800eaecceafe55f587f20b87fdbaf8c9800eaecceafe55f587f20b87fdbaf8c9
78,SPI000078,57,4,Junction SafetyPpeItem 78,23,1,1,1,2026-08-24T00:00:00.000,2018-01-01T00:00:00.000,9999-12-31T00:00:00.000,1,fcf251b118b15deaaa80b09fb9bb3b86fcf251b118b15deaaa80b09fb9bb3b86
79,SPI000079,52,4,Beacon SafetyPpeItem 79,24,1,1,1,2026-08-24T00:00:00.000,2018-01-01T00:00:00.000,9999-12-31T00:00:00.000,1,c85f59ab876f5f6f8c679318c1eb547fc85f59ab876f5f6f8c679318c1eb547f
80,SPI000080,56,4,Willow SafetyPpeItem 80,25,0,1,1,2026-08-24T00:00:00.000,2018-01-01T00:00:00.000,9999-12-31T00:00:00.000,1,823608c858c55fd4bd9e0a6af55f618e823608c858c55fd4bd9e0a6af55f618e
81,SPI000081,37,1,Ion SafetyPpeItem 81,26,1,1,1,2026-08-24T00:00:00.000,2018-01-01T00:00:00.000,9999-12-31T00:00:00.000,1,fdef9a9497e25c1080b498e32ff74df5fdef9a9497e25c1080b498e32ff74df5
82,SPI000082,68,6,Liberty SafetyPpeItem 82,27,1,1,1,2026-08-24T00:00:00.000,2018-01-01T00:00:00.000,9999-12-31T00:00:00.000,1,9daa3c96e7eb5babaa01095490d6415b9daa3c96e7eb5babaa01095490d6415b
83,SPI000083,32,4,Northstar SafetyPpeItem 83,28,1,1,1,2026-08-24T00:00:00.000,2018-01-01T00:00:00.000,9999-12-31T00:00:00.000,1,938143a490de59d7a16a92721919d248938143a490de59d7a16a92721919d248
84,SPI000084,22,2,Junction SafetyPpeItem 84,1,1,1,1,2026-08-24T00:00:00.000,2018-01-01T00:00:00.000,9999-12-31T00:00:00.000,1,67ad104a70ed5393907611fb72f6348467ad104a70ed5393907611fb72f63484
85,SPI000085,26,4,Cedar SafetyPpeItem 85,2,0,1,1,2026-08-24T00:00:00.000,2018-01-01T00:00:00.000,9999-12-31T00:00:00.000,1,b9f65388dae352d6b3147bd02feead72b9f65388dae352d6b3147bd02feead72
86,SPI000086,10,3,Granite SafetyPpeItem 86,3,1,1,1,2026-08-24T00:00:00.000,2018-01-01T00:00:00.000,9999-12-31T00:00:00.000,1,a2e552ff71c5595c8b6904cfa1a3e104a2e552ff71c5595c8b6904cfa1a3e104
87,SPI000087,22,5,Titan SafetyPpeItem 87,4,1,1,1,2026-08-24T00:00:00.000,2018-01-01T00:00:00.000,9999-12-31T00:00:00.000,1,f8e89610c3c05a759daac8672d837a3af8e89610c3c05a759daac8672d837a3a
88,SPI000088,11,4,Granite SafetyPpeItem 88,5,1,1,1,2026-08-24T00:00:00.000,2018-01-01T00:00:00.000,9999-12-31T00:00:00.000,1,61a903aa5ac351159b83167f6f8d201261a903aa5ac351159b83167f6f8d2012
89,SPI000089,8,3,Pioneer SafetyPpeItem 89,6,1,1,1,2026-08-24T00:00:00.000,2018-01-01T00:00:00.000,9999-12-31T00:00:00.000,1,bd5d439b5b6853b28d48589b98cfdf0ebd5d439b5b6853b28d48589b98cfdf0e
90,SPI000090,4,1,Willow SafetyPpeItem 90,7,0,1,1,2026-08-24T00:00:00.000,2018-01-01T00:00:00.000,9999-12-31T00:00:00.000,1,47147332776b506d88dc8bcb1d6f748c47147332776b506d88dc8bcb1d6f748c
91,SPI000091,60,6,Atlas SafetyPpeItem 91,8,1,1,1,2026-08-24T00:00:00.000,2018-01-01T00:00:00.000,9999-12-31T00:00:00.000,1,7dfaace47e8a5387869ade7b02b9b2d57dfaace47e8a5387869ade7b02b9b2d5
92,SPI000092,15,2,Ion SafetyPpeItem 92,9,1,1,1,2026-08-24T00:00:00.000,2018-01-01T00:00:00.000,9999-12-31T00:00:00.000,1,721777cd6aa85ba0a495688d0a7fbc07721777cd6aa85ba0a495688d0a7fbc07
93,SPI000093,58,6,Cedar SafetyPpeItem 93,10,1,1,1,2026-08-24T00:00:00.000,2018-01-01T00:00:00.000,9999-12-31T00:00:00.000,1,137054b7d429532facd6a5a11054f368137054b7d429532facd6a5a11054f368
94,SPI000094,56,3,Quartz SafetyPpeItem 94,11,1,1,1,2026-08-24T00:00:00.000,2018-01-01T00:00:00.000,9999-12-31T00:00:00.000,1,f93d715634b153c192cdbb045b1aa96af93d715634b153c192cdbb045b1aa96a
95,SPI000095,52,1,Summit SafetyPpeItem 95,12,0,1,1,2026-08-24T00:00:00.000,2018-01-01T00:00:00.000,9999-12-31T00:00:00.000,1,cd263aa7fe4359b3a26006b1cd92966bcd263aa7fe4359b3a26006b1cd92966b
96,SPI000096,40,4,Unity SafetyPpeItem 96,13,1,1,1,2026-08-24T00:00:00.000,2018-01-01T00:00:00.000,9999-12-31T00:00:00.000,1,45ce7ca5dab056f3a55f076270487aad45ce7ca5dab056f3a55f076270487aad
97,SPI000097,17,2,Forge SafetyPpeItem 97,14,1,1,1,2026-08-24T00:00:00.000,2018-01-01T00:00:00.000,9999-12-31T00:00:00.000,1,1e60548fb7c05aba893940d7a2a09a381e60548fb7c05aba893940d7a2a09a38
98,SPI000098,15,4,Cedar SafetyPpeItem 98,15,1,1,1,2026-08-24T00:00:00.000,2018-01-01T00:00:00.000,9999-12-31T00:00:00.000,1,76dbf57480005665989551a77b55907f76dbf57480005665989551a77b55907f
99,SPI000099,36,7,Unity SafetyPpeItem 99,16,1,1,1,2026-08-24T00:00:00.000,2018-01-01T00:00:00.000,9999-12-31T00:00:00.000,1,bef9aac311495e7c86bca5fb697f7d1dbef9aac311495e7c86bca5fb697f7d1d
100,SPI000100,61,2,Forge SafetyPpeItem 100,17,0,1,1,2026-08-24T00:00:00.000,2018-01-01T00:00:00.000,9999-12-31T00:00:00.000,1,c2c3f5bcf77a5754953f107c59979196c2c3f5bcf77a5754953f107c59979196
101,SPI000101,18,3,Unity SafetyPpeItem 101,18,1,1,1,2026-08-24T00:00:00.000,2018-01-01T00:00:00.000,9999-12-31T00:00:00.000,1,736f4381b4365fb0accb93030e1bfb4e736f4381b4365fb0accb93030e1bfb4e
102,SPI000102,6,4,Willow SafetyPpeItem 102,19,1,1,1,2026-08-24T00:00:00.000,2018-01-01T00:00:00.000,9999-12-31T00:00:00.000,1,7b9129a39d7c52f6b5c32e3abfb500de7b9129a39d7c52f6b5c32e3abfb500de
103,SPI000103,13,6,Titan SafetyPpeItem 103,20,1,1,1,2026-08-24T00:00:00.000,2018-01-01T00:00:00.000,9999-12-31T00:00:00.000,1,2e7150bc4150587ca68fa787e8a642ae2e7150bc4150587ca68fa787e8a642ae
104,SPI000104,28,4,Forge SafetyPpeItem 104,21,1,1,1,2026-08-24T00:00:00.000,2018-01-01T00:00:00.000,9999-12-31T00:00:00.000,1,f5fc52bef288566fa32805c8b984056ef5fc52bef288566fa32805c8b984056e
105,SPI000105,45,2,Northstar SafetyPpeItem 105,22,0,1,1,2026-08-24T00:00:00.000,2018-01-01T00:00:00.000,9999-12-31T00:00:00.000,1,0e9e6d87f92d54c597918816e32c75720e9e6d87f92d54c597918816e32c7572
106,SPI000106,9,7,Summit SafetyPpeItem 106,23,1,1,1,2026-08-24T00:00:00.000,2018-01-01T00:00:00.000,9999-12-31T00:00:00.000,1,c15f3483616a5aaca4228ba619898246c15f3483616a5aaca4228ba619898246
107,SPI000107,3,1,Keystone SafetyPpeItem 107,24,1,1,1,2026-08-24T00:00:00.000,2018-01-01T00:00:00.000,9999-12-31T00:00:00.000,1,4f4e44032b0357fa8ca3a7f8364210a74f4e44032b0357fa8ca3a7f8364210a7
108,SPI000108,28,6,Titan SafetyPpeItem 108,25,1,1,1,2026-08-24T00:00:00.000,2018-01-01T00:00:00.000,9999-12-31T00:00:00.000,1,c0ba37673ea55cf899f3d3f304a2d89dc0ba37673ea55cf899f3d3f304a2d89d
109,SPI000109,11,6,Riverton SafetyPpeItem 109,26,1,1,1,2026-08-24T00:00:00.000,2018-01-01T00:00:00.000,9999-12-31T00:00:00.000,1,6d4c8c6ae4f852018729fde0422219c56d4c8c6ae4f852018729fde0422219c5
110,SPI000110,68,5,Beacon SafetyPpeItem 110,27,0,1,1,2026-08-24T00:00:00.000,2018-01-01T00:00:00.000,9999-12-31T00:00:00.000,1,ceb6a857c3565cf080eb2a2b9a4f750fceb6a857c3565cf080eb2a2b9a4f750f
111,SPI000111,4,5,Evergreen SafetyPpeItem 111,28,1,1,1,2026-08-24T00:00:00.000,2018-01-01T00:00:00.000,9999-12-31T00:00:00.000,1,93e88efad4be51b49fb705d3ae51beb593e88efad4be51b49fb705d3ae51beb5
112,SPI000112,67,4,Forge SafetyPpeItem 112,1,1,1,1,2026-08-24T00:00:00.000,2018-01-01T00:00:00.000,9999-12-31T00:00:00.000,1,79251004aee254dbb49ac2025b79a64279251004aee254dbb49ac2025b79a642
113,SPI000113,40,4,Orion SafetyPpeItem 113,2,1,1,1,2026-08-24T00:00:00.000,2018-01-01T00:00:00.000,9999-12-31T00:00:00.000,1,de1cf63a5b255849970b42dc10552937de1cf63a5b255849970b42dc10552937
114,SPI000114,44,4,Evergreen SafetyPpeItem 114,3,1,1,1,2026-08-24T00:00:00.000,2018-01-01T00:00:00.000,9999-12-31T00:00:00.000,1,35ebf27b192d5644953471879d289c2b35ebf27b192d5644953471879d289c2b
115,SPI000115,37,6,Willow SafetyPpeItem 115,4,0,1,1,2026-08-24T00:00:00.000,2018-01-01T00:00:00.000,9999-12-31T00:00:00.000,1,a66a101da52b50e08663bb8e230b5915a66a101da52b50e08663bb8e230b5915
116,SPI000116,70,3,Granite SafetyPpeItem 116,5,1,1,1,2026-08-24T00:00:00.000,2018-01-01T00:00:00.000,9999-12-31T00:00:00.000,1,92a333e9c2a0567bb3f0ee98c294dad292a333e9c2a0567bb3f0ee98c294dad2
117,SPI000117,20,3,Zenith SafetyPpeItem 117,6,1,1,1,2026-08-24T00:00:00.000,2018-01-01T00:00:00.000,9999-12-31T00:00:00.000,1,7e73f32b7e2958a58776de2dba2b7cdf7e73f32b7e2958a58776de2dba2b7cdf
118,SPI000118,32,6,Unity SafetyPpeItem 118,7,1,1,1,2026-08-24T00:00:00.000,2018-01-01T00:00:00.000,9999-12-31T00:00:00.000,1,e195e97a4ec65aae964a50be83eae6e7e195e97a4ec65aae964a50be83eae6e7
119,SPI000119,51,2,Atlas SafetyPpeItem 119,8,1,1,1,2026-08-24T00:00:00.000,2018-01-01T00:00:00.000,9999-12-31T00:00:00.000,1,0b0e9aff97d8505499803c71a10d37a30b0e9aff97d8505499803c71a10d37a3
120,SPI000120,10,6,Delta SafetyPpeItem 120,9,0,1,1,2026-08-24T00:00:00.000,2018-01-01T00:00:00.000,9999-12-31T00:00:00.000,1,ec6bbeb958fc5e0590372d0c5c7da8e7ec6bbeb958fc5e0590372d0c5c7da8e7
121,SPI000121,23,7,Granite SafetyPpeItem 121,10,1,1,1,2026-08-24T00:00:00.000,2018-01-01T00:00:00.000,9999-12-31T00:00:00.000,1,2b832f9b30fa5397ac7f12b7690123492b832f9b30fa5397ac7f12b769012349
122,SPI000122,5,7,Cedar SafetyPpeItem 122,11,1,1,1,2026-08-24T00:00:00.000,2018-01-01T00:00:00.000,9999-12-31T00:00:00.000,1,a274c6a96d8a5fc0809511a1d060f583a274c6a96d8a5fc0809511a1d060f583
123,SPI000123,44,6,Granite SafetyPpeItem 123,12,1,1,1,2026-08-24T00:00:00.000,2018-01-01T00:00:00.000,9999-12-31T00:00:00.000,1,60fb02368dfb513fade20c0b22d39ec460fb02368dfb513fade20c0b22d39ec4
124,SPI000124,67,7,Junction SafetyPpeItem 124,13,1,1,1,2026-08-24T00:00:00.000,2018-01-01T00:00:00.000,9999-12-31T00:00:00.000,1,fe83650cc2835a3eb71ae92701a95c1afe83650cc2835a3eb71ae92701a95c1a
125,SPI000125,71,4,Summit SafetyPpeItem 125,14,0,1,1,2026-08-24T00:00:00.000,2018-01-01T00:00:00.000,9999-12-31T00:00:00.000,1,164a3d6567b754c1bf58acb2466e1343164a3d6567b754c1bf58acb2466e1343
126,SPI000126,24,3,Unity SafetyPpeItem 126,15,1,1,1,2026-08-24T00:00:00.000,2018-01-01T00:00:00.000,9999-12-31T00:00:00.000,1,65b44d52c95d50f78ef8b857576eae6465b44d52c95d50f78ef8b857576eae64
127,SPI000127,65,2,Granite SafetyPpeItem 127,16,1,1,1,2026-08-24T00:00:00.000,2018-01-01T00:00:00.000,9999-12-31T00:00:00.000,1,96e2b7ecb3415152bf7923ce02c0c74996e2b7ecb3415152bf7923ce02c0c749
128,SPI000128,25,1,Ion SafetyPpeItem 128,17,1,1,1,2026-08-24T00:00:00.000,2018-01-01T00:00:00.000,9999-12-31T00:00:00.000,1,325a71d2fa355268b8fdaa7b17ef0ea2325a71d2fa355268b8fdaa7b17ef0ea2
129,SPI000129,30,7,Meridian SafetyPpeItem 129,18,1,1,1,2026-08-24T00:00:00.000,2018-01-01T00:00:00.000,9999-12-31T00:00:00.000,1,cf2d0de051b756ec8ba672f2dfa0fe04cf2d0de051b756ec8ba672f2dfa0fe04
130,SPI000130,20,5,Vertex SafetyPpeItem 130,19,0,1,1,2026-08-24T00:00:00.000,2018-01-01T00:00:00.000,9999-12-31T00:00:00.000,1,dac205a793f359e287892c2216a47323dac205a793f359e287892c2216a47323
131,SPI000131,51,3,Meridian SafetyPpeItem 131,20,1,1,1,2026-08-24T00:00:00.000,2018-01-01T00:00:00.000,9999-12-31T00:00:00.000,1,2176ce4b202153ffae40fc5d20a804f42176ce4b202153ffae40fc5d20a804f4
132,SPI000132,70,1,Granite SafetyPpeItem 132,21,1,1,1,2026-08-24T00:00:00.000,2018-01-01T00:00:00.000,9999-12-31T00:00:00.000,1,f918112efeb35aa6a92eac99c14f6eadf918112efeb35aa6a92eac99c14f6ead
133,SPI000133,66,6,Meridian SafetyPpeItem 133,22,1,1,1,2026-08-24T00:00:00.000,2018-01-01T00:00:00.000,9999-12-31T00:00:00.000,1,d1bc043d9e8054298635c487eae2d512d1bc043d9e8054298635c487eae2d512
134,SPI000134,55,5,Atlas SafetyPpeItem 134,23,1,1,1,2026-08-24T00:00:00.000,2018-01-01T00:00:00.000,9999-12-31T00:00:00.000,1,c8d85f4f5c7757c8a556717a049cba44c8d85f4f5c7757c8a556717a049cba44
135,SPI000135,52,1,Riverton SafetyPpeItem 135,24,0,1,1,2026-08-24T00:00:00.000,2018-01-01T00:00:00.000,9999-12-31T00:00:00.000,1,7dde063d1b8e51c5bb9a58a9952680f87dde063d1b8e51c5bb9a58a9952680f8
136,SPI000136,71,6,Titan SafetyPpeItem 136,25,1,1,1,2026-08-24T00:00:00.000,2018-01-01T00:00:00.000,9999-12-31T00:00:00.000,1,504b503162975d0ca3ad4e7a0fcf70ae504b503162975d0ca3ad4e7a0fcf70ae
137,SPI000137,44,2,Granite SafetyPpeItem 137,26,1,1,1,2026-08-24T00:00:00.000,2018-01-01T00:00:00.000,9999-12-31T00:00:00.000,1,a494cd5144975379aa7466dd1d140fd5a494cd5144975379aa7466dd1d140fd5
138,SPI000138,70,3,Atlas SafetyPpeItem 138,27,1,1,1,2026-08-24T00:00:00.000,2018-01-01T00:00:00.000,9999-12-31T00:00:00.000,1,45df214c0d1c57f0aaf9486d9058d4be45df214c0d1c57f0aaf9486d9058d4be
139,SPI000139,39,5,Delta SafetyPpeItem 139,28,1,1,1,2026-08-24T00:00:00.000,2018-01-01T00:00:00.000,9999-12-31T00:00:00.000,1,f3f719f745e7541b9a35fec9fa27e514f3f719f745e7541b9a35fec9fa27e514
140,SPI000140,22,1,Meridian SafetyPpeItem 140,1,0,1,1,2026-08-24T00:00:00.000,2018-01-01T00:00:00.000,9999-12-31T00:00:00.000,1,5b95dcec94d1593e913b8044bb5f0e6b5b95dcec94d1593e913b8044bb5f0e6b
141,SPI000141,19,6,Granite SafetyPpeItem 141,2,1,1,1,2026-08-24T00:00:00.000,2018-01-01T00:00:00.000,9999-12-31T00:00:00.000,1,34a5cab84b5e5af08a2fdba0b5d2485c34a5cab84b5e5af08a2fdba0b5d2485c
142,SPI000142,71,6,Junction SafetyPpeItem 142,3,1,1,1,2026-08-24T00:00:00.000,2018-01-01T00:00:00.000,9999-12-31T00:00:00.000,1,63a90ba3bc8754498f1c29445f7f087463a90ba3bc8754498f1c29445f7f0874
143,SPI000143,50,7,Summit SafetyPpeItem 143,4,1,1,1,2026-08-24T00:00:00.000,2018-01-01T00:00:00.000,9999-12-31T00:00:00.000,1,55786f58ea725296ab027adf4361b4e655786f58ea725296ab027adf4361b4e6
144,SPI000144,16,6,Summit SafetyPpeItem 144,5,1,1,1,2026-08-24T00:00:00.000,2018-01-01T00:00:00.000,9999-12-31T00:00:00.000,1,69d14949c150576e887f3e51422f845769d14949c150576e887f3e51422f8457
145,SPI000145,51,5,Summit SafetyPpeItem 145,6,0,1,1,2026-08-24T00:00:00.000,2018-01-01T00:00:00.000,9999-12-31T00:00:00.000,1,bb7ddc0415505677b1cfd71e9e97fb8abb7ddc0415505677b1cfd71e9e97fb8a
146,SPI000146,19,4,Liberty SafetyPpeItem 146,7,1,1,1,2026-08-24T00:00:00.000,2018-01-01T00:00:00.000,9999-12-31T00:00:00.000,1,e43dac6416a5524f8a69f85443d49bdfe43dac6416a5524f8a69f85443d49bdf
147,SPI000147,55,5,Junction SafetyPpeItem 147,8,1,1,1,2026-08-24T00:00:00.000,2018-01-01T00:00:00.000,9999-12-31T00:00:00.000,1,475ba744905f563db3d28deecbcd8188475ba744905f563db3d28deecbcd8188
148,SPI000148,30,3,Beacon SafetyPpeItem 148,9,1,1,1,2026-08-24T00:00:00.000,2018-01-01T00:00:00.000,9999-12-31T00:00:00.000,1,a208f3d70b0557e983aca859baef93a4a208f3d70b0557e983aca859baef93a4
149,SPI000149,53,7,Forge SafetyPpeItem 149,10,1,1,1,2026-08-24T00:00:00.000,2018-01-01T00:00:00.000,9999-12-31T00:00:00.000,1,f50c8129a14b54aaa183a39f9f156eb1f50c8129a14b54aaa183a39f9f156eb1
150,SPI000150,8,6,Pioneer SafetyPpeItem 150,11,0,1,1,2026-08-24T00:00:00.000,2018-01-01T00:00:00.000,9999-12-31T00:00:00.000,1,a4b93cdb215b53cabcd3628f288daea3a4b93cdb215b53cabcd3628f288daea3
151,SPI000151,19,4,Atlas SafetyPpeItem 151,12,1,1,1,2026-08-24T00:00:00.000,2018-01-01T00:00:00.000,9999-12-31T00:00:00.000,1,d641069abcfe5b14b0be6360e93c9045d641069abcfe5b14b0be6360e93c9045
152,SPI000152,63,6,Beacon SafetyPpeItem 152,13,1,1,1,2026-08-24T00:00:00.000,2018-01-01T00:00:00.000,9999-12-31T00:00:00.000,1,7c2d46c305165f0ba8488d472a548f6b7c2d46c305165f0ba8488d472a548f6b
153,SPI000153,10,1,Granite SafetyPpeItem 153,14,1,1,1,2026-08-24T00:00:00.000,2018-01-01T00:00:00.000,9999-12-31T00:00:00.000,1,8566499b42ac5fde814d77e3b18d96318566499b42ac5fde814d77e3b18d9631
154,SPI000154,14,6,Quartz SafetyPpeItem 154,15,1,1,1,2026-08-24T00:00:00.000,2018-01-01T00:00:00.000,9999-12-31T00:00:00.000,1,1eb6d0f2faa452c69fc8bd2e211e01011eb6d0f2faa452c69fc8bd2e211e0101
155,SPI000155,14,7,Pioneer SafetyPpeItem 155,16,0,1,1,2026-08-24T00:00:00.000,2018-01-01T00:00:00.000,9999-12-31T00:00:00.000,1,357dc4f232265832a328634a0ac6ace4357dc4f232265832a328634a0ac6ace4
156,SPI000156,27,3,Meridian SafetyPpeItem 156,17,1,1,1,2026-08-24T00:00:00.000,2018-01-01T00:00:00.000,9999-12-31T00:00:00.000,1,9395e0bc252a5bd1848bbc72c6d1c1259395e0bc252a5bd1848bbc72c6d1c125
157,SPI000157,56,7,Riverton SafetyPpeItem 157,18,1,1,1,2026-08-24T00:00:00.000,2018-01-01T00:00:00.000,9999-12-31T00:00:00.000,1,e76fc62712b05336aaf5a2b31473717ee76fc62712b05336aaf5a2b31473717e
158,SPI000158,67,4,Unity SafetyPpeItem 158,19,1,1,1,2026-08-24T00:00:00.000,2018-01-01T00:00:00.000,9999-12-31T00:00:00.000,1,1ba0e5017ae9512195058c6a56f564f51ba0e5017ae9512195058c6a56f564f5
159,SPI000159,38,3,Zenith SafetyPpeItem 159,20,1,1,1,2026-08-24T00:00:00.000,2018-01-01T00:00:00.000,9999-12-31T00:00:00.000,1,689b8d070bf751878cebfe935e90c8d1689b8d070bf751878cebfe935e90c8d1
160,SPI000160,64,6,Ion SafetyPpeItem 160,21,0,1,1,2026-08-24T00:00:00.000,2018-01-01T00:00:00.000,9999-12-31T00:00:00.000,1,e85954de60625051b6ec734f918ee763e85954de60625051b6ec734f918ee763
161,SPI000161,58,5,Forge SafetyPpeItem 161,22,1,1,1,2026-08-24T00:00:00.000,2018-01-01T00:00:00.000,9999-12-31T00:00:00.000,1,fa00f5ef71275d47abc212abd53d9ce0fa00f5ef71275d47abc212abd53d9ce0
162,SPI000162,58,7,Ion SafetyPpeItem 162,23,1,1,1,2026-08-24T00:00:00.000,2018-01-01T00:00:00.000,9999-12-31T00:00:00.000,1,5b39f0204b8653fa89e104ddef934ead5b39f0204b8653fa89e104ddef934ead
163,SPI000163,57,1,Keystone SafetyPpeItem 163,24,1,1,1,2026-08-24T00:00:00.000,2018-01-01T00:00:00.000,9999-12-31T00:00:00.000,1,f8838dcc1f9c5ac5bc33ca01a11418baf8838dcc1f9c5ac5bc33ca01a11418ba
164,SPI000164,21,5,Willow SafetyPpeItem 164,25,1,1,1,2026-08-24T00:00:00.000,2018-01-01T00:00:00.000,9999-12-31T00:00:00.000,1,63de9d289cad582fab2e94c98d176f3963de9d289cad582fab2e94c98d176f39
165,SPI000165,7,2,Liberty SafetyPpeItem 165,26,0,1,1,2026-08-24T00:00:00.000,2018-01-01T00:00:00.000,9999-12-31T00:00:00.000,1,971b950ee0a05866a8d700b57c3f72a6971b950ee0a05866a8d700b57c3f72a6
166,SPI000166,9,2,Orion SafetyPpeItem 166,27,1,1,1,2026-08-24T00:00:00.000,2018-01-01T00:00:00.000,9999-12-31T00:00:00.000,1,14afa59ad2e354d3a0ed72b4582a6e0214afa59ad2e354d3a0ed72b4582a6e02
167,SPI000167,33,4,Meridian SafetyPpeItem 167,28,1,1,1,2026-08-24T00:00:00.000,2018-01-01T00:00:00.000,9999-12-31T00:00:00.000,1,1d616694b9ba59cd90d4905904450c5e1d616694b9ba59cd90d4905904450c5e
168,SPI000168,4,6,Meridian SafetyPpeItem 168,1,1,1,1,2026-08-24T00:00:00.000,2018-01-01T00:00:00.000,9999-12-31T00:00:00.000,1,74d16852cf4055ab91340e2bfb9d04e074d16852cf4055ab91340e2bfb9d04e0
169,SPI000169,6,5,Liberty SafetyPpeItem 169,2,1,1,1,2026-08-24T00:00:00.000,2018-01-01T00:00:00.000,9999-12-31T00:00:00.000,1,51ea071ef98257a99a647c8dd063f63051ea071ef98257a99a647c8dd063f630
170,SPI000170,8,2,Riverton SafetyPpeItem 170,3,0,1,1,2026-08-24T00:00:00.000,2018-01-01T00:00:00.000,9999-12-31T00:00:00.000,1,2a672c76e4de50158da9ebef5a93891c2a672c76e4de50158da9ebef5a93891c
171,SPI000171,41,6,Beacon SafetyPpeItem 171,4,1,1,1,2026-08-24T00:00:00.000,2018-01-01T00:00:00.000,9999-12-31T00:00:00.000,1,9c69927236cb5932b919bf2ac52c59a49c69927236cb5932b919bf2ac52c59a4
172,SPI000172,62,6,Granite SafetyPpeItem 172,5,1,1,1,2026-08-24T00:00:00.000,2018-01-01T00:00:00.000,9999-12-31T00:00:00.000,1,28d305846e185927928572132e27a2af28d305846e185927928572132e27a2af
173,SPI000173,62,5,Northstar SafetyPpeItem 173,6,1,1,1,2026-08-24T00:00:00.000,2018-01-01T00:00:00.000,9999-12-31T00:00:00.000,1,4302daa75fae5abeb24c7cfa891648e64302daa75fae5abeb24c7cfa891648e6
174,SPI000174,9,1,Delta SafetyPpeItem 174,7,1,1,1,2026-08-24T00:00:00.000,2018-01-01T00:00:00.000,9999-12-31T00:00:00.000,1,f77175c7423752c7b1419e94c60b0b62f77175c7423752c7b1419e94c60b0b62
175,SPI000175,23,2,Willow SafetyPpeItem 175,8,0,1,1,2026-08-24T00:00:00.000,2018-01-01T00:00:00.000,9999-12-31T00:00:00.000,1,37940c2c6ada54dc974f82026c3ba38137940c2c6ada54dc974f82026c3ba381
176,SPI000176,9,1,Granite SafetyPpeItem 176,9,1,1,1,2026-08-24T00:00:00.000,2018-01-01T00:00:00.000,9999-12-31T00:00:00.000,1,ba1aecf84b635aeaae961068e8efbaf9ba1aecf84b635aeaae961068e8efbaf9
177,SPI000177,38,1,Ion SafetyPpeItem 177,10,1,1,1,2026-08-24T00:00:00.000,2018-01-01T00:00:00.000,9999-12-31T00:00:00.000,1,14f8ea3545c959cba7e9907b70d592e214f8ea3545c959cba7e9907b70d592e2
178,SPI000178,52,5,Zenith SafetyPpeItem 178,11,1,1,1,2026-08-24T00:00:00.000,2018-01-01T00:00:00.000,9999-12-31T00:00:00.000,1,9a44c1fa246853bc90f619dee283fc8b9a44c1fa246853bc90f619dee283fc8b
179,SPI000179,20,1,Summit SafetyPpeItem 179,12,1,1,1,2026-08-24T00:00:00.000,2018-01-01T00:00:00.000,9999-12-31T00:00:00.000,1,a87b6043c90d5a7d93ff253cdc96ff1fa87b6043c90d5a7d93ff253cdc96ff1f
180,SPI000180,36,7,Willow SafetyPpeItem 180,13,0,1,1,2026-08-24T00:00:00.000,2018-01-01T00:00:00.000,9999-12-31T00:00:00.000,1,16c69e6c042153b18e68ab23158d056716c69e6c042153b18e68ab23158d0567
181,SPI000181,27,7,Summit SafetyPpeItem 181,14,1,1,1,2026-08-24T00:00:00.000,2018-01-01T00:00:00.000,9999-12-31T00:00:00.000,1,0308c69eb444578f89af057c71da33fd0308c69eb444578f89af057c71da33fd
182,SPI000182,1,7,Titan SafetyPpeItem 182,15,1,1,1,2026-08-24T00:00:00.000,2018-01-01T00:00:00.000,9999-12-31T00:00:00.000,1,e7821f98328f5b6dadf28fc4c265fb3fe7821f98328f5b6dadf28fc4c265fb3f
183,SPI000183,1,7,Evergreen SafetyPpeItem 183,16,1,1,1,2026-08-24T00:00:00.000,2018-01-01T00:00:00.000,9999-12-31T00:00:00.000,1,4a047772868c506ea850c4630b91996d4a047772868c506ea850c4630b91996d
184,SPI000184,58,4,Titan SafetyPpeItem 184,17,1,1,1,2026-08-24T00:00:00.000,2018-01-01T00:00:00.000,9999-12-31T00:00:00.000,1,f74577e2d31e54e28156328429888f09f74577e2d31e54e28156328429888f09
185,SPI000185,36,1,Atlas SafetyPpeItem 185,18,0,1,1,2026-08-24T00:00:00.000,2018-01-01T00:00:00.000,9999-12-31T00:00:00.000,1,3ec68a07a5955cfc8f00d41eaea45d513ec68a07a5955cfc8f00d41eaea45d51
186,SPI000186,48,5,Atlas SafetyPpeItem 186,19,1,1,1,2026-08-24T00:00:00.000,2018-01-01T00:00:00.000,9999-12-31T00:00:00.000,1,d48cd48cd0395b69809d3e16bc86ec31d48cd48cd0395b69809d3e16bc86ec31
187,SPI000187,44,3,Unity SafetyPpeItem 187,20,1,1,1,2026-08-24T00:00:00.000,2018-01-01T00:00:00.000,9999-12-31T00:00:00.000,1,50f262c279da50cd8deff36e89529c7a50f262c279da50cd8deff36e89529c7a
188,SPI000188,2,2,Summit SafetyPpeItem 188,21,1,1,1,2026-08-24T00:00:00.000,2018-01-01T00:00:00.000,9999-12-31T00:00:00.000,1,30ce7308eac45664ad01cb8d5862eba630ce7308eac45664ad01cb8d5862eba6
189,SPI000189,65,3,Cedar SafetyPpeItem 189,22,1,1,1,2026-08-24T00:00:00.000,2018-01-01T00:00:00.000,9999-12-31T00:00:00.000,1,24159b100d815838ba33fe9045e630f424159b100d815838ba33fe9045e630f4
190,SPI000190,51,6,Summit SafetyPpeItem 190,23,0,1,1,2026-08-24T00:00:00.000,2018-01-01T00:00:00.000,9999-12-31T00:00:00.000,1,5660ae522b3850cbb240a2bbfafd4f605660ae522b3850cbb240a2bbfafd4f60
191,SPI000191,66,6,Evergreen SafetyPpeItem 191,24,1,1,1,2026-08-24T00:00:00.000,2018-01-01T00:00:00.000,9999-12-31T00:00:00.000,1,362360a329205573b6de8e4ca6a19079362360a329205573b6de8e4ca6a19079
192,SPI000192,11,4,Zenith SafetyPpeItem 192,25,1,1,1,2026-08-24T00:00:00.000,2018-01-01T00:00:00.000,9999-12-31T00:00:00.000,1,614d6fc0262954129802face6c73d64b614d6fc0262954129802face6c73d64b
193,SPI000193,59,3,Junction SafetyPpeItem 193,26,1,1,1,2026-08-24T00:00:00.000,2018-01-01T00:00:00.000,9999-12-31T00:00:00.000,1,171e3aeab81e5d09a35317b392cf8936171e3aeab81e5d09a35317b392cf8936
194,SPI000194,30,5,Meridian SafetyPpeItem 194,27,1,1,1,2026-08-24T00:00:00.000,2018-01-01T00:00:00.000,9999-12-31T00:00:00.000,1,fb9d3850e8d85009b9f8b5cabe8687cffb9d3850e8d85009b9f8b5cabe8687cf
195,SPI000195,45,7,Liberty SafetyPpeItem 195,28,0,1,1,2026-08-24T00:00:00.000,2018-01-01T00:00:00.000,9999-12-31T00:00:00.000,1,1b5abbbc7c07578787daf18ef98a86dd1b5abbbc7c07578787daf18ef98a86dd
196,SPI000196,31,1,Junction SafetyPpeItem 196,1,1,1,1,2026-08-24T00:00:00.000,2018-01-01T00:00:00.000,9999-12-31T00:00:00.000,1,e96b48fb8afb59659f3459914d862b04e96b48fb8afb59659f3459914d862b04
197,SPI000197,26,2,Willow SafetyPpeItem 197,2,1,1,1,2026-08-24T00:00:00.000,2018-01-01T00:00:00.000,9999-12-31T00:00:00.000,1,7ddda18fbe955aed9f4465b1947629477ddda18fbe955aed9f4465b194762947
198,SPI000198,44,2,Atlas SafetyPpeItem 198,3,1,1,1,2026-08-24T00:00:00.000,2018-01-01T00:00:00.000,9999-12-31T00:00:00.000,1,ff196b9d3d975beb8077808650d8a9c3ff196b9d3d975beb8077808650d8a9c3
199,SPI000199,8,4,Delta SafetyPpeItem 199,4,1,1,1,2026-08-24T00:00:00.000,2018-01-01T00:00:00.000,9999-12-31T00:00:00.000,1,cc0f497915025be5ada27f4d36278f00cc0f497915025be5ada27f4d36278f00
200,SPI000200,22,1,Vertex SafetyPpeItem 200,5,0,1,1,2026-08-24T00:00:00.000,2018-01-01T00:00:00.000,9999-12-31T00:00:00.000,1,edc8f06995b851f0afbcf3620a39844aedc8f06995b851f0afbcf3620a39844a
201,SPI000201,7,5,Cedar SafetyPpeItem 201,6,1,1,1,2026-08-24T00:00:00.000,2018-01-01T00:00:00.000,9999-12-31T00:00:00.000,1,19cc8edea6f45d37ae799b1a80364e9919cc8edea6f45d37ae799b1a80364e99
202,SPI000202,52,1,Liberty SafetyPpeItem 202,7,1,1,1,2026-08-24T00:00:00.000,2018-01-01T00:00:00.000,9999-12-31T00:00:00.000,1,cdabce5587f2584ca73023a92780f51bcdabce5587f2584ca73023a92780f51b
203,SPI000203,52,7,Northstar SafetyPpeItem 203,8,1,1,1,2026-08-24T00:00:00.000,2018-01-01T00:00:00.000,9999-12-31T00:00:00.000,1,7f828c73f39551028022b3762c577a577f828c73f39551028022b3762c577a57
204,SPI000204,14,2,Forge SafetyPpeItem 204,9,1,1,1,2026-08-24T00:00:00.000,2018-01-01T00:00:00.000,9999-12-31T00:00:00.000,1,e3c55367d2655b26be30e57065aa8738e3c55367d2655b26be30e57065aa8738
205,SPI000205,12,5,Vertex SafetyPpeItem 205,10,0,1,1,2026-08-24T00:00:00.000,2018-01-01T00:00:00.000,9999-12-31T00:00:00.000,1,97bed5f4b3ef5788a88fbe2d3403ab6797bed5f4b3ef5788a88fbe2d3403ab67
206,SPI000206,12,4,Harbor SafetyPpeItem 206,11,1,1,1,2026-08-24T00:00:00.000,2018-01-01T00:00:00.000,9999-12-31T00:00:00.000,1,05d8c580633e506c9f679077aaff465005d8c580633e506c9f679077aaff4650
207,SPI000207,4,6,Cedar SafetyPpeItem 207,12,1,1,1,2026-08-24T00:00:00.000,2018-01-01T00:00:00.000,9999-12-31T00:00:00.000,1,43ab853a3c9154f5afeac51ec90033f143ab853a3c9154f5afeac51ec90033f1
208,SPI000208,49,6,Willow SafetyPpeItem 208,13,1,1,1,2026-08-24T00:00:00.000,2018-01-01T00:00:00.000,9999-12-31T00:00:00.000,1,8782d02e5f635c4b9806818325cbe9fb8782d02e5f635c4b9806818325cbe9fb
209,SPI000209,65,2,Northstar SafetyPpeItem 209,14,1,1,1,2026-08-24T00:00:00.000,2018-01-01T00:00:00.000,9999-12-31T00:00:00.000,1,b5d51977605a534796e04f393d4948ddb5d51977605a534796e04f393d4948dd
210,SPI000210,48,6,Junction SafetyPpeItem 210,15,0,1,1,2026-08-24T00:00:00.000,2018-01-01T00:00:00.000,9999-12-31T00:00:00.000,1,fd0f83180a815da88f576f5a45186442fd0f83180a815da88f576f5a45186442
211,SPI000211,57,7,Ion SafetyPpeItem 211,16,1,1,1,2026-08-24T00:00:00.000,2018-01-01T00:00:00.000,9999-12-31T00:00:00.000,1,e1ae14797ef85e2b90eda66ce6581207e1ae14797ef85e2b90eda66ce6581207
212,SPI000212,47,5,Northstar SafetyPpeItem 212,17,1,1,1,2026-08-24T00:00:00.000,2018-01-01T00:00:00.000,9999-12-31T00:00:00.000,1,be82ea8901b9549fb979e1a3195d3f22be82ea8901b9549fb979e1a3195d3f22
213,SPI000213,61,5,Riverton SafetyPpeItem 213,18,1,1,1,2026-08-24T00:00:00.000,2018-01-01T00:00:00.000,9999-12-31T00:00:00.000,1,9177afc555cd5000a82e965b01f309f89177afc555cd5000a82e965b01f309f8
214,SPI000214,41,2,Quartz SafetyPpeItem 214,19,1,1,1,2026-08-24T00:00:00.000,2018-01-01T00:00:00.000,9999-12-31T00:00:00.000,1,adc6ce67c9055831af4afc8b2427d076adc6ce67c9055831af4afc8b2427d076
215,SPI000215,59,4,Forge SafetyPpeItem 215,20,0,1,1,2026-08-24T00:00:00.000,2018-01-01T00:00:00.000,9999-12-31T00:00:00.000,1,75df8d771cbb5a9ab87564887677d59f75df8d771cbb5a9ab87564887677d59f
216,SPI000216,69,4,Meridian SafetyPpeItem 216,21,1,1,1,2026-08-24T00:00:00.000,2018-01-01T00:00:00.000,9999-12-31T00:00:00.000,1,09b92916da74544d9889669d136d87ff09b92916da74544d9889669d136d87ff
217,SPI000217,38,5,Junction SafetyPpeItem 217,22,1,1,1,2026-08-24T00:00:00.000,2018-01-01T00:00:00.000,9999-12-31T00:00:00.000,1,50b09cd8e5fc5594a9a70261a7f832ca50b09cd8e5fc5594a9a70261a7f832ca
218,SPI000218,42,6,Harbor SafetyPpeItem 218,23,1,1,1,2026-08-24T00:00:00.000,2018-01-01T00:00:00.000,9999-12-31T00:00:00.000,1,846f75a39d87516e91dffca0a94897ed846f75a39d87516e91dffca0a94897ed
219,SPI000219,56,7,Atlas SafetyPpeItem 219,24,1,1,1,2026-08-24T00:00:00.000,2018-01-01T00:00:00.000,9999-12-31T00:00:00.000,1,34272ecc66bd5ea5bffba15f0af66f7f34272ecc66bd5ea5bffba15f0af66f7f
220,SPI000220,43,2,Delta SafetyPpeItem 220,25,0,1,1,2026-08-24T00:00:00.000,2018-01-01T00:00:00.000,9999-12-31T00:00:00.000,1,e1715e0a1b035a5489626c60835ed535e1715e0a1b035a5489626c60835ed535
221,SPI000221,19,3,Quartz SafetyPpeItem 221,26,1,1,1,2026-08-24T00:00:00.000,2018-01-01T00:00:00.000,9999-12-31T00:00:00.000,1,60f0cca77a8b53e890515e6e2d17736b60f0cca77a8b53e890515e6e2d17736b
222,SPI000222,23,3,Junction SafetyPpeItem 222,27,1,1,1,2026-08-24T00:00:00.000,2018-01-01T00:00:00.000,9999-12-31T00:00:00.000,1,0999e409b7bd5348ab18c9e69c7e48d50999e409b7bd5348ab18c9e69c7e48d5
223,SPI000223,25,2,Riverton SafetyPpeItem 223,28,1,1,1,2026-08-24T00:00:00.000,2018-01-01T00:00:00.000,9999-12-31T00:00:00.000,1,2f94fba8346455fba1d3e668384554b32f94fba8346455fba1d3e668384554b3
224,SPI000224,52,1,Unity SafetyPpeItem 224,1,1,1,1,2026-08-24T00:00:00.000,2018-01-01T00:00:00.000,9999-12-31T00:00:00.000,1,2956c40ead675275bc2e8cd781112cdb2956c40ead675275bc2e8cd781112cdb
225,SPI000225,44,5,Willow SafetyPpeItem 225,2,0,1,1,2026-08-24T00:00:00.000,2018-01-01T00:00:00.000,9999-12-31T00:00:00.000,1,d126a370d5fc559f9ebbe0e9c5c4fbebd126a370d5fc559f9ebbe0e9c5c4fbeb
226,SPI000226,18,5,Zenith SafetyPpeItem 226,3,1,1,1,2026-08-24T00:00:00.000,2018-01-01T00:00:00.000,9999-12-31T00:00:00.000,1,38cb5e7f31185ca38b82f94e898388a838cb5e7f31185ca38b82f94e898388a8
227,SPI000227,62,7,Ion SafetyPpeItem 227,4,1,1,1,2026-08-24T00:00:00.000,2018-01-01T00:00:00.000,9999-12-31T00:00:00.000,1,afd42eabfec9542cbbe910d0276be9b2afd42eabfec9542cbbe910d0276be9b2
228,SPI000228,40,4,Northstar SafetyPpeItem 228,5,1,1,1,2026-08-24T00:00:00.000,2018-01-01T00:00:00.000,9999-12-31T00:00:00.000,1,53efe6f070e7552aaf706b53e8bd065253efe6f070e7552aaf706b53e8bd0652
229,SPI000229,64,6,Riverton SafetyPpeItem 229,6,1,1,1,2026-08-24T00:00:00.000,2018-01-01T00:00:00.000,9999-12-31T00:00:00.000,1,95afae170395509aaf382a0096ae370e95afae170395509aaf382a0096ae370e
230,SPI000230,8,7,Northstar SafetyPpeItem 230,7,0,1,1,2026-08-24T00:00:00.000,2018-01-01T00:00:00.000,9999-12-31T00:00:00.000,1,573d0f14dc5551c99f3f9d2badec84ac573d0f14dc5551c99f3f9d2badec84ac
231,SPI000231,14,1,Keystone SafetyPpeItem 231,8,1,1,1,2026-08-24T00:00:00.000,2018-01-01T00:00:00.000,9999-12-31T00:00:00.000,1,127440e5915a5929b139237d6667cf94127440e5915a5929b139237d6667cf94
232,SPI000232,52,3,Willow SafetyPpeItem 232,9,1,1,1,2026-08-24T00:00:00.000,2018-01-01T00:00:00.000,9999-12-31T00:00:00.000,1,b8cac314f49c51f5bf548c9451881045b8cac314f49c51f5bf548c9451881045
233,SPI000233,10,6,Titan SafetyPpeItem 233,10,1,1,1,2026-08-24T00:00:00.000,2018-01-01T00:00:00.000,9999-12-31T00:00:00.000,1,d522e6b8d94155b3ae386c3a8870e60bd522e6b8d94155b3ae386c3a8870e60b
234,SPI000234,19,1,Evergreen SafetyPpeItem 234,11,1,1,1,2026-08-24T00:00:00.000,2018-01-01T00:00:00.000,9999-12-31T00:00:00.000,1,f048f8ce5af658ca9bbb40ef7aa02ccef048f8ce5af658ca9bbb40ef7aa02cce
235,SPI000235,17,7,Forge SafetyPpeItem 235,12,0,1,1,2026-08-24T00:00:00.000,2018-01-01T00:00:00.000,9999-12-31T00:00:00.000,1,e4ff2ed641a2597c8ade6f6c45f7c9aae4ff2ed641a2597c8ade6f6c45f7c9aa
236,SPI000236,30,6,Junction SafetyPpeItem 236,13,1,1,1,2026-08-24T00:00:00.000,2018-01-01T00:00:00.000,9999-12-31T00:00:00.000,1,9ced6d39c288557c98919fa3388e0a529ced6d39c288557c98919fa3388e0a52
237,SPI000237,1,3,Vertex SafetyPpeItem 237,14,1,1,1,2026-08-24T00:00:00.000,2018-01-01T00:00:00.000,9999-12-31T00:00:00.000,1,73944c8f91db5c20931588f6070763b973944c8f91db5c20931588f6070763b9
238,SPI000238,57,6,Liberty SafetyPpeItem 238,15,1,1,1,2026-08-24T00:00:00.000,2018-01-01T00:00:00.000,9999-12-31T00:00:00.000,1,813086ab6c0357b6af88bd77e9df80e5813086ab6c0357b6af88bd77e9df80e5
239,SPI000239,24,6,Evergreen SafetyPpeItem 239,16,1,1,1,2026-08-24T00:00:00.000,2018-01-01T00:00:00.000,9999-12-31T00:00:00.000,1,56658a4c75995cdabecb6d5a17d8a18d56658a4c75995cdabecb6d5a17d8a18d
240,SPI000240,3,2,Ion SafetyPpeItem 240,17,0,1,1,2026-08-24T00:00:00.000,2018-01-01T00:00:00.000,9999-12-31T00:00:00.000,1,c9f33b92247c597bb95fe04a0dd14068c9f33b92247c597bb95fe04a0dd14068
241,SPI000241,29,5,Meridian SafetyPpeItem 241,18,1,1,1,2026-08-24T00:00:00.000,2018-01-01T00:00:00.000,9999-12-31T00:00:00.000,1,8bab2aee269d5f3fbe6362b52f5d2c248bab2aee269d5f3fbe6362b52f5d2c24
242,SPI000242,51,4,Forge SafetyPpeItem 242,19,1,1,1,2026-08-24T00:00:00.000,2018-01-01T00:00:00.000,9999-12-31T00:00:00.000,1,ad18406133a95790a005a67c7c62f1acad18406133a95790a005a67c7c62f1ac
243,SPI000243,50,7,Orion SafetyPpeItem 243,20,1,1,1,2026-08-24T00:00:00.000,2018-01-01T00:00:00.000,9999-12-31T00:00:00.000,1,b7e67bd81604583b9d78f6a64072aea9b7e67bd81604583b9d78f6a64072aea9
244,SPI000244,25,6,Vertex SafetyPpeItem 244,21,1,1,1,2026-08-24T00:00:00.000,2018-01-01T00:00:00.000,9999-12-31T00:00:00.000,1,aa3e179b227f5e57ad0c5e8a540637dfaa3e179b227f5e57ad0c5e8a540637df
245,SPI000245,4,5,Vertex SafetyPpeItem 245,22,0,1,1,2026-08-24T00:00:00.000,2018-01-01T00:00:00.000,9999-12-31T00:00:00.000,1,ec098b9fbd845f91985b27d674bed0b2ec098b9fbd845f91985b27d674bed0b2
246,SPI000246,66,2,Harbor SafetyPpeItem 246,23,1,1,1,2026-08-24T00:00:00.000,2018-01-01T00:00:00.000,9999-12-31T00:00:00.000,1,a7343c603ffe5ce7ab9bbc5e320626b1a7343c603ffe5ce7ab9bbc5e320626b1
247,SPI000247,40,3,Willow SafetyPpeItem 247,24,1,1,1,2026-08-24T00:00:00.000,2018-01-01T00:00:00.000,9999-12-31T00:00:00.000,1,62b3cc6379945431b7da4d4531ad9d9f62b3cc6379945431b7da4d4531ad9d9f
248,SPI000248,67,2,Titan SafetyPpeItem 248,25,1,1,1,2026-08-24T00:00:00.000,2018-01-01T00:00:00.000,9999-12-31T00:00:00.000,1,3be5789462d1571191f2678b5d37168b3be5789462d1571191f2678b5d37168b
249,SPI000249,3,4,Willow SafetyPpeItem 249,26,1,1,1,2026-08-24T00:00:00.000,2018-01-01T00:00:00.000,9999-12-31T00:00:00.000,1,9742e18ef9965e9cbb646232bb1191579742e18ef9965e9cbb646232bb119157
250,SPI000250,64,1,Meridian SafetyPpeItem 250,27,0,1,1,2026-08-24T00:00:00.000,2018-01-01T00:00:00.000,9999-12-31T00:00:00.000,1,4ae186b20ea95b2b962d5a77f5deb7d54ae186b20ea95b2b962d5a77f5deb7d5
251,SPI000251,70,7,Zenith SafetyPpeItem 251,28,1,1,1,2026-08-24T00:00:00.000,2018-01-01T00:00:00.000,9999-12-31T00:00:00.000,1,52a5dbf6f1ba5d28bbfc019240d5a8eb52a5dbf6f1ba5d28bbfc019240d5a8eb
252,SPI000252,67,4,Beacon SafetyPpeItem 252,1,1,1,1,2026-08-24T00:00:00.000,2018-01-01T00:00:00.000,9999-12-31T00:00:00.000,1,fd2632af5a545f4bad3bf8d1697c8d91fd2632af5a545f4bad3bf8d1697c8d91
253,SPI000253,46,1,Orion SafetyPpeItem 253,2,1,1,1,2026-08-24T00:00:00.000,2018-01-01T00:00:00.000,9999-12-31T00:00:00.000,1,5818a57756965105997ad5cb235a850b5818a57756965105997ad5cb235a850b
254,SPI000254,26,3,Summit SafetyPpeItem 254,3,1,1,1,2026-08-24T00:00:00.000,2018-01-01T00:00:00.000,9999-12-31T00:00:00.000,1,4833807b21fb5295ac252efe63f08a2d4833807b21fb5295ac252efe63f08a2d
255,SPI000255,18,2,Meridian SafetyPpeItem 255,4,0,1,1,2026-08-24T00:00:00.000,2018-01-01T00:00:00.000,9999-12-31T00:00:00.000,1,ac940f3a92d452b190322fd38d2a7ca4ac940f3a92d452b190322fd38d2a7ca4
256,SPI000256,43,5,Riverton SafetyPpeItem 256,5,1,1,1,2026-08-24T00:00:00.000,2018-01-01T00:00:00.000,9999-12-31T00:00:00.000,1,de6cc958b86a517ab9f8fa79f9264a38de6cc958b86a517ab9f8fa79f9264a38
257,SPI000257,1,5,Riverton SafetyPpeItem 257,6,1,1,1,2026-08-24T00:00:00.000,2018-01-01T00:00:00.000,9999-12-31T00:00:00.000,1,bc8e69cec5a05f5399f497b9d4dc611dbc8e69cec5a05f5399f497b9d4dc611d
258,SPI000258,17,1,Granite SafetyPpeItem 258,7,1,1,1,2026-08-24T00:00:00.000,2018-01-01T00:00:00.000,9999-12-31T00:00:00.000,1,28fe78485a7e5c3d824361bda497ac3928fe78485a7e5c3d824361bda497ac39
259,SPI000259,6,2,Zenith SafetyPpeItem 259,8,1,1,1,2026-08-24T00:00:00.000,2018-01-01T00:00:00.000,9999-12-31T00:00:00.000,1,890b047caca75b918afa9832ed7f3f2e890b047caca75b918afa9832ed7f3f2e
260,SPI000260,51,1,Beacon SafetyPpeItem 260,9,0,1,1,2026-08-24T00:00:00.000,2018-01-01T00:00:00.000,9999-12-31T00:00:00.000,1,98a08e538bb5595d9bd3b65a62ef000798a08e538bb5595d9bd3b65a62ef0007
261,SPI000261,24,3,Liberty SafetyPpeItem 261,10,1,1,1,2026-08-24T00:00:00.000,2018-01-01T00:00:00.000,9999-12-31T00:00:00.000,1,378e9344167054ecb8f2aa1ac5179b56378e9344167054ecb8f2aa1ac5179b56
262,SPI000262,42,2,Pioneer SafetyPpeItem 262,11,1,1,1,2026-08-24T00:00:00.000,2018-01-01T00:00:00.000,9999-12-31T00:00:00.000,1,890e45e5dbc55c5aaae29b6600f805d8890e45e5dbc55c5aaae29b6600f805d8
263,SPI000263,1,7,Summit SafetyPpeItem 263,12,1,1,1,2026-08-24T00:00:00.000,2018-01-01T00:00:00.000,9999-12-31T00:00:00.000,1,820258ed9e9d5a32af3318c2f0cab2af820258ed9e9d5a32af3318c2f0cab2af
264,SPI000264,22,4,Keystone SafetyPpeItem 264,13,1,1,1,2026-08-24T00:00:00.000,2018-01-01T00:00:00.000,9999-12-31T00:00:00.000,1,068863979295595c90eafebbac7045e1068863979295595c90eafebbac7045e1
265,SPI000265,56,3,Summit SafetyPpeItem 265,14,0,1,1,2026-08-24T00:00:00.000,2018-01-01T00:00:00.000,9999-12-31T00:00:00.000,1,7f00b987113a59ff979883c0d7b828117f00b987113a59ff979883c0d7b82811
266,SPI000266,58,1,Ion SafetyPpeItem 266,15,1,1,1,2026-08-24T00:00:00.000,2018-01-01T00:00:00.000,9999-12-31T00:00:00.000,1,ddb7888c5e465bb7963960315605c92dddb7888c5e465bb7963960315605c92d
267,SPI000267,16,2,Titan SafetyPpeItem 267,16,1,1,1,2026-08-24T00:00:00.000,2018-01-01T00:00:00.000,9999-12-31T00:00:00.000,1,4884cde313925a279855b12007f5cb4c4884cde313925a279855b12007f5cb4c
268,SPI000268,31,7,Northstar SafetyPpeItem 268,17,1,1,1,2026-08-24T00:00:00.000,2018-01-01T00:00:00.000,9999-12-31T00:00:00.000,1,cc0858ef800155a78d690ee87eb2c4abcc0858ef800155a78d690ee87eb2c4ab
269,SPI000269,62,3,Northstar SafetyPpeItem 269,18,1,1,1,2026-08-24T00:00:00.000,2018-01-01T00:00:00.000,9999-12-31T00:00:00.000,1,b345ed423a835514b82c831b185b87e4b345ed423a835514b82c831b185b87e4
270,SPI000270,41,6,Zenith SafetyPpeItem 270,19,0,1,1,2026-08-24T00:00:00.000,2018-01-01T00:00:00.000,9999-12-31T00:00:00.000,1,6e71346a414c5f629709cd767358746d6e71346a414c5f629709cd767358746d
271,SPI000271,67,4,Ion SafetyPpeItem 271,20,1,1,1,2026-08-24T00:00:00.000,2018-01-01T00:00:00.000,9999-12-31T00:00:00.000,1,505a62714fa85ec08b2c3b20ff20ad04505a62714fa85ec08b2c3b20ff20ad04
272,SPI000272,50,3,Orion SafetyPpeItem 272,21,1,1,1,2026-08-24T00:00:00.000,2018-01-01T00:00:00.000,9999-12-31T00:00:00.000,1,d526f1dd0bc55a6b92c8e87c3e02e2e5d526f1dd0bc55a6b92c8e87c3e02e2e5
273,SPI000273,68,7,Ion SafetyPpeItem 273,22,1,1,1,2026-08-24T00:00:00.000,2018-01-01T00:00:00.000,9999-12-31T00:00:00.000,1,3e3aaafbcd675abcac2bd83ebd91cc9d3e3aaafbcd675abcac2bd83ebd91cc9d
274,SPI000274,29,6,Pioneer SafetyPpeItem 274,23,1,1,1,2026-08-24T00:00:00.000,2018-01-01T00:00:00.000,9999-12-31T00:00:00.000,1,1761eb0aa30154df8293ff8d0f4d235d1761eb0aa30154df8293ff8d0f4d235d
275,SPI000275,61,2,Keystone SafetyPpeItem 275,24,0,1,1,2026-08-24T00:00:00.000,2018-01-01T00:00:00.000,9999-12-31T00:00:00.000,1,7b98b0a50126574ba04f7bf3ec15bc717b98b0a50126574ba04f7bf3ec15bc71
276,SPI000276,42,2,Forge SafetyPpeItem 276,25,1,1,1,2026-08-24T00:00:00.000,2018-01-01T00:00:00.000,9999-12-31T00:00:00.000,1,9b25e0d6a4935cedb0799fbedadbd5d89b25e0d6a4935cedb0799fbedadbd5d8
277,SPI000277,67,6,Willow SafetyPpeItem 277,26,1,1,1,2026-08-24T00:00:00.000,2018-01-01T00:00:00.000,9999-12-31T00:00:00.000,1,7fb8f99d63b45b6cbe671326c53a327a7fb8f99d63b45b6cbe671326c53a327a
278,SPI000278,28,2,Pioneer SafetyPpeItem 278,27,1,1,1,2026-08-24T00:00:00.000,2018-01-01T00:00:00.000,9999-12-31T00:00:00.000,1,0a255035471c5d20a221c085991b96480a255035471c5d20a221c085991b9648
279,SPI000279,14,5,Ion SafetyPpeItem 279,28,1,1,1,2026-08-24T00:00:00.000,2018-01-01T00:00:00.000,9999-12-31T00:00:00.000,1,6702e3577644506aae2cd5c8b5a9f9236702e3577644506aae2cd5c8b5a9f923
280,SPI000280,7,4,Summit SafetyPpeItem 280,1,0,1,1,2026-08-24T00:00:00.000,2018-01-01T00:00:00.000,9999-12-31T00:00:00.000,1,6a8b4602833854afa7e69894567766636a8b4602833854afa7e6989456776663
281,SPI000281,21,7,Willow SafetyPpeItem 281,2,1,1,1,2026-08-24T00:00:00.000,2018-01-01T00:00:00.000,9999-12-31T00:00:00.000,1,7cc45d6a4c095795976087aa2b8a667f7cc45d6a4c095795976087aa2b8a667f
282,SPI000282,72,4,Unity SafetyPpeItem 282,3,1,1,1,2026-08-24T00:00:00.000,2018-01-01T00:00:00.000,9999-12-31T00:00:00.000,1,ce39e98494b65451b4397e717e57210dce39e98494b65451b4397e717e57210d
283,SPI000283,62,4,Zenith SafetyPpeItem 283,4,1,1,1,2026-08-24T00:00:00.000,2018-01-01T00:00:00.000,9999-12-31T00:00:00.000,1,705ed972bc3e5746a1dd39066570b6b1705ed972bc3e5746a1dd39066570b6b1
284,SPI000284,5,3,Quartz SafetyPpeItem 284,5,1,1,1,2026-08-24T00:00:00.000,2018-01-01T00:00:00.000,9999-12-31T00:00:00.000,1,5c58b1545249544094d99395c98588185c58b1545249544094d99395c9858818
285,SPI000285,15,6,Orion SafetyPpeItem 285,6,0,1,1,2026-08-24T00:00:00.000,2018-01-01T00:00:00.000,9999-12-31T00:00:00.000,1,b916a3d78d1c58cb964c5bbf42f4acfbb916a3d78d1c58cb964c5bbf42f4acfb
286,SPI000286,64,7,Titan SafetyPpeItem 286,7,1,1,1,2026-08-24T00:00:00.000,2018-01-01T00:00:00.000,9999-12-31T00:00:00.000,1,f6872028439a5bb0ae6996ce2d203d17f6872028439a5bb0ae6996ce2d203d17
287,SPI000287,5,4,Zenith SafetyPpeItem 287,8,1,1,1,2026-08-24T00:00:00.000,2018-01-01T00:00:00.000,9999-12-31T00:00:00.000,1,5270a386b394590eb3741ad7397ea1975270a386b394590eb3741ad7397ea197
288,SPI000288,7,4,Beacon SafetyPpeItem 288,9,1,1,1,2026-08-24T00:00:00.000,2018-01-01T00:00:00.000,9999-12-31T00:00:00.000,1,12dfcb6e06105ea3a5fa4138f5e561e412dfcb6e06105ea3a5fa4138f5e561e4
289,SPI000289,68,7,Harbor SafetyPpeItem 289,10,1,1,1,2026-08-24T00:00:00.000,2018-01-01T00:00:00.000,9999-12-31T00:00:00.000,1,30fd608c32f7525daadffa2be906ca7a30fd608c32f7525daadffa2be906ca7a
290,SPI000290,59,1,Summit SafetyPpeItem 290,11,0,1,1,2026-08-24T00:00:00.000,2018-01-01T00:00:00.000,9999-12-31T00:00:00.000,1,3effe8e95ca35a5d9c97a5b55a7a72023effe8e95ca35a5d9c97a5b55a7a7202
291,SPI000291,46,6,Ion SafetyPpeItem 291,12,1,1,1,2026-08-24T00:00:00.000,2018-01-01T00:00:00.000,9999-12-31T00:00:00.000,1,c9b1a6b3df8b57fab558845b8d415960c9b1a6b3df8b57fab558845b8d415960
292,SPI000292,47,6,Evergreen SafetyPpeItem 292,13,1,1,1,2026-08-24T00:00:00.000,2018-01-01T00:00:00.000,9999-12-31T00:00:00.000,1,ba2b152e19175ee9b0fd526c4f3cd51dba2b152e19175ee9b0fd526c4f3cd51d
293,SPI000293,1,6,Summit SafetyPpeItem 293,14,1,1,1,2026-08-24T00:00:00.000,2018-01-01T00:00:00.000,9999-12-31T00:00:00.000,1,7312ef8751c9508781c6c1776e7fb55b7312ef8751c9508781c6c1776e7fb55b
294,SPI000294,47,1,Titan SafetyPpeItem 294,15,1,1,1,2026-08-24T00:00:00.000,2018-01-01T00:00:00.000,9999-12-31T00:00:00.000,1,3d7435339e165d0a957a1e7daf7fbf553d7435339e165d0a957a1e7daf7fbf55
295,SPI000295,5,3,Pioneer SafetyPpeItem 295,16,0,1,1,2026-08-24T00:00:00.000,2018-01-01T00:00:00.000,9999-12-31T00:00:00.000,1,8f8669cb8a2b5c8ea007e639d0775a138f8669cb8a2b5c8ea007e639d0775a13
296,SPI000296,31,5,Junction SafetyPpeItem 296,17,1,1,1,2026-08-24T00:00:00.000,2018-01-01T00:00:00.000,9999-12-31T00:00:00.000,1,a68a028a622c55aa9d5f777eb57da289a68a028a622c55aa9d5f777eb57da289
297,SPI000297,63,1,Keystone SafetyPpeItem 297,18,1,1,1,2026-08-24T00:00:00.000,2018-01-01T00:00:00.000,9999-12-31T00:00:00.000,1,eab5fbc551fa5e1190704a14684fd641eab5fbc551fa5e1190704a14684fd641
298,SPI000298,30,3,Ion SafetyPpeItem 298,19,1,1,1,2026-08-24T00:00:00.000,2018-01-01T00:00:00.000,9999-12-31T00:00:00.000,1,c8b022781e8350d98697dbb84b29468ac8b022781e8350d98697dbb84b29468a
299,SPI000299,69,5,Harbor SafetyPpeItem 299,20,1,1,1,2026-08-24T00:00:00.000,2018-01-01T00:00:00.000,9999-12-31T00:00:00.000,1,bb695dae3de15f199bc801f522e1787cbb695dae3de15f199bc801f522e1787c
300,SPI000300,18,1,Junction SafetyPpeItem 300,21,0,1,1,2026-08-24T00:00:00.000,2018-01-01T00:00:00.000,9999-12-31T00:00:00.000,1,499e1fcf64ce5859817b4035b3ac5481499e1fcf64ce5859817b4035b3ac5481
301,SPI000301,56,6,Forge SafetyPpeItem 301,22,1,1,1,2026-08-24T00:00:00.000,2018-01-01T00:00:00.000,9999-12-31T00:00:00.000,1,0e0070adb62f5fe08218f637c87cf2ee0e0070adb62f5fe08218f637c87cf2ee
302,SPI000302,19,1,Keystone SafetyPpeItem 302,23,1,1,1,2026-08-24T00:00:00.000,2018-01-01T00:00:00.000,9999-12-31T00:00:00.000,1,51ad4226e5ab5272a76e3ddb4512081c51ad4226e5ab5272a76e3ddb4512081c
303,SPI000303,49,7,Delta SafetyPpeItem 303,24,1,1,1,2026-08-24T00:00:00.000,2018-01-01T00:00:00.000,9999-12-31T00:00:00.000,1,70eb2a4ab82c5e038182aff18d99ec3670eb2a4ab82c5e038182aff18d99ec36
304,SPI000304,56,7,Zenith SafetyPpeItem 304,25,1,1,1,2026-08-24T00:00:00.000,2018-01-01T00:00:00.000,9999-12-31T00:00:00.000,1,1570ff3b90b957d5b7a437cf1fa7bdb61570ff3b90b957d5b7a437cf1fa7bdb6
305,SPI000305,48,1,Evergreen SafetyPpeItem 305,26,0,1,1,2026-08-24T00:00:00.000,2018-01-01T00:00:00.000,9999-12-31T00:00:00.000,1,e7b6706295845d5297ad5197c9b557d3e7b6706295845d5297ad5197c9b557d3
306,SPI000306,5,3,Meridian SafetyPpeItem 306,27,1,1,1,2026-08-24T00:00:00.000,2018-01-01T00:00:00.000,9999-12-31T00:00:00.000,1,6be271857b795074843c993ed8806ae66be271857b795074843c993ed8806ae6
307,SPI000307,39,4,Atlas SafetyPpeItem 307,28,1,1,1,2026-08-24T00:00:00.000,2018-01-01T00:00:00.000,9999-12-31T00:00:00.000,1,dc3fffd326355a08a45a98be7280bed9dc3fffd326355a08a45a98be7280bed9
308,SPI000308,68,3,Unity SafetyPpeItem 308,1,1,1,1,2026-08-24T00:00:00.000,2018-01-01T00:00:00.000,9999-12-31T00:00:00.000,1,6f42dac8507b5fa0aa693ad79cfb6a616f42dac8507b5fa0aa693ad79cfb6a61
309,SPI000309,47,1,Zenith SafetyPpeItem 309,2,1,1,1,2026-08-24T00:00:00.000,2018-01-01T00:00:00.000,9999-12-31T00:00:00.000,1,4d879290c57d57a9b3e8de904b81654a4d879290c57d57a9b3e8de904b81654a
310,SPI000310,7,7,Evergreen SafetyPpeItem 310,3,0,1,1,2026-08-24T00:00:00.000,2018-01-01T00:00:00.000,9999-12-31T00:00:00.000,1,929963a64be45493a62c7a770a046aa3929963a64be45493a62c7a770a046aa3
311,SPI000311,18,7,Junction SafetyPpeItem 311,4,1,1,1,2026-08-24T00:00:00.000,2018-01-01T00:00:00.000,9999-12-31T00:00:00.000,1,1bbb280142fa51f0a981b98b9660b6951bbb280142fa51f0a981b98b9660b695
312,SPI000312,18,7,Willow SafetyPpeItem 312,5,1,1,1,2026-08-24T00:00:00.000,2018-01-01T00:00:00.000,9999-12-31T00:00:00.000,1,c2e7a1d1bf2b5f86bef7493381e6bb11c2e7a1d1bf2b5f86bef7493381e6bb11
313,SPI000313,65,2,Keystone SafetyPpeItem 313,6,1,1,1,2026-08-24T00:00:00.000,2018-01-01T00:00:00.000,9999-12-31T00:00:00.000,1,202984322e10503b8a5f094821f4effa202984322e10503b8a5f094821f4effa
314,SPI000314,31,2,Riverton SafetyPpeItem 314,7,1,1,1,2026-08-24T00:00:00.000,2018-01-01T00:00:00.000,9999-12-31T00:00:00.000,1,a5e010645823518b910461b6debec818a5e010645823518b910461b6debec818
315,SPI000315,50,2,Unity SafetyPpeItem 315,8,0,1,1,2026-08-24T00:00:00.000,2018-01-01T00:00:00.000,9999-12-31T00:00:00.000,1,6c92f39e546f563ba2aa729eb9f2ab386c92f39e546f563ba2aa729eb9f2ab38
316,SPI000316,56,7,Summit SafetyPpeItem 316,9,1,1,1,2026-08-24T00:00:00.000,2018-01-01T00:00:00.000,9999-12-31T00:00:00.000,1,75b2f180d5d15a088908276017a2bce575b2f180d5d15a088908276017a2bce5
317,SPI000317,22,2,Summit SafetyPpeItem 317,10,1,1,1,2026-08-24T00:00:00.000,2018-01-01T00:00:00.000,9999-12-31T00:00:00.000,1,255e5e3ad4a853d2994d2e12e24c8369255e5e3ad4a853d2994d2e12e24c8369
318,SPI000318,30,4,Titan SafetyPpeItem 318,11,1,1,1,2026-08-24T00:00:00.000,2018-01-01T00:00:00.000,9999-12-31T00:00:00.000,1,f6424e99ced1526fbc1272e4aa20dbdff6424e99ced1526fbc1272e4aa20dbdf
319,SPI000319,33,6,Beacon SafetyPpeItem 319,12,1,1,1,2026-08-24T00:00:00.000,2018-01-01T00:00:00.000,9999-12-31T00:00:00.000,1,aa0bd1cf1f695c1e8681f252fd2de9ebaa0bd1cf1f695c1e8681f252fd2de9eb
320,SPI000320,2,2,Ion SafetyPpeItem 320,13,0,1,1,2026-08-24T00:00:00.000,2018-01-01T00:00:00.000,9999-12-31T00:00:00.000,1,4b3d2dfa79f759a2bb6c640365ff11354b3d2dfa79f759a2bb6c640365ff1135
321,SPI000321,21,3,Granite SafetyPpeItem 321,14,1,1,1,2026-08-24T00:00:00.000,2018-01-01T00:00:00.000,9999-12-31T00:00:00.000,1,f1e5e96dbe785db29f8c289fb7671ae2f1e5e96dbe785db29f8c289fb7671ae2
322,SPI000322,19,3,Delta SafetyPpeItem 322,15,1,1,1,2026-08-24T00:00:00.000,2018-01-01T00:00:00.000,9999-12-31T00:00:00.000,1,036daf6bfae45d6f8e08466d69d1d182036daf6bfae45d6f8e08466d69d1d182
323,SPI000323,70,4,Northstar SafetyPpeItem 323,16,1,1,1,2026-08-24T00:00:00.000,2018-01-01T00:00:00.000,9999-12-31T00:00:00.000,1,c973723867e75f7581607f89e703a37cc973723867e75f7581607f89e703a37c
324,SPI000324,34,7,Evergreen SafetyPpeItem 324,17,1,1,1,2026-08-24T00:00:00.000,2018-01-01T00:00:00.000,9999-12-31T00:00:00.000,1,c5a4c8274a815e3fb8dd843d1537be1fc5a4c8274a815e3fb8dd843d1537be1f
325,SPI000325,54,2,Ion SafetyPpeItem 325,18,0,1,1,2026-08-24T00:00:00.000,2018-01-01T00:00:00.000,9999-12-31T00:00:00.000,1,26e5c6a1edad579d8508b9995751017726e5c6a1edad579d8508b99957510177
326,SPI000326,45,4,Zenith SafetyPpeItem 326,19,1,1,1,2026-08-24T00:00:00.000,2018-01-01T00:00:00.000,9999-12-31T00:00:00.000,1,2839b180841d58d3a9001728c3a209782839b180841d58d3a9001728c3a20978
327,SPI000327,54,3,Vertex SafetyPpeItem 327,20,1,1,1,2026-08-24T00:00:00.000,2018-01-01T00:00:00.000,9999-12-31T00:00:00.000,1,161301ba3ef050daac83c45838535bd0161301ba3ef050daac83c45838535bd0
328,SPI000328,20,3,Titan SafetyPpeItem 328,21,1,1,1,2026-08-24T00:00:00.000,2018-01-01T00:00:00.000,9999-12-31T00:00:00.000,1,4c0662691d1f52e1a6e1c2fe215c97dd4c0662691d1f52e1a6e1c2fe215c97dd
329,SPI000329,1,2,Titan SafetyPpeItem 329,22,1,1,1,2026-08-24T00:00:00.000,2018-01-01T00:00:00.000,9999-12-31T00:00:00.000,1,bbd46e6276eb53d2a8194ee27d51576dbbd46e6276eb53d2a8194ee27d51576d
330,SPI000330,27,7,Vertex SafetyPpeItem 330,23,0,1,1,2026-08-24T00:00:00.000,2018-01-01T00:00:00.000,9999-12-31T00:00:00.000,1,3a54831689935b13abd3b1677d557a373a54831689935b13abd3b1677d557a37
331,SPI000331,9,6,Zenith SafetyPpeItem 331,24,1,1,1,2026-08-24T00:00:00.000,2018-01-01T00:00:00.000,9999-12-31T00:00:00.000,1,e94c24a9e13354c798267c499493d19fe94c24a9e13354c798267c499493d19f
332,SPI000332,44,5,Unity SafetyPpeItem 332,25,1,1,1,2026-08-24T00:00:00.000,2018-01-01T00:00:00.000,9999-12-31T00:00:00.000,1,1e44b873f3b055c985e93d19bae686771e44b873f3b055c985e93d19bae68677
333,SPI000333,52,1,Junction SafetyPpeItem 333,26,1,1,1,2026-08-24T00:00:00.000,2018-01-01T00:00:00.000,9999-12-31T00:00:00.000,1,d387a6340b365927bd0c00795fd8e0d4d387a6340b365927bd0c00795fd8e0d4
334,SPI000334,70,5,Vertex SafetyPpeItem 334,27,1,1,1,2026-08-24T00:00:00.000,2018-01-01T00:00:00.000,9999-12-31T00:00:00.000,1,2694907cded456f6b5fabfd965002c8f2694907cded456f6b5fabfd965002c8f
335,SPI000335,2,4,Meridian SafetyPpeItem 335,28,0,1,1,2026-08-24T00:00:00.000,2018-01-01T00:00:00.000,9999-12-31T00:00:00.000,1,e652dec62533583a9c48604159613e97e652dec62533583a9c48604159613e97
336,SPI000336,2,4,Meridian SafetyPpeItem 336,1,1,1,1,2026-08-24T00:00:00.000,2018-01-01T00:00:00.000,9999-12-31T00:00:00.000,1,f17c8adc552e5000a7277d5151db2cc7f17c8adc552e5000a7277d5151db2cc7
337,SPI000337,13,5,Harbor SafetyPpeItem 337,2,1,1,1,2026-08-24T00:00:00.000,2018-01-01T00:00:00.000,9999-12-31T00:00:00.000,1,3c4e862041cf51d29e782ea1ee216eea3c4e862041cf51d29e782ea1ee216eea
338,SPI000338,50,3,Riverton SafetyPpeItem 338,3,1,1,1,2026-08-24T00:00:00.000,2018-01-01T00:00:00.000,9999-12-31T00:00:00.000,1,c7f639771e3a5e2698ddd0041c72d5f6c7f639771e3a5e2698ddd0041c72d5f6
339,SPI000339,52,2,Zenith SafetyPpeItem 339,4,1,1,1,2026-08-24T00:00:00.000,2018-01-01T00:00:00.000,9999-12-31T00:00:00.000,1,e019b8a9311656aa98f216e9b61b97d8e019b8a9311656aa98f216e9b61b97d8
340,SPI000340,21,2,Ion SafetyPpeItem 340,5,0,1,1,2026-08-24T00:00:00.000,2018-01-01T00:00:00.000,9999-12-31T00:00:00.000,1,122c0da94719547bbde57df11008c5ed122c0da94719547bbde57df11008c5ed
341,SPI000341,44,5,Liberty SafetyPpeItem 341,6,1,1,1,2026-08-24T00:00:00.000,2018-01-01T00:00:00.000,9999-12-31T00:00:00.000,1,fe179c92c4e450d9b043976b3f3c19d6fe179c92c4e450d9b043976b3f3c19d6
342,SPI000342,53,3,Ion SafetyPpeItem 342,7,1,1,1,2026-08-24T00:00:00.000,2018-01-01T00:00:00.000,9999-12-31T00:00:00.000,1,2fb1c7fec8a5596b9c58d550b95693172fb1c7fec8a5596b9c58d550b9569317
343,SPI000343,45,3,Cedar SafetyPpeItem 343,8,1,1,1,2026-08-24T00:00:00.000,2018-01-01T00:00:00.000,9999-12-31T00:00:00.000,1,b95f4e5daaf15c4fa88c376bcd10bb03b95f4e5daaf15c4fa88c376bcd10bb03
344,SPI000344,33,2,Junction SafetyPpeItem 344,9,1,1,1,2026-08-24T00:00:00.000,2018-01-01T00:00:00.000,9999-12-31T00:00:00.000,1,e22b67c990765dd9a9e06d30ba3220e8e22b67c990765dd9a9e06d30ba3220e8
345,SPI000345,47,1,Willow SafetyPpeItem 345,10,0,1,1,2026-08-24T00:00:00.000,2018-01-01T00:00:00.000,9999-12-31T00:00:00.000,1,1c38e4e905d05ec79b9b073866bd84fc1c38e4e905d05ec79b9b073866bd84fc
346,SPI000346,65,2,Quartz SafetyPpeItem 346,11,1,1,1,2026-08-24T00:00:00.000,2018-01-01T00:00:00.000,9999-12-31T00:00:00.000,1,e6ddd54e3a80529da1e2c90871a0ed43e6ddd54e3a80529da1e2c90871a0ed43
347,SPI000347,63,4,Quartz SafetyPpeItem 347,12,1,1,1,2026-08-24T00:00:00.000,2018-01-01T00:00:00.000,9999-12-31T00:00:00.000,1,3bce213b64f75c12908cbbdb3788500b3bce213b64f75c12908cbbdb3788500b
348,SPI000348,43,1,Riverton SafetyPpeItem 348,13,1,1,1,2026-08-24T00:00:00.000,2018-01-01T00:00:00.000,9999-12-31T00:00:00.000,1,2edd009aea7d5437a4b650cc8137c2022edd009aea7d5437a4b650cc8137c202
349,SPI000349,63,4,Meridian SafetyPpeItem 349,14,1,1,1,2026-08-24T00:00:00.000,2018-01-01T00:00:00.000,9999-12-31T00:00:00.000,1,511f997f880a5a16a061a25f08762f24511f997f880a5a16a061a25f08762f24
350,SPI000350,71,6,Unity SafetyPpeItem 350,15,0,1,1,2026-08-24T00:00:00.000,2018-01-01T00:00:00.000,9999-12-31T00:00:00.000,1,f5f2022a24c3554388df27e132ae951cf5f2022a24c3554388df27e132ae951c
351,SPI000351,70,2,Unity SafetyPpeItem 351,16,1,1,1,2026-08-24T00:00:00.000,2018-01-01T00:00:00.000,9999-12-31T00:00:00.000,1,7e1553763c3b543395c77ef51bcc069f7e1553763c3b543395c77ef51bcc069f
352,SPI000352,31,1,Cedar SafetyPpeItem 352,17,1,1,1,2026-08-24T00:00:00.000,2018-01-01T00:00:00.000,9999-12-31T00:00:00.000,1,f0c834c57cdd57f3b33bfab61f5593daf0c834c57cdd57f3b33bfab61f5593da
353,SPI000353,48,2,Keystone SafetyPpeItem 353,18,1,1,1,2026-08-24T00:00:00.000,2018-01-01T00:00:00.000,9999-12-31T00:00:00.000,1,3cccbe42894d5ecf8c72dc8b96ad84403cccbe42894d5ecf8c72dc8b96ad8440
354,SPI000354,54,4,Riverton SafetyPpeItem 354,19,1,1,1,2026-08-24T00:00:00.000,2018-01-01T00:00:00.000,9999-12-31T00:00:00.000,1,332962679aa7528190d6cfa70e18a309332962679aa7528190d6cfa70e18a309
355,SPI000355,49,6,Harbor SafetyPpeItem 355,20,0,1,1,2026-08-24T00:00:00.000,2018-01-01T00:00:00.000,9999-12-31T00:00:00.000,1,3dcb01e48f445faaba97857c1a9993e33dcb01e48f445faaba97857c1a9993e3
356,SPI000356,9,6,Northstar SafetyPpeItem 356,21,1,1,1,2026-08-24T00:00:00.000,2018-01-01T00:00:00.000,9999-12-31T00:00:00.000,1,b4a5ee5ba4da5ff5b5700104210e81b1b4a5ee5ba4da5ff5b5700104210e81b1
357,SPI000357,30,4,Summit SafetyPpeItem 357,22,1,1,1,2026-08-24T00:00:00.000,2018-01-01T00:00:00.000,9999-12-31T00:00:00.000,1,7f0e30965b5b55a096076ceade6b28aa7f0e30965b5b55a096076ceade6b28aa
358,SPI000358,40,6,Junction SafetyPpeItem 358,23,1,1,1,2026-08-24T00:00:00.000,2018-01-01T00:00:00.000,9999-12-31T00:00:00.000,1,8842169447985e79b4e053ab1e3e2e3f8842169447985e79b4e053ab1e3e2e3f
359,SPI000359,34,5,Ion SafetyPpeItem 359,24,1,1,1,2026-08-24T00:00:00.000,2018-01-01T00:00:00.000,9999-12-31T00:00:00.000,1,bb2e132f1ac35bc39649441a61ef3100bb2e132f1ac35bc39649441a61ef3100
360,SPI000360,7,5,Granite SafetyPpeItem 360,25,0,1,1,2026-08-24T00:00:00.000,2018-01-01T00:00:00.000,9999-12-31T00:00:00.000,1,2f52b38d686b5107afa3bb03b77be8672f52b38d686b5107afa3bb03b77be867
361,SPI000361,14,2,Vertex SafetyPpeItem 361,26,1,1,1,2026-08-24T00:00:00.000,2018-01-01T00:00:00.000,9999-12-31T00:00:00.000,1,005c066f7524541fb20df04fef3483a2005c066f7524541fb20df04fef3483a2
362,SPI000362,65,2,Vertex SafetyPpeItem 362,27,1,1,1,2026-08-24T00:00:00.000,2018-01-01T00:00:00.000,9999-12-31T00:00:00.000,1,c4ed45c47bed5a83a3f9afc7a7921348c4ed45c47bed5a83a3f9afc7a7921348
363,SPI000363,37,3,Pioneer SafetyPpeItem 363,28,1,1,1,2026-08-24T00:00:00.000,2018-01-01T00:00:00.000,9999-12-31T00:00:00.000,1,c5a0018fc7775e9cbda7e51c13161327c5a0018fc7775e9cbda7e51c13161327
364,SPI000364,7,6,Meridian SafetyPpeItem 364,1,1,1,1,2026-08-24T00:00:00.000,2018-01-01T00:00:00.000,9999-12-31T00:00:00.000,1,6ed1e72960bf51d8a603b323966db0eb6ed1e72960bf51d8a603b323966db0eb
365,SPI000365,11,7,Vertex SafetyPpeItem 365,2,0,1,1,2026-08-24T00:00:00.000,2018-01-01T00:00:00.000,9999-12-31T00:00:00.000,1,76657b925c675f9e954fa8a92f27ecac76657b925c675f9e954fa8a92f27ecac
366,SPI000366,13,4,Pioneer SafetyPpeItem 366,3,1,1,1,2026-08-24T00:00:00.000,2018-01-01T00:00:00.000,9999-12-31T00:00:00.000,1,fe09e55bcadd556788eb09e02cbc656afe09e55bcadd556788eb09e02cbc656a
367,SPI000367,18,3,Orion SafetyPpeItem 367,4,1,1,1,2026-08-24T00:00:00.000,2018-01-01T00:00:00.000,9999-12-31T00:00:00.000,1,8c7787816fde51e8a09ca59a12bb610d8c7787816fde51e8a09ca59a12bb610d
368,SPI000368,10,7,Cedar SafetyPpeItem 368,5,1,1,1,2026-08-24T00:00:00.000,2018-01-01T00:00:00.000,9999-12-31T00:00:00.000,1,46d9d935719a58b9843d558da0ed90f146d9d935719a58b9843d558da0ed90f1
369,SPI000369,47,6,Zenith SafetyPpeItem 369,6,1,1,1,2026-08-24T00:00:00.000,2018-01-01T00:00:00.000,9999-12-31T00:00:00.000,1,ae7e9a14cba659b388d22aa6c4146078ae7e9a14cba659b388d22aa6c4146078
370,SPI000370,61,1,Harbor SafetyPpeItem 370,7,0,1,1,2026-08-24T00:00:00.000,2018-01-01T00:00:00.000,9999-12-31T00:00:00.000,1,971ea1beffcb5c00bbcc47e67bdba918971ea1beffcb5c00bbcc47e67bdba918
371,SPI000371,38,7,Liberty SafetyPpeItem 371,8,1,1,1,2026-08-24T00:00:00.000,2018-01-01T00:00:00.000,9999-12-31T00:00:00.000,1,239977b3eeb9564d937de02fbfa3512c239977b3eeb9564d937de02fbfa3512c
372,SPI000372,13,3,Harbor SafetyPpeItem 372,9,1,1,1,2026-08-24T00:00:00.000,2018-01-01T00:00:00.000,9999-12-31T00:00:00.000,1,2e6c9696e529557b878e501baf2630b72e6c9696e529557b878e501baf2630b7
373,SPI000373,43,5,Zenith SafetyPpeItem 373,10,1,1,1,2026-08-24T00:00:00.000,2018-01-01T00:00:00.000,9999-12-31T00:00:00.000,1,df7c40ce7d6c563692600aa177465907df7c40ce7d6c563692600aa177465907
374,SPI000374,1,5,Vertex SafetyPpeItem 374,11,1,1,1,2026-08-24T00:00:00.000,2018-01-01T00:00:00.000,9999-12-31T00:00:00.000,1,189f7aea34355a56b75666de4db2089f189f7aea34355a56b75666de4db2089f
375,SPI000375,32,1,Zenith SafetyPpeItem 375,12,0,1,1,2026-08-24T00:00:00.000,2018-01-01T00:00:00.000,9999-12-31T00:00:00.000,1,ed5f817107a652fabc8ebd0207313c8aed5f817107a652fabc8ebd0207313c8a
376,SPI000376,39,6,Keystone SafetyPpeItem 376,13,1,1,1,2026-08-24T00:00:00.000,2018-01-01T00:00:00.000,9999-12-31T00:00:00.000,1,87909473ea8d51d5890abd285fccd2db87909473ea8d51d5890abd285fccd2db
377,SPI000377,24,2,Junction SafetyPpeItem 377,14,1,1,1,2026-08-24T00:00:00.000,2018-01-01T00:00:00.000,9999-12-31T00:00:00.000,1,a3391d8dd5905c42b5db69d598bab85fa3391d8dd5905c42b5db69d598bab85f
378,SPI000378,33,5,Keystone SafetyPpeItem 378,15,1,1,1,2026-08-24T00:00:00.000,2018-01-01T00:00:00.000,9999-12-31T00:00:00.000,1,16d8f1b23f5b55f2a7872da65bff0e5316d8f1b23f5b55f2a7872da65bff0e53
379,SPI000379,65,7,Granite SafetyPpeItem 379,16,1,1,1,2026-08-24T00:00:00.000,2018-01-01T00:00:00.000,9999-12-31T00:00:00.000,1,aed44bf05a5750a6ad3d52eb25da2476aed44bf05a5750a6ad3d52eb25da2476
380,SPI000380,27,1,Quartz SafetyPpeItem 380,17,0,1,1,2026-08-24T00:00:00.000,2018-01-01T00:00:00.000,9999-12-31T00:00:00.000,1,64942aec97e35270aa1ba01690ca1a5c64942aec97e35270aa1ba01690ca1a5c
381,SPI000381,42,6,Beacon SafetyPpeItem 381,18,1,1,1,2026-08-24T00:00:00.000,2018-01-01T00:00:00.000,9999-12-31T00:00:00.000,1,aec0488629c75083870544766260a15eaec0488629c75083870544766260a15e
382,SPI000382,60,3,Summit SafetyPpeItem 382,19,1,1,1,2026-08-24T00:00:00.000,2018-01-01T00:00:00.000,9999-12-31T00:00:00.000,1,726cddc9942c5800bdd2add6b1a8876d726cddc9942c5800bdd2add6b1a8876d
383,SPI000383,61,6,Ion SafetyPpeItem 383,20,1,1,1,2026-08-24T00:00:00.000,2018-01-01T00:00:00.000,9999-12-31T00:00:00.000,1,567f927109ed5a26b3dec71cdbd8770a567f927109ed5a26b3dec71cdbd8770a
384,SPI000384,48,7,Granite SafetyPpeItem 384,21,1,1,1,2026-08-24T00:00:00.000,2018-01-01T00:00:00.000,9999-12-31T00:00:00.000,1,aaabb34e8edc56429c88213732fa0efeaaabb34e8edc56429c88213732fa0efe
385,SPI000385,14,4,Pioneer SafetyPpeItem 385,22,0,1,1,2026-08-24T00:00:00.000,2018-01-01T00:00:00.000,9999-12-31T00:00:00.000,1,7957f3e936555472884badf44689b9317957f3e936555472884badf44689b931
386,SPI000386,55,5,Forge SafetyPpeItem 386,23,1,1,1,2026-08-24T00:00:00.000,2018-01-01T00:00:00.000,9999-12-31T00:00:00.000,1,ee4d73d555315562b97786016001c9eeee4d73d555315562b97786016001c9ee
387,SPI000387,5,6,Granite SafetyPpeItem 387,24,1,1,1,2026-08-24T00:00:00.000,2018-01-01T00:00:00.000,9999-12-31T00:00:00.000,1,447d8384a00557abbaa1903431be0953447d8384a00557abbaa1903431be0953
388,SPI000388,72,7,Meridian SafetyPpeItem 388,25,1,1,1,2026-08-24T00:00:00.000,2018-01-01T00:00:00.000,9999-12-31T00:00:00.000,1,b72df5fcbec552daa49278e679fc2a22b72df5fcbec552daa49278e679fc2a22
389,SPI000389,55,6,Liberty SafetyPpeItem 389,26,1,1,1,2026-08-24T00:00:00.000,2018-01-01T00:00:00.000,9999-12-31T00:00:00.000,1,3f026aff42c05c9bb0ff065a5c9776373f026aff42c05c9bb0ff065a5c977637
390,SPI000390,16,2,Titan SafetyPpeItem 390,27,0,1,1,2026-08-24T00:00:00.000,2018-01-01T00:00:00.000,9999-12-31T00:00:00.000,1,9f84ed5785755398a6704e2db445eb5c9f84ed5785755398a6704e2db445eb5c
391,SPI000391,66,5,Zenith SafetyPpeItem 391,28,1,1,1,2026-08-24T00:00:00.000,2018-01-01T00:00:00.000,9999-12-31T00:00:00.000,1,321face21ace5bc1b74930d215d058f5321face21ace5bc1b74930d215d058f5
392,SPI000392,40,6,Liberty SafetyPpeItem 392,1,1,1,1,2026-08-24T00:00:00.000,2018-01-01T00:00:00.000,9999-12-31T00:00:00.000,1,9633683688815d3ba079668afbaae6a09633683688815d3ba079668afbaae6a0
393,SPI000393,46,2,Keystone SafetyPpeItem 393,2,1,1,1,2026-08-24T00:00:00.000,2018-01-01T00:00:00.000,9999-12-31T00:00:00.000,1,929eecd8b98b54c3b60d603ad5133952929eecd8b98b54c3b60d603ad5133952
394,SPI000394,53,1,Riverton SafetyPpeItem 394,3,1,1,1,2026-08-24T00:00:00.000,2018-01-01T00:00:00.000,9999-12-31T00:00:00.000,1,147e9f1d76295fbbb6d1bc4d214a0a51147e9f1d76295fbbb6d1bc4d214a0a51
395,SPI000395,12,5,Ion SafetyPpeItem 395,4,0,1,1,2026-08-24T00:00:00.000,2018-01-01T00:00:00.000,9999-12-31T00:00:00.000,1,9ef81182596a59b4983500b1dd9c55009ef81182596a59b4983500b1dd9c5500
396,SPI000396,59,3,Harbor SafetyPpeItem 396,5,1,1,1,2026-08-24T00:00:00.000,2018-01-01T00:00:00.000,9999-12-31T00:00:00.000,1,0ef9995c1c3f5a6a81241b7f0d95493d0ef9995c1c3f5a6a81241b7f0d95493d
397,SPI000397,46,7,Beacon SafetyPpeItem 397,6,1,1,1,2026-08-24T00:00:00.000,2018-01-01T00:00:00.000,9999-12-31T00:00:00.000,1,7d572ac149905f8f83b5f5e5993955c57d572ac149905f8f83b5f5e5993955c5
398,SPI000398,37,2,Titan SafetyPpeItem 398,7,1,1,1,2026-08-24T00:00:00.000,2018-01-01T00:00:00.000,9999-12-31T00:00:00.000,1,4559a4a4cbca57cfad6a65ea39629b544559a4a4cbca57cfad6a65ea39629b54
399,SPI000399,64,7,Keystone SafetyPpeItem 399,8,1,1,1,2026-08-24T00:00:00.000,2018-01-01T00:00:00.000,9999-12-31T00:00:00.000,1,5973079dcfcd5d019b344e2da7f4cf355973079dcfcd5d019b344e2da7f4cf35
400,SPI000400,44,7,Liberty SafetyPpeItem 400,9,0,1,1,2026-08-24T00:00:00.000,2018-01-01T00:00:00.000,9999-12-31T00:00:00.000,1,ff124eb1325c50349a25bfaacfc42938ff124eb1325c50349a25bfaacfc42938
401,SPI000401,9,3,Vertex SafetyPpeItem 401,10,1,1,1,2026-08-24T00:00:00.000,2018-01-01T00:00:00.000,9999-12-31T00:00:00.000,1,ecd1a27a295d5d1d9c50f68c9e338225ecd1a27a295d5d1d9c50f68c9e338225
402,SPI000402,47,2,Zenith SafetyPpeItem 402,11,1,1,1,2026-08-24T00:00:00.000,2018-01-01T00:00:00.000,9999-12-31T00:00:00.000,1,62ef1eb087315661a013aff0306059a362ef1eb087315661a013aff0306059a3
403,SPI000403,55,3,Quartz SafetyPpeItem 403,12,1,1,1,2026-08-24T00:00:00.000,2018-01-01T00:00:00.000,9999-12-31T00:00:00.000,1,0f4673376b885e69b200200fc58f51c50f4673376b885e69b200200fc58f51c5
404,SPI000404,62,7,Junction SafetyPpeItem 404,13,1,1,1,2026-08-24T00:00:00.000,2018-01-01T00:00:00.000,9999-12-31T00:00:00.000,1,2c00b803a77a50d89a227a570568ea9f2c00b803a77a50d89a227a570568ea9f
405,SPI000405,52,7,Unity SafetyPpeItem 405,14,0,1,1,2026-08-24T00:00:00.000,2018-01-01T00:00:00.000,9999-12-31T00:00:00.000,1,14be8b543e475baeb48d0abb455d3ef814be8b543e475baeb48d0abb455d3ef8
406,SPI000406,45,6,Harbor SafetyPpeItem 406,15,1,1,1,2026-08-24T00:00:00.000,2018-01-01T00:00:00.000,9999-12-31T00:00:00.000,1,97d6d8e8dc31540284ce5600b78ee0d397d6d8e8dc31540284ce5600b78ee0d3
407,SPI000407,59,7,Willow SafetyPpeItem 407,16,1,1,1,2026-08-24T00:00:00.000,2018-01-01T00:00:00.000,9999-12-31T00:00:00.000,1,79b45daf1786584c8ccd98d5d5b5fa2b79b45daf1786584c8ccd98d5d5b5fa2b
408,SPI000408,62,3,Titan SafetyPpeItem 408,17,1,1,1,2026-08-24T00:00:00.000,2018-01-01T00:00:00.000,9999-12-31T00:00:00.000,1,9ffe0013c34b5877902bfbdf9987c4189ffe0013c34b5877902bfbdf9987c418
409,SPI000409,8,1,Unity SafetyPpeItem 409,18,1,1,1,2026-08-24T00:00:00.000,2018-01-01T00:00:00.000,9999-12-31T00:00:00.000,1,3e50deaab54857fea2a1cc042184cea63e50deaab54857fea2a1cc042184cea6
410,SPI000410,62,5,Zenith SafetyPpeItem 410,19,0,1,1,2026-08-24T00:00:00.000,2018-01-01T00:00:00.000,9999-12-31T00:00:00.000,1,9f34a172dfac5bb284e0ded842abec409f34a172dfac5bb284e0ded842abec40
411,SPI000411,51,5,Willow SafetyPpeItem 411,20,1,1,1,2026-08-24T00:00:00.000,2018-01-01T00:00:00.000,9999-12-31T00:00:00.000,1,6b5b3a5a7aeb581a978683eb31f5acd96b5b3a5a7aeb581a978683eb31f5acd9
412,SPI000412,32,5,Summit SafetyPpeItem 412,21,1,1,1,2026-08-24T00:00:00.000,2018-01-01T00:00:00.000,9999-12-31T00:00:00.000,1,f6d83f65ca5658b29d23cbefcbd956dff6d83f65ca5658b29d23cbefcbd956df
413,SPI000413,27,5,Summit SafetyPpeItem 413,22,1,1,1,2026-08-24T00:00:00.000,2018-01-01T00:00:00.000,9999-12-31T00:00:00.000,1,037f7fae74c35a3db81b6fef691a6b45037f7fae74c35a3db81b6fef691a6b45
414,SPI000414,27,7,Pioneer SafetyPpeItem 414,23,1,1,1,2026-08-24T00:00:00.000,2018-01-01T00:00:00.000,9999-12-31T00:00:00.000,1,150f1d98ad195fbaaa796a8704c9b626150f1d98ad195fbaaa796a8704c9b626
415,SPI000415,22,3,Evergreen SafetyPpeItem 415,24,0,1,1,2026-08-24T00:00:00.000,2018-01-01T00:00:00.000,9999-12-31T00:00:00.000,1,c14d29e6097e57fa802aa6ef236e8f7fc14d29e6097e57fa802aa6ef236e8f7f
416,SPI000416,54,7,Northstar SafetyPpeItem 416,25,1,1,1,2026-08-24T00:00:00.000,2018-01-01T00:00:00.000,9999-12-31T00:00:00.000,1,23e4e00393205d47bf89ade0a3ebbb1923e4e00393205d47bf89ade0a3ebbb19
417,SPI000417,6,3,Atlas SafetyPpeItem 417,26,1,1,1,2026-08-24T00:00:00.000,2018-01-01T00:00:00.000,9999-12-31T00:00:00.000,1,5a46b1151f5b5219bf616544ff2c583f5a46b1151f5b5219bf616544ff2c583f
418,SPI000418,47,2,Summit SafetyPpeItem 418,27,1,1,1,2026-08-24T00:00:00.000,2018-01-01T00:00:00.000,9999-12-31T00:00:00.000,1,402f0230f7e45512afdb838626931477402f0230f7e45512afdb838626931477
419,SPI000419,48,4,Quartz SafetyPpeItem 419,28,1,1,1,2026-08-24T00:00:00.000,2018-01-01T00:00:00.000,9999-12-31T00:00:00.000,1,c494c4cfde34557aa932e89934992593c494c4cfde34557aa932e89934992593
420,SPI000420,69,2,Willow SafetyPpeItem 420,1,0,1,1,2026-08-24T00:00:00.000,2018-01-01T00:00:00.000,9999-12-31T00:00:00.000,1,291254ec68a959858b04585bf0576a24291254ec68a959858b04585bf0576a24
421,SPI000421,20,5,Northstar SafetyPpeItem 421,2,1,1,1,2026-08-24T00:00:00.000,2018-01-01T00:00:00.000,9999-12-31T00:00:00.000,1,81a9021b7b1e58f08c45b0541701abfe81a9021b7b1e58f08c45b0541701abfe
422,SPI000422,8,3,Quartz SafetyPpeItem 422,3,1,1,1,2026-08-24T00:00:00.000,2018-01-01T00:00:00.000,9999-12-31T00:00:00.000,1,f47a0e2e89f05bc3a8739591df234b9ff47a0e2e89f05bc3a8739591df234b9f
423,SPI000423,23,4,Unity SafetyPpeItem 423,4,1,1,1,2026-08-24T00:00:00.000,2018-01-01T00:00:00.000,9999-12-31T00:00:00.000,1,00b6ffffe655544c87f21ad7d2c9b8f000b6ffffe655544c87f21ad7d2c9b8f0
424,SPI000424,26,5,Liberty SafetyPpeItem 424,5,1,1,1,2026-08-24T00:00:00.000,2018-01-01T00:00:00.000,9999-12-31T00:00:00.000,1,1ba16b0402d15e01b4d06f7f7597f00c1ba16b0402d15e01b4d06f7f7597f00c
425,SPI000425,68,6,Atlas SafetyPpeItem 425,6,0,1,1,2026-08-24T00:00:00.000,2018-01-01T00:00:00.000,9999-12-31T00:00:00.000,1,2afb535b39605f6aaebd307e97596af42afb535b39605f6aaebd307e97596af4
426,SPI000426,35,3,Atlas SafetyPpeItem 426,7,1,1,1,2026-08-24T00:00:00.000,2018-01-01T00:00:00.000,9999-12-31T00:00:00.000,1,8e67e777e1835c7981a907bd7a4d8ece8e67e777e1835c7981a907bd7a4d8ece
427,SPI000427,51,5,Pioneer SafetyPpeItem 427,8,1,1,1,2026-08-24T00:00:00.000,2018-01-01T00:00:00.000,9999-12-31T00:00:00.000,1,3dc0a9d230115b77acf3ea5879f94c133dc0a9d230115b77acf3ea5879f94c13
428,SPI000428,48,1,Vertex SafetyPpeItem 428,9,1,1,1,2026-08-24T00:00:00.000,2018-01-01T00:00:00.000,9999-12-31T00:00:00.000,1,258c6217886a5bf2bf6aa7677d1cace4258c6217886a5bf2bf6aa7677d1cace4
429,SPI000429,70,4,Northstar SafetyPpeItem 429,10,1,1,1,2026-08-24T00:00:00.000,2018-01-01T00:00:00.000,9999-12-31T00:00:00.000,1,dd7904cc3d4f5e86aafba7a78353bdc7dd7904cc3d4f5e86aafba7a78353bdc7
430,SPI000430,10,3,Titan SafetyPpeItem 430,11,0,1,1,2026-08-24T00:00:00.000,2018-01-01T00:00:00.000,9999-12-31T00:00:00.000,1,c75fee96f0c85e72ad8ad5de14d69cb3c75fee96f0c85e72ad8ad5de14d69cb3
431,SPI000431,3,7,Liberty SafetyPpeItem 431,12,1,1,1,2026-08-24T00:00:00.000,2018-01-01T00:00:00.000,9999-12-31T00:00:00.000,1,1f3fd3f176a55227a587eacffc500b6f1f3fd3f176a55227a587eacffc500b6f
432,SPI000432,67,3,Granite SafetyPpeItem 432,13,1,1,1,2026-08-24T00:00:00.000,2018-01-01T00:00:00.000,9999-12-31T00:00:00.000,1,97f2537338b557ab99efd051035adc9e97f2537338b557ab99efd051035adc9e
433,SPI000433,46,4,Evergreen SafetyPpeItem 433,14,1,1,1,2026-08-24T00:00:00.000,2018-01-01T00:00:00.000,9999-12-31T00:00:00.000,1,97b3552e80b05d9c87f678f44289a4f697b3552e80b05d9c87f678f44289a4f6
434,SPI000434,70,2,Riverton SafetyPpeItem 434,15,1,1,1,2026-08-24T00:00:00.000,2018-01-01T00:00:00.000,9999-12-31T00:00:00.000,1,db0d71c8d71b53bfbffd93f28cf7ad17db0d71c8d71b53bfbffd93f28cf7ad17
435,SPI000435,42,5,Cedar SafetyPpeItem 435,16,0,1,1,2026-08-24T00:00:00.000,2018-01-01T00:00:00.000,9999-12-31T00:00:00.000,1,d9c794a630d05f68a5ad9c3d464afe63d9c794a630d05f68a5ad9c3d464afe63
436,SPI000436,72,4,Meridian SafetyPpeItem 436,17,1,1,1,2026-08-24T00:00:00.000,2018-01-01T00:00:00.000,9999-12-31T00:00:00.000,1,8c32bb62cd595bc2aafa863df27a7f8a8c32bb62cd595bc2aafa863df27a7f8a
437,SPI000437,48,7,Forge SafetyPpeItem 437,18,1,1,1,2026-08-24T00:00:00.000,2018-01-01T00:00:00.000,9999-12-31T00:00:00.000,1,9183d4911cda581dbe1032c570d48cf49183d4911cda581dbe1032c570d48cf4
438,SPI000438,59,2,Zenith SafetyPpeItem 438,19,1,1,1,2026-08-24T00:00:00.000,2018-01-01T00:00:00.000,9999-12-31T00:00:00.000,1,e4e7c0dd46da507da4f80e1aba00fa62e4e7c0dd46da507da4f80e1aba00fa62
439,SPI000439,1,5,Beacon SafetyPpeItem 439,20,1,1,1,2026-08-24T00:00:00.000,2018-01-01T00:00:00.000,9999-12-31T00:00:00.000,1,bba543cc599e55c3b36e8263b5031468bba543cc599e55c3b36e8263b5031468
440,SPI000440,65,3,Northstar SafetyPpeItem 440,21,0,1,1,2026-08-24T00:00:00.000,2018-01-01T00:00:00.000,9999-12-31T00:00:00.000,1,442cd95d75125a62a4798185f1e0927d442cd95d75125a62a4798185f1e0927d
441,SPI000441,49,6,Meridian SafetyPpeItem 441,22,1,1,1,2026-08-24T00:00:00.000,2018-01-01T00:00:00.000,9999-12-31T00:00:00.000,1,580502d15f125c3a87be3771d1bf0ca6580502d15f125c3a87be3771d1bf0ca6
442,SPI000442,20,2,Delta SafetyPpeItem 442,23,1,1,1,2026-08-24T00:00:00.000,2018-01-01T00:00:00.000,9999-12-31T00:00:00.000,1,418cf484352650e190e2b0f6a838a9d0418cf484352650e190e2b0f6a838a9d0
443,SPI000443,53,2,Willow SafetyPpeItem 443,24,1,1,1,2026-08-24T00:00:00.000,2018-01-01T00:00:00.000,9999-12-31T00:00:00.000,1,e68c8137b0695573b4df7652b02be70fe68c8137b0695573b4df7652b02be70f
444,SPI000444,16,6,Ion SafetyPpeItem 444,25,1,1,1,2026-08-24T00:00:00.000,2018-01-01T00:00:00.000,9999-12-31T00:00:00.000,1,13f53cc3cc55513cb10f125c61db4a7513f53cc3cc55513cb10f125c61db4a75
445,SPI000445,17,7,Harbor SafetyPpeItem 445,26,0,1,1,2026-08-24T00:00:00.000,2018-01-01T00:00:00.000,9999-12-31T00:00:00.000,1,212687c1e142547aa86a6b931c51a463212687c1e142547aa86a6b931c51a463
446,SPI000446,7,7,Granite SafetyPpeItem 446,27,1,1,1,2026-08-24T00:00:00.000,2018-01-01T00:00:00.000,9999-12-31T00:00:00.000,1,cbf5f9b10e75554fa759c2e8342b6e60cbf5f9b10e75554fa759c2e8342b6e60
447,SPI000447,66,6,Granite SafetyPpeItem 447,28,1,1,1,2026-08-24T00:00:00.000,2018-01-01T00:00:00.000,9999-12-31T00:00:00.000,1,657ddc8c81f058d481a9fc18b705e80f657ddc8c81f058d481a9fc18b705e80f
448,SPI000448,40,6,Northstar SafetyPpeItem 448,1,1,1,1,2026-08-24T00:00:00.000,2018-01-01T00:00:00.000,9999-12-31T00:00:00.000,1,33127da0105153e38988209f2e23566b33127da0105153e38988209f2e23566b
449,SPI000449,21,1,Northstar SafetyPpeItem 449,2,1,1,1,2026-08-24T00:00:00.000,2018-01-01T00:00:00.000,9999-12-31T00:00:00.000,1,4f659fc5b8ed52d79aad5ef21b151d534f659fc5b8ed52d79aad5ef21b151d53
450,SPI000450,2,4,Cedar SafetyPpeItem 450,3,0,1,1,2026-08-24T00:00:00.000,2018-01-01T00:00:00.000,9999-12-31T00:00:00.000,1,f97bfde9c7f55e0ba5b538daedcda478f97bfde9c7f55e0ba5b538daedcda478
451,SPI000451,59,2,Evergreen SafetyPpeItem 451,4,1,1,1,2026-08-24T00:00:00.000,2018-01-01T00:00:00.000,9999-12-31T00:00:00.000,1,e1fbcb7295415ca382c61529e6d0e1cfe1fbcb7295415ca382c61529e6d0e1cf
452,SPI000452,67,3,Ion SafetyPpeItem 452,5,1,1,1,2026-08-24T00:00:00.000,2018-01-01T00:00:00.000,9999-12-31T00:00:00.000,1,321760d40b3856a9806f04cd1bba4597321760d40b3856a9806f04cd1bba4597
453,SPI000453,33,6,Evergreen SafetyPpeItem 453,6,1,1,1,2026-08-24T00:00:00.000,2018-01-01T00:00:00.000,9999-12-31T00:00:00.000,1,c44c766ad11055c1b9825f17abeaac87c44c766ad11055c1b9825f17abeaac87
454,SPI000454,65,5,Forge SafetyPpeItem 454,7,1,1,1,2026-08-24T00:00:00.000,2018-01-01T00:00:00.000,9999-12-31T00:00:00.000,1,ebf6f2ccfacf51cd94f2ca681540932cebf6f2ccfacf51cd94f2ca681540932c
455,SPI000455,61,7,Vertex SafetyPpeItem 455,8,0,1,1,2026-08-24T00:00:00.000,2018-01-01T00:00:00.000,9999-12-31T00:00:00.000,1,8afc810a5e7253319e6bdd22e1d819a58afc810a5e7253319e6bdd22e1d819a5
456,SPI000456,42,2,Junction SafetyPpeItem 456,9,1,1,1,2026-08-24T00:00:00.000,2018-01-01T00:00:00.000,9999-12-31T00:00:00.000,1,365a05f664f45c21975644d6018f0cfd365a05f664f45c21975644d6018f0cfd
457,SPI000457,24,7,Atlas SafetyPpeItem 457,10,1,1,1,2026-08-24T00:00:00.000,2018-01-01T00:00:00.000,9999-12-31T00:00:00.000,1,c356e3a43a5756249d407ee74b11e721c356e3a43a5756249d407ee74b11e721
458,SPI000458,34,1,Vertex SafetyPpeItem 458,11,1,1,1,2026-08-24T00:00:00.000,2018-01-01T00:00:00.000,9999-12-31T00:00:00.000,1,91cd0c5d5c625b2c99f406aa8fcb768191cd0c5d5c625b2c99f406aa8fcb7681
459,SPI000459,66,1,Riverton SafetyPpeItem 459,12,1,1,1,2026-08-24T00:00:00.000,2018-01-01T00:00:00.000,9999-12-31T00:00:00.000,1,0004ffe7f4175c25ac97f0097f40fee40004ffe7f4175c25ac97f0097f40fee4
460,SPI000460,63,5,Orion SafetyPpeItem 460,13,0,1,1,2026-08-24T00:00:00.000,2018-01-01T00:00:00.000,9999-12-31T00:00:00.000,1,4e2e2b5358eb5279bab24b68c2e7c2544e2e2b5358eb5279bab24b68c2e7c254
461,SPI000461,5,4,Liberty SafetyPpeItem 461,14,1,1,1,2026-08-24T00:00:00.000,2018-01-01T00:00:00.000,9999-12-31T00:00:00.000,1,adc46ea6b9be542a85635b818f6f2f9dadc46ea6b9be542a85635b818f6f2f9d
462,SPI000462,14,1,Riverton SafetyPpeItem 462,15,1,1,1,2026-08-24T00:00:00.000,2018-01-01T00:00:00.000,9999-12-31T00:00:00.000,1,6581517d5a17531f89a7dbfe11c43a916581517d5a17531f89a7dbfe11c43a91
463,SPI000463,35,5,Riverton SafetyPpeItem 463,16,1,1,1,2026-08-24T00:00:00.000,2018-01-01T00:00:00.000,9999-12-31T00:00:00.000,1,80213cd41ec85d7383704fd1fd6a46ad80213cd41ec85d7383704fd1fd6a46ad
464,SPI000464,31,7,Delta SafetyPpeItem 464,17,1,1,1,2026-08-24T00:00:00.000,2018-01-01T00:00:00.000,9999-12-31T00:00:00.000,1,fc1460593b6d5bc8880ce012a388364bfc1460593b6d5bc8880ce012a388364b
465,SPI000465,56,7,Evergreen SafetyPpeItem 465,18,0,1,1,2026-08-24T00:00:00.000,2018-01-01T00:00:00.000,9999-12-31T00:00:00.000,1,3206112c809757508c2bf6006d8d9e593206112c809757508c2bf6006d8d9e59
466,SPI000466,2,2,Riverton SafetyPpeItem 466,19,1,1,1,2026-08-24T00:00:00.000,2018-01-01T00:00:00.000,9999-12-31T00:00:00.000,1,cee5025032b15437b954f1e74ffed8eccee5025032b15437b954f1e74ffed8ec
467,SPI000467,34,6,Cedar SafetyPpeItem 467,20,1,1,1,2026-08-24T00:00:00.000,2018-01-01T00:00:00.000,9999-12-31T00:00:00.000,1,1f78a901921d5564ba6e6d3bc1dc84d11f78a901921d5564ba6e6d3bc1dc84d1
468,SPI000468,62,7,Riverton SafetyPpeItem 468,21,1,1,1,2026-08-24T00:00:00.000,2018-01-01T00:00:00.000,9999-12-31T00:00:00.000,1,f1bd136d03ff5061afc9f03c4485e042f1bd136d03ff5061afc9f03c4485e042
469,SPI000469,19,4,Vertex SafetyPpeItem 469,22,1,1,1,2026-08-24T00:00:00.000,2018-01-01T00:00:00.000,9999-12-31T00:00:00.000,1,e06465c1734b5d5aa577d400935d230fe06465c1734b5d5aa577d400935d230f
470,SPI000470,11,3,Junction SafetyPpeItem 470,23,0,1,1,2026-08-24T00:00:00.000,2018-01-01T00:00:00.000,9999-12-31T00:00:00.000,1,230f019513c6538894d5a184f366eec1230f019513c6538894d5a184f366eec1
471,SPI000471,46,1,Beacon SafetyPpeItem 471,24,1,1,1,2026-08-24T00:00:00.000,2018-01-01T00:00:00.000,9999-12-31T00:00:00.000,1,13df33cb305d513f9cdcc8884a6f636d13df33cb305d513f9cdcc8884a6f636d
472,SPI000472,47,7,Evergreen SafetyPpeItem 472,25,1,1,1,2026-08-24T00:00:00.000,2018-01-01T00:00:00.000,9999-12-31T00:00:00.000,1,5d1b76a3793452d190dfb774b305c5815d1b76a3793452d190dfb774b305c581
473,SPI000473,10,1,Meridian SafetyPpeItem 473,26,1,1,1,2026-08-24T00:00:00.000,2018-01-01T00:00:00.000,9999-12-31T00:00:00.000,1,b4404b6eb024520b9156bdd33de66cd0b4404b6eb024520b9156bdd33de66cd0
474,SPI000474,5,6,Quartz SafetyPpeItem 474,27,1,1,1,2026-08-24T00:00:00.000,2018-01-01T00:00:00.000,9999-12-31T00:00:00.000,1,880c6925848b5a67932bd24a79d63c0a880c6925848b5a67932bd24a79d63c0a
475,SPI000475,24,3,Willow SafetyPpeItem 475,28,0,1,1,2026-08-24T00:00:00.000,2018-01-01T00:00:00.000,9999-12-31T00:00:00.000,1,e62cf35ff5985676b790bb22792c4b35e62cf35ff5985676b790bb22792c4b35
476,SPI000476,47,5,Willow SafetyPpeItem 476,1,1,1,1,2026-08-24T00:00:00.000,2018-01-01T00:00:00.000,9999-12-31T00:00:00.000,1,391c5607a0c45dafae286952c326e750391c5607a0c45dafae286952c326e750
477,SPI000477,16,6,Granite SafetyPpeItem 477,2,1,1,1,2026-08-24T00:00:00.000,2018-01-01T00:00:00.000,9999-12-31T00:00:00.000,1,14b3985291f35106b8d4fdc23c60d76414b3985291f35106b8d4fdc23c60d764
478,SPI000478,39,5,Atlas SafetyPpeItem 478,3,1,1,1,2026-08-24T00:00:00.000,2018-01-01T00:00:00.000,9999-12-31T00:00:00.000,1,252b24eb727a569e912492bce157c8e2252b24eb727a569e912492bce157c8e2
479,SPI000479,36,7,Meridian SafetyPpeItem 479,4,1,1,1,2026-08-24T00:00:00.000,2018-01-01T00:00:00.000,9999-12-31T00:00:00.000,1,153757a0940957678bebd39b7fd26a83153757a0940957678bebd39b7fd26a83
480,SPI000480,72,4,Riverton SafetyPpeItem 480,5,0,1,1,2026-08-24T00:00:00.000,2018-01-01T00:00:00.000,9999-12-31T00:00:00.000,1,095dd167afca5cb8bdc813dac7f86cc0095dd167afca5cb8bdc813dac7f86cc0
481,SPI000481,48,1,Pioneer SafetyPpeItem 481,6,1,1,1,2026-08-24T00:00:00.000,2018-01-01T00:00:00.000,9999-12-31T00:00:00.000,1,520c7fe250225daba8cfb4b08babecab520c7fe250225daba8cfb4b08babecab
482,SPI000482,58,1,Cedar SafetyPpeItem 482,7,1,1,1,2026-08-24T00:00:00.000,2018-01-01T00:00:00.000,9999-12-31T00:00:00.000,1,ddd5f3fa1180513cbae6565e07ce7845ddd5f3fa1180513cbae6565e07ce7845
483,SPI000483,15,2,Junction SafetyPpeItem 483,8,1,1,1,2026-08-24T00:00:00.000,2018-01-01T00:00:00.000,9999-12-31T00:00:00.000,1,03414fbcd3ea5267af1a4a832c58c58503414fbcd3ea5267af1a4a832c58c585
484,SPI000484,62,6,Keystone SafetyPpeItem 484,9,1,1,1,2026-08-24T00:00:00.000,2018-01-01T00:00:00.000,9999-12-31T00:00:00.000,1,3723768546195a54a01eaf6b18b814cc3723768546195a54a01eaf6b18b814cc
485,SPI000485,60,7,Meridian SafetyPpeItem 485,10,0,1,1,2026-08-24T00:00:00.000,2018-01-01T00:00:00.000,9999-12-31T00:00:00.000,1,99ae9a27ee935f6ab3c385a848313aad99ae9a27ee935f6ab3c385a848313aad
486,SPI000486,58,6,Willow SafetyPpeItem 486,11,1,1,1,2026-08-24T00:00:00.000,2018-01-01T00:00:00.000,9999-12-31T00:00:00.000,1,83f3033e86c05024b80b491bbcbb12d883f3033e86c05024b80b491bbcbb12d8
487,SPI000487,65,5,Harbor SafetyPpeItem 487,12,1,1,1,2026-08-24T00:00:00.000,2018-01-01T00:00:00.000,9999-12-31T00:00:00.000,1,273345c32d3d53449e7d72aa6e510170273345c32d3d53449e7d72aa6e510170
488,SPI000488,50,1,Ion SafetyPpeItem 488,13,1,1,1,2026-08-24T00:00:00.000,2018-01-01T00:00:00.000,9999-12-31T00:00:00.000,1,bc5e2d2879bb53b88cdc041eb94bdd96bc5e2d2879bb53b88cdc041eb94bdd96
489,SPI000489,17,2,Ion SafetyPpeItem 489,14,1,1,1,2026-08-24T00:00:00.000,2018-01-01T00:00:00.000,9999-12-31T00:00:00.000,1,ebb3ed2fa16b5100a1829513b05f51b4ebb3ed2fa16b5100a1829513b05f51b4
490,SPI000490,22,7,Junction SafetyPpeItem 490,15,0,1,1,2026-08-24T00:00:00.000,2018-01-01T00:00:00.000,9999-12-31T00:00:00.000,1,f0430638d15a544b87cf226501a13175f0430638d15a544b87cf226501a13175
491,SPI000491,63,6,Evergreen SafetyPpeItem 491,16,1,1,1,2026-08-24T00:00:00.000,2018-01-01T00:00:00.000,9999-12-31T00:00:00.000,1,cc48529f4170568492ed8f261070b47acc48529f4170568492ed8f261070b47a
492,SPI000492,39,6,Evergreen SafetyPpeItem 492,17,1,1,1,2026-08-24T00:00:00.000,2018-01-01T00:00:00.000,9999-12-31T00:00:00.000,1,60d22e8b799b514298434af9e9efa2d860d22e8b799b514298434af9e9efa2d8
493,SPI000493,65,1,Harbor SafetyPpeItem 493,18,1,1,1,2026-08-24T00:00:00.000,2018-01-01T00:00:00.000,9999-12-31T00:00:00.000,1,cb255097a079550783362d210e58bcb0cb255097a079550783362d210e58bcb0
494,SPI000494,31,6,Beacon SafetyPpeItem 494,19,1,1,1,2026-08-24T00:00:00.000,2018-01-01T00:00:00.000,9999-12-31T00:00:00.000,1,659c07d5e05a5a3a8f94efc44ab3fd81659c07d5e05a5a3a8f94efc44ab3fd81
495,SPI000495,3,2,Junction SafetyPpeItem 495,20,0,1,1,2026-08-24T00:00:00.000,2018-01-01T00:00:00.000,9999-12-31T00:00:00.000,1,dde46b63560355d8b56510d6ad11d241dde46b63560355d8b56510d6ad11d241
496,SPI000496,24,4,Granite SafetyPpeItem 496,21,1,1,1,2026-08-24T00:00:00.000,2018-01-01T00:00:00.000,9999-12-31T00:00:00.000,1,61239337cef654ec8c206a3ee505122e61239337cef654ec8c206a3ee505122e
497,SPI000497,14,2,Evergreen SafetyPpeItem 497,22,1,1,1,2026-08-24T00:00:00.000,2018-01-01T00:00:00.000,9999-12-31T00:00:00.000,1,3cb7433f2c6650cd8a5e38890c3146063cb7433f2c6650cd8a5e38890c314606
498,SPI000498,63,1,Ion SafetyPpeItem 498,23,1,1,1,2026-08-24T00:00:00.000,2018-01-01T00:00:00.000,9999-12-31T00:00:00.000,1,97e16fb52ec756e2a541d0606e5e3dc697e16fb52ec756e2a541d0606e5e3dc6
499,SPI000499,55,1,Atlas SafetyPpeItem 499,24,1,1,1,2026-08-24T00:00:00.000,2018-01-01T00:00:00.000,9999-12-31T00:00:00.000,1,b6633430b31f5edca428eaaaaba23b3eb6633430b31f5edca428eaaaaba23b3e
500,SPI000500,55,2,Ion SafetyPpeItem 500,25,0,1,1,2026-08-24T00:00:00.000,2018-01-01T00:00:00.000,9999-12-31T00:00:00.000,1,677d810a6a9a536bbbd22cbf30f03f26677d810a6a9a536bbbd22cbf30f03f26
