SafetyObligationKey,SafetyObligationCode,SafetyComplianceTopicKey,SafetyObligationName,CitationReference,SourceSystemKey,BatchId,LoadedAtUtc
-1,UNKNOWN,-1,Unknown,N/A,-1,0,1900-01-01T00:00:00.000
1,SO000001,156,Harbor SafetyObligation 1,SafetyObligation-CitationReference-1,1,1,2026-08-24T00:00:00.000
2,SO000002,255,Granite SafetyObligation 2,SafetyObligation-CitationReference-2,1,1,2026-08-24T00:00:00.000
3,SO000003,289,Vertex SafetyObligation 3,SafetyObligation-CitationReference-3,1,1,2026-08-24T00:00:00.000
4,SO000004,344,Cedar SafetyObligation 4,SafetyObligation-CitationReference-4,1,1,2026-08-24T00:00:00.000
5,SO000005,246,Junction SafetyObligation 5,SafetyObligation-CitationReference-5,1,1,2026-08-24T00:00:00.000
6,SO000006,152,Keystone SafetyObligation 6,SafetyObligation-CitationReference-6,1,1,2026-08-24T00:00:00.000
7,SO000007,222,Riverton SafetyObligation 7,SafetyObligation-CitationReference-7,1,1,2026-08-24T00:00:00.000
8,SO000008,191,Beacon SafetyObligation 8,SafetyObligation-CitationReference-8,1,1,2026-08-24T00:00:00.000
9,SO000009,8,Atlas SafetyObligation 9,SafetyObligation-CitationReference-9,1,1,2026-08-24T00:00:00.000
10,SO000010,324,Riverton SafetyObligation 10,SafetyObligation-CitationReference-10,1,1,2026-08-24T00:00:00.000
11,SO000011,91,Northstar SafetyObligation 11,SafetyObligation-CitationReference-11,1,1,2026-08-24T00:00:00.000
12,SO000012,184,Orion SafetyObligation 12,SafetyObligation-CitationReference-12,1,1,2026-08-24T00:00:00.000
13,SO000013,262,Harbor SafetyObligation 13,SafetyObligation-CitationReference-13,1,1,2026-08-24T00:00:00.000
14,SO000014,152,Forge SafetyObligation 14,SafetyObligation-CitationReference-14,1,1,2026-08-24T00:00:00.000
15,SO000015,147,Pioneer SafetyObligation 15,SafetyObligation-CitationReference-15,1,1,2026-08-24T00:00:00.000
16,SO000016,304,Titan SafetyObligation 16,SafetyObligation-CitationReference-16,1,1,2026-08-24T00:00:00.000
17,SO000017,63,Keystone SafetyObligation 17,SafetyObligation-CitationReference-17,1,1,2026-08-24T00:00:00.000
18,SO000018,308,Unity SafetyObligation 18,SafetyObligation-CitationReference-18,1,1,2026-08-24T00:00:00.000
19,SO000019,172,Zenith SafetyObligation 19,SafetyObligation-CitationReference-19,1,1,2026-08-24T00:00:00.000
20,SO000020,167,Titan SafetyObligation 20,SafetyObligation-CitationReference-20,1,1,2026-08-24T00:00:00.000
21,SO000021,320,Riverton SafetyObligation 21,SafetyObligation-CitationReference-21,1,1,2026-08-24T00:00:00.000
22,SO000022,121,Keystone SafetyObligation 22,SafetyObligation-CitationReference-22,1,1,2026-08-24T00:00:00.000
23,SO000023,89,Delta SafetyObligation 23,SafetyObligation-CitationReference-23,1,1,2026-08-24T00:00:00.000
24,SO000024,215,Delta SafetyObligation 24,SafetyObligation-CitationReference-24,1,1,2026-08-24T00:00:00.000
25,SO000025,309,Titan SafetyObligation 25,SafetyObligation-CitationReference-25,1,1,2026-08-24T00:00:00.000
26,SO000026,26,Forge SafetyObligation 26,SafetyObligation-CitationReference-26,1,1,2026-08-24T00:00:00.000
27,SO000027,137,Delta SafetyObligation 27,SafetyObligation-CitationReference-27,1,1,2026-08-24T00:00:00.000
28,SO000028,24,Junction SafetyObligation 28,SafetyObligation-CitationReference-28,1,1,2026-08-24T00:00:00.000
29,SO000029,209,Titan SafetyObligation 29,SafetyObligation-CitationReference-29,1,1,2026-08-24T00:00:00.000
30,SO000030,31,Atlas SafetyObligation 30,SafetyObligation-CitationReference-30,1,1,2026-08-24T00:00:00.000
31,SO000031,209,Riverton SafetyObligation 31,SafetyObligation-CitationReference-31,1,1,2026-08-24T00:00:00.000
32,SO000032,84,Riverton SafetyObligation 32,SafetyObligation-CitationReference-32,1,1,2026-08-24T00:00:00.000
33,SO000033,314,Summit SafetyObligation 33,SafetyObligation-CitationReference-33,1,1,2026-08-24T00:00:00.000
34,SO000034,91,Meridian SafetyObligation 34,SafetyObligation-CitationReference-34,1,1,2026-08-24T00:00:00.000
35,SO000035,217,Summit SafetyObligation 35,SafetyObligation-CitationReference-35,1,1,2026-08-24T00:00:00.000
36,SO000036,34,Quartz SafetyObligation 36,SafetyObligation-CitationReference-36,1,1,2026-08-24T00:00:00.000
37,SO000037,225,Granite SafetyObligation 37,SafetyObligation-CitationReference-37,1,1,2026-08-24T00:00:00.000
38,SO000038,259,Cedar SafetyObligation 38,SafetyObligation-CitationReference-38,1,1,2026-08-24T00:00:00.000
39,SO000039,173,Granite SafetyObligation 39,SafetyObligation-CitationReference-39,1,1,2026-08-24T00:00:00.000
40,SO000040,258,Unity SafetyObligation 40,SafetyObligation-CitationReference-40,1,1,2026-08-24T00:00:00.000
41,SO000041,117,Quartz SafetyObligation 41,SafetyObligation-CitationReference-41,1,1,2026-08-24T00:00:00.000
42,SO000042,7,Willow SafetyObligation 42,SafetyObligation-CitationReference-42,1,1,2026-08-24T00:00:00.000
43,SO000043,256,Forge SafetyObligation 43,SafetyObligation-CitationReference-43,1,1,2026-08-24T00:00:00.000
44,SO000044,106,Willow SafetyObligation 44,SafetyObligation-CitationReference-44,1,1,2026-08-24T00:00:00.000
45,SO000045,63,Ion SafetyObligation 45,SafetyObligation-CitationReference-45,1,1,2026-08-24T00:00:00.000
46,SO000046,164,Vertex SafetyObligation 46,SafetyObligation-CitationReference-46,1,1,2026-08-24T00:00:00.000
47,SO000047,293,Ion SafetyObligation 47,SafetyObligation-CitationReference-47,1,1,2026-08-24T00:00:00.000
48,SO000048,315,Riverton SafetyObligation 48,SafetyObligation-CitationReference-48,1,1,2026-08-24T00:00:00.000
49,SO000049,237,Pioneer SafetyObligation 49,SafetyObligation-CitationReference-49,1,1,2026-08-24T00:00:00.000
50,SO000050,220,Cedar SafetyObligation 50,SafetyObligation-CitationReference-50,1,1,2026-08-24T00:00:00.000
51,SO000051,109,Junction SafetyObligation 51,SafetyObligation-CitationReference-51,1,1,2026-08-24T00:00:00.000
52,SO000052,87,Willow SafetyObligation 52,SafetyObligation-CitationReference-52,1,1,2026-08-24T00:00:00.000
53,SO000053,16,Ion SafetyObligation 53,SafetyObligation-CitationReference-53,1,1,2026-08-24T00:00:00.000
54,SO000054,119,Vertex SafetyObligation 54,SafetyObligation-CitationReference-54,1,1,2026-08-24T00:00:00.000
55,SO000055,194,Titan SafetyObligation 55,SafetyObligation-CitationReference-55,1,1,2026-08-24T00:00:00.000
56,SO000056,334,Ion SafetyObligation 56,SafetyObligation-CitationReference-56,1,1,2026-08-24T00:00:00.000
57,SO000057,75,Forge SafetyObligation 57,SafetyObligation-CitationReference-57,1,1,2026-08-24T00:00:00.000
58,SO000058,162,Atlas SafetyObligation 58,SafetyObligation-CitationReference-58,1,1,2026-08-24T00:00:00.000
59,SO000059,105,Granite SafetyObligation 59,SafetyObligation-CitationReference-59,1,1,2026-08-24T00:00:00.000
60,SO000060,252,Pioneer SafetyObligation 60,SafetyObligation-CitationReference-60,1,1,2026-08-24T00:00:00.000
61,SO000061,12,Evergreen SafetyObligation 61,SafetyObligation-CitationReference-61,1,1,2026-08-24T00:00:00.000
62,SO000062,100,Granite SafetyObligation 62,SafetyObligation-CitationReference-62,1,1,2026-08-24T00:00:00.000
63,SO000063,231,Vertex SafetyObligation 63,SafetyObligation-CitationReference-63,1,1,2026-08-24T00:00:00.000
64,SO000064,226,Vertex SafetyObligation 64,SafetyObligation-CitationReference-64,1,1,2026-08-24T00:00:00.000
65,SO000065,119,Summit SafetyObligation 65,SafetyObligation-CitationReference-65,1,1,2026-08-24T00:00:00.000
66,SO000066,270,Ion SafetyObligation 66,SafetyObligation-CitationReference-66,1,1,2026-08-24T00:00:00.000
67,SO000067,23,Northstar SafetyObligation 67,SafetyObligation-CitationReference-67,1,1,2026-08-24T00:00:00.000
68,SO000068,309,Delta SafetyObligation 68,SafetyObligation-CitationReference-68,1,1,2026-08-24T00:00:00.000
69,SO000069,326,Willow SafetyObligation 69,SafetyObligation-CitationReference-69,1,1,2026-08-24T00:00:00.000
70,SO000070,310,Junction SafetyObligation 70,SafetyObligation-CitationReference-70,1,1,2026-08-24T00:00:00.000
71,SO000071,119,Liberty SafetyObligation 71,SafetyObligation-CitationReference-71,1,1,2026-08-24T00:00:00.000
72,SO000072,214,Unity SafetyObligation 72,SafetyObligation-CitationReference-72,1,1,2026-08-24T00:00:00.000
73,SO000073,327,Evergreen SafetyObligation 73,SafetyObligation-CitationReference-73,1,1,2026-08-24T00:00:00.000
74,SO000074,66,Pioneer SafetyObligation 74,SafetyObligation-CitationReference-74,1,1,2026-08-24T00:00:00.000
75,SO000075,79,Liberty SafetyObligation 75,SafetyObligation-CitationReference-75,1,1,2026-08-24T00:00:00.000
76,SO000076,217,Northstar SafetyObligation 76,SafetyObligation-CitationReference-76,1,1,2026-08-24T00:00:00.000
77,SO000077,208,Cedar SafetyObligation 77,SafetyObligation-CitationReference-77,1,1,2026-08-24T00:00:00.000
78,SO000078,254,Keystone SafetyObligation 78,SafetyObligation-CitationReference-78,1,1,2026-08-24T00:00:00.000
79,SO000079,10,Meridian SafetyObligation 79,SafetyObligation-CitationReference-79,1,1,2026-08-24T00:00:00.000
80,SO000080,343,Evergreen SafetyObligation 80,SafetyObligation-CitationReference-80,1,1,2026-08-24T00:00:00.000
81,SO000081,62,Pioneer SafetyObligation 81,SafetyObligation-CitationReference-81,1,1,2026-08-24T00:00:00.000
82,SO000082,67,Keystone SafetyObligation 82,SafetyObligation-CitationReference-82,1,1,2026-08-24T00:00:00.000
83,SO000083,184,Delta SafetyObligation 83,SafetyObligation-CitationReference-83,1,1,2026-08-24T00:00:00.000
84,SO000084,89,Ion SafetyObligation 84,SafetyObligation-CitationReference-84,1,1,2026-08-24T00:00:00.000
85,SO000085,267,Cedar SafetyObligation 85,SafetyObligation-CitationReference-85,1,1,2026-08-24T00:00:00.000
86,SO000086,19,Junction SafetyObligation 86,SafetyObligation-CitationReference-86,1,1,2026-08-24T00:00:00.000
87,SO000087,115,Zenith SafetyObligation 87,SafetyObligation-CitationReference-87,1,1,2026-08-24T00:00:00.000
88,SO000088,60,Willow SafetyObligation 88,SafetyObligation-CitationReference-88,1,1,2026-08-24T00:00:00.000
89,SO000089,191,Summit SafetyObligation 89,SafetyObligation-CitationReference-89,1,1,2026-08-24T00:00:00.000
90,SO000090,280,Willow SafetyObligation 90,SafetyObligation-CitationReference-90,1,1,2026-08-24T00:00:00.000
91,SO000091,157,Summit SafetyObligation 91,SafetyObligation-CitationReference-91,1,1,2026-08-24T00:00:00.000
92,SO000092,198,Forge SafetyObligation 92,SafetyObligation-CitationReference-92,1,1,2026-08-24T00:00:00.000
93,SO000093,220,Ion SafetyObligation 93,SafetyObligation-CitationReference-93,1,1,2026-08-24T00:00:00.000
94,SO000094,71,Evergreen SafetyObligation 94,SafetyObligation-CitationReference-94,1,1,2026-08-24T00:00:00.000
95,SO000095,209,Delta SafetyObligation 95,SafetyObligation-CitationReference-95,1,1,2026-08-24T00:00:00.000
96,SO000096,75,Liberty SafetyObligation 96,SafetyObligation-CitationReference-96,1,1,2026-08-24T00:00:00.000
97,SO000097,151,Keystone SafetyObligation 97,SafetyObligation-CitationReference-97,1,1,2026-08-24T00:00:00.000
98,SO000098,201,Evergreen SafetyObligation 98,SafetyObligation-CitationReference-98,1,1,2026-08-24T00:00:00.000
99,SO000099,103,Riverton SafetyObligation 99,SafetyObligation-CitationReference-99,1,1,2026-08-24T00:00:00.000
100,SO000100,274,Titan SafetyObligation 100,SafetyObligation-CitationReference-100,1,1,2026-08-24T00:00:00.000
101,SO000101,191,Granite SafetyObligation 101,SafetyObligation-CitationReference-101,1,1,2026-08-24T00:00:00.000
102,SO000102,301,Granite SafetyObligation 102,SafetyObligation-CitationReference-102,1,1,2026-08-24T00:00:00.000
103,SO000103,182,Northstar SafetyObligation 103,SafetyObligation-CitationReference-103,1,1,2026-08-24T00:00:00.000
104,SO000104,58,Riverton SafetyObligation 104,SafetyObligation-CitationReference-104,1,1,2026-08-24T00:00:00.000
105,SO000105,240,Vertex SafetyObligation 105,SafetyObligation-CitationReference-105,1,1,2026-08-24T00:00:00.000
106,SO000106,344,Delta SafetyObligation 106,SafetyObligation-CitationReference-106,1,1,2026-08-24T00:00:00.000
107,SO000107,35,Cedar SafetyObligation 107,SafetyObligation-CitationReference-107,1,1,2026-08-24T00:00:00.000
108,SO000108,24,Vertex SafetyObligation 108,SafetyObligation-CitationReference-108,1,1,2026-08-24T00:00:00.000
109,SO000109,85,Liberty SafetyObligation 109,SafetyObligation-CitationReference-109,1,1,2026-08-24T00:00:00.000
110,SO000110,36,Cedar SafetyObligation 110,SafetyObligation-CitationReference-110,1,1,2026-08-24T00:00:00.000
111,SO000111,172,Liberty SafetyObligation 111,SafetyObligation-CitationReference-111,1,1,2026-08-24T00:00:00.000
112,SO000112,288,Summit SafetyObligation 112,SafetyObligation-CitationReference-112,1,1,2026-08-24T00:00:00.000
113,SO000113,200,Beacon SafetyObligation 113,SafetyObligation-CitationReference-113,1,1,2026-08-24T00:00:00.000
114,SO000114,331,Unity SafetyObligation 114,SafetyObligation-CitationReference-114,1,1,2026-08-24T00:00:00.000
115,SO000115,234,Willow SafetyObligation 115,SafetyObligation-CitationReference-115,1,1,2026-08-24T00:00:00.000
116,SO000116,25,Keystone SafetyObligation 116,SafetyObligation-CitationReference-116,1,1,2026-08-24T00:00:00.000
117,SO000117,100,Beacon SafetyObligation 117,SafetyObligation-CitationReference-117,1,1,2026-08-24T00:00:00.000
118,SO000118,235,Liberty SafetyObligation 118,SafetyObligation-CitationReference-118,1,1,2026-08-24T00:00:00.000
119,SO000119,283,Vertex SafetyObligation 119,SafetyObligation-CitationReference-119,1,1,2026-08-24T00:00:00.000
120,SO000120,289,Willow SafetyObligation 120,SafetyObligation-CitationReference-120,1,1,2026-08-24T00:00:00.000
121,SO000121,245,Titan SafetyObligation 121,SafetyObligation-CitationReference-121,1,1,2026-08-24T00:00:00.000
122,SO000122,298,Northstar SafetyObligation 122,SafetyObligation-CitationReference-122,1,1,2026-08-24T00:00:00.000
123,SO000123,336,Liberty SafetyObligation 123,SafetyObligation-CitationReference-123,1,1,2026-08-24T00:00:00.000
124,SO000124,44,Unity SafetyObligation 124,SafetyObligation-CitationReference-124,1,1,2026-08-24T00:00:00.000
125,SO000125,27,Beacon SafetyObligation 125,SafetyObligation-CitationReference-125,1,1,2026-08-24T00:00:00.000
126,SO000126,213,Granite SafetyObligation 126,SafetyObligation-CitationReference-126,1,1,2026-08-24T00:00:00.000
127,SO000127,229,Quartz SafetyObligation 127,SafetyObligation-CitationReference-127,1,1,2026-08-24T00:00:00.000
128,SO000128,58,Delta SafetyObligation 128,SafetyObligation-CitationReference-128,1,1,2026-08-24T00:00:00.000
129,SO000129,167,Titan SafetyObligation 129,SafetyObligation-CitationReference-129,1,1,2026-08-24T00:00:00.000
130,SO000130,313,Keystone SafetyObligation 130,SafetyObligation-CitationReference-130,1,1,2026-08-24T00:00:00.000
131,SO000131,154,Evergreen SafetyObligation 131,SafetyObligation-CitationReference-131,1,1,2026-08-24T00:00:00.000
132,SO000132,66,Ion SafetyObligation 132,SafetyObligation-CitationReference-132,1,1,2026-08-24T00:00:00.000
133,SO000133,341,Atlas SafetyObligation 133,SafetyObligation-CitationReference-133,1,1,2026-08-24T00:00:00.000
134,SO000134,88,Beacon SafetyObligation 134,SafetyObligation-CitationReference-134,1,1,2026-08-24T00:00:00.000
135,SO000135,90,Summit SafetyObligation 135,SafetyObligation-CitationReference-135,1,1,2026-08-24T00:00:00.000
136,SO000136,345,Northstar SafetyObligation 136,SafetyObligation-CitationReference-136,1,1,2026-08-24T00:00:00.000
137,SO000137,317,Willow SafetyObligation 137,SafetyObligation-CitationReference-137,1,1,2026-08-24T00:00:00.000
138,SO000138,37,Pioneer SafetyObligation 138,SafetyObligation-CitationReference-138,1,1,2026-08-24T00:00:00.000
139,SO000139,100,Forge SafetyObligation 139,SafetyObligation-CitationReference-139,1,1,2026-08-24T00:00:00.000
140,SO000140,208,Junction SafetyObligation 140,SafetyObligation-CitationReference-140,1,1,2026-08-24T00:00:00.000
141,SO000141,130,Atlas SafetyObligation 141,SafetyObligation-CitationReference-141,1,1,2026-08-24T00:00:00.000
142,SO000142,91,Cedar SafetyObligation 142,SafetyObligation-CitationReference-142,1,1,2026-08-24T00:00:00.000
143,SO000143,212,Summit SafetyObligation 143,SafetyObligation-CitationReference-143,1,1,2026-08-24T00:00:00.000
144,SO000144,43,Forge SafetyObligation 144,SafetyObligation-CitationReference-144,1,1,2026-08-24T00:00:00.000
145,SO000145,98,Liberty SafetyObligation 145,SafetyObligation-CitationReference-145,1,1,2026-08-24T00:00:00.000
146,SO000146,230,Riverton SafetyObligation 146,SafetyObligation-CitationReference-146,1,1,2026-08-24T00:00:00.000
147,SO000147,101,Keystone SafetyObligation 147,SafetyObligation-CitationReference-147,1,1,2026-08-24T00:00:00.000
148,SO000148,186,Orion SafetyObligation 148,SafetyObligation-CitationReference-148,1,1,2026-08-24T00:00:00.000
149,SO000149,12,Quartz SafetyObligation 149,SafetyObligation-CitationReference-149,1,1,2026-08-24T00:00:00.000
150,SO000150,316,Zenith SafetyObligation 150,SafetyObligation-CitationReference-150,1,1,2026-08-24T00:00:00.000
151,SO000151,187,Cedar SafetyObligation 151,SafetyObligation-CitationReference-151,1,1,2026-08-24T00:00:00.000
152,SO000152,71,Liberty SafetyObligation 152,SafetyObligation-CitationReference-152,1,1,2026-08-24T00:00:00.000
153,SO000153,113,Unity SafetyObligation 153,SafetyObligation-CitationReference-153,1,1,2026-08-24T00:00:00.000
154,SO000154,86,Summit SafetyObligation 154,SafetyObligation-CitationReference-154,1,1,2026-08-24T00:00:00.000
155,SO000155,52,Harbor SafetyObligation 155,SafetyObligation-CitationReference-155,1,1,2026-08-24T00:00:00.000
156,SO000156,106,Riverton SafetyObligation 156,SafetyObligation-CitationReference-156,1,1,2026-08-24T00:00:00.000
157,SO000157,34,Beacon SafetyObligation 157,SafetyObligation-CitationReference-157,1,1,2026-08-24T00:00:00.000
158,SO000158,344,Junction SafetyObligation 158,SafetyObligation-CitationReference-158,1,1,2026-08-24T00:00:00.000
159,SO000159,119,Liberty SafetyObligation 159,SafetyObligation-CitationReference-159,1,1,2026-08-24T00:00:00.000
160,SO000160,264,Orion SafetyObligation 160,SafetyObligation-CitationReference-160,1,1,2026-08-24T00:00:00.000
161,SO000161,343,Granite SafetyObligation 161,SafetyObligation-CitationReference-161,1,1,2026-08-24T00:00:00.000
162,SO000162,151,Delta SafetyObligation 162,SafetyObligation-CitationReference-162,1,1,2026-08-24T00:00:00.000
163,SO000163,311,Keystone SafetyObligation 163,SafetyObligation-CitationReference-163,1,1,2026-08-24T00:00:00.000
164,SO000164,156,Zenith SafetyObligation 164,SafetyObligation-CitationReference-164,1,1,2026-08-24T00:00:00.000
165,SO000165,122,Vertex SafetyObligation 165,SafetyObligation-CitationReference-165,1,1,2026-08-24T00:00:00.000
166,SO000166,95,Granite SafetyObligation 166,SafetyObligation-CitationReference-166,1,1,2026-08-24T00:00:00.000
167,SO000167,158,Pioneer SafetyObligation 167,SafetyObligation-CitationReference-167,1,1,2026-08-24T00:00:00.000
168,SO000168,347,Beacon SafetyObligation 168,SafetyObligation-CitationReference-168,1,1,2026-08-24T00:00:00.000
169,SO000169,234,Unity SafetyObligation 169,SafetyObligation-CitationReference-169,1,1,2026-08-24T00:00:00.000
170,SO000170,215,Unity SafetyObligation 170,SafetyObligation-CitationReference-170,1,1,2026-08-24T00:00:00.000
171,SO000171,81,Liberty SafetyObligation 171,SafetyObligation-CitationReference-171,1,1,2026-08-24T00:00:00.000
172,SO000172,91,Zenith SafetyObligation 172,SafetyObligation-CitationReference-172,1,1,2026-08-24T00:00:00.000
173,SO000173,26,Quartz SafetyObligation 173,SafetyObligation-CitationReference-173,1,1,2026-08-24T00:00:00.000
174,SO000174,72,Northstar SafetyObligation 174,SafetyObligation-CitationReference-174,1,1,2026-08-24T00:00:00.000
175,SO000175,248,Northstar SafetyObligation 175,SafetyObligation-CitationReference-175,1,1,2026-08-24T00:00:00.000
176,SO000176,312,Liberty SafetyObligation 176,SafetyObligation-CitationReference-176,1,1,2026-08-24T00:00:00.000
177,SO000177,346,Vertex SafetyObligation 177,SafetyObligation-CitationReference-177,1,1,2026-08-24T00:00:00.000
178,SO000178,95,Cedar SafetyObligation 178,SafetyObligation-CitationReference-178,1,1,2026-08-24T00:00:00.000
179,SO000179,321,Summit SafetyObligation 179,SafetyObligation-CitationReference-179,1,1,2026-08-24T00:00:00.000
180,SO000180,47,Vertex SafetyObligation 180,SafetyObligation-CitationReference-180,1,1,2026-08-24T00:00:00.000
181,SO000181,13,Atlas SafetyObligation 181,SafetyObligation-CitationReference-181,1,1,2026-08-24T00:00:00.000
182,SO000182,206,Unity SafetyObligation 182,SafetyObligation-CitationReference-182,1,1,2026-08-24T00:00:00.000
183,SO000183,286,Evergreen SafetyObligation 183,SafetyObligation-CitationReference-183,1,1,2026-08-24T00:00:00.000
184,SO000184,333,Delta SafetyObligation 184,SafetyObligation-CitationReference-184,1,1,2026-08-24T00:00:00.000
185,SO000185,271,Orion SafetyObligation 185,SafetyObligation-CitationReference-185,1,1,2026-08-24T00:00:00.000
186,SO000186,268,Willow SafetyObligation 186,SafetyObligation-CitationReference-186,1,1,2026-08-24T00:00:00.000
187,SO000187,218,Northstar SafetyObligation 187,SafetyObligation-CitationReference-187,1,1,2026-08-24T00:00:00.000
188,SO000188,239,Ion SafetyObligation 188,SafetyObligation-CitationReference-188,1,1,2026-08-24T00:00:00.000
189,SO000189,43,Willow SafetyObligation 189,SafetyObligation-CitationReference-189,1,1,2026-08-24T00:00:00.000
190,SO000190,226,Meridian SafetyObligation 190,SafetyObligation-CitationReference-190,1,1,2026-08-24T00:00:00.000
191,SO000191,153,Cedar SafetyObligation 191,SafetyObligation-CitationReference-191,1,1,2026-08-24T00:00:00.000
192,SO000192,228,Beacon SafetyObligation 192,SafetyObligation-CitationReference-192,1,1,2026-08-24T00:00:00.000
193,SO000193,307,Beacon SafetyObligation 193,SafetyObligation-CitationReference-193,1,1,2026-08-24T00:00:00.000
194,SO000194,281,Riverton SafetyObligation 194,SafetyObligation-CitationReference-194,1,1,2026-08-24T00:00:00.000
195,SO000195,156,Summit SafetyObligation 195,SafetyObligation-CitationReference-195,1,1,2026-08-24T00:00:00.000
196,SO000196,64,Keystone SafetyObligation 196,SafetyObligation-CitationReference-196,1,1,2026-08-24T00:00:00.000
197,SO000197,54,Liberty SafetyObligation 197,SafetyObligation-CitationReference-197,1,1,2026-08-24T00:00:00.000
198,SO000198,310,Meridian SafetyObligation 198,SafetyObligation-CitationReference-198,1,1,2026-08-24T00:00:00.000
199,SO000199,261,Beacon SafetyObligation 199,SafetyObligation-CitationReference-199,1,1,2026-08-24T00:00:00.000
200,SO000200,137,Summit SafetyObligation 200,SafetyObligation-CitationReference-200,1,1,2026-08-24T00:00:00.000
201,SO000201,88,Summit SafetyObligation 201,SafetyObligation-CitationReference-201,1,1,2026-08-24T00:00:00.000
202,SO000202,250,Vertex SafetyObligation 202,SafetyObligation-CitationReference-202,1,1,2026-08-24T00:00:00.000
203,SO000203,59,Delta SafetyObligation 203,SafetyObligation-CitationReference-203,1,1,2026-08-24T00:00:00.000
204,SO000204,155,Zenith SafetyObligation 204,SafetyObligation-CitationReference-204,1,1,2026-08-24T00:00:00.000
205,SO000205,186,Summit SafetyObligation 205,SafetyObligation-CitationReference-205,1,1,2026-08-24T00:00:00.000
206,SO000206,131,Quartz SafetyObligation 206,SafetyObligation-CitationReference-206,1,1,2026-08-24T00:00:00.000
207,SO000207,26,Keystone SafetyObligation 207,SafetyObligation-CitationReference-207,1,1,2026-08-24T00:00:00.000
208,SO000208,203,Orion SafetyObligation 208,SafetyObligation-CitationReference-208,1,1,2026-08-24T00:00:00.000
209,SO000209,191,Beacon SafetyObligation 209,SafetyObligation-CitationReference-209,1,1,2026-08-24T00:00:00.000
210,SO000210,165,Atlas SafetyObligation 210,SafetyObligation-CitationReference-210,1,1,2026-08-24T00:00:00.000
211,SO000211,77,Pioneer SafetyObligation 211,SafetyObligation-CitationReference-211,1,1,2026-08-24T00:00:00.000
212,SO000212,129,Harbor SafetyObligation 212,SafetyObligation-CitationReference-212,1,1,2026-08-24T00:00:00.000
213,SO000213,25,Liberty SafetyObligation 213,SafetyObligation-CitationReference-213,1,1,2026-08-24T00:00:00.000
214,SO000214,1,Quartz SafetyObligation 214,SafetyObligation-CitationReference-214,1,1,2026-08-24T00:00:00.000
215,SO000215,323,Harbor SafetyObligation 215,SafetyObligation-CitationReference-215,1,1,2026-08-24T00:00:00.000
216,SO000216,161,Granite SafetyObligation 216,SafetyObligation-CitationReference-216,1,1,2026-08-24T00:00:00.000
217,SO000217,105,Harbor SafetyObligation 217,SafetyObligation-CitationReference-217,1,1,2026-08-24T00:00:00.000
218,SO000218,75,Liberty SafetyObligation 218,SafetyObligation-CitationReference-218,1,1,2026-08-24T00:00:00.000
219,SO000219,11,Cedar SafetyObligation 219,SafetyObligation-CitationReference-219,1,1,2026-08-24T00:00:00.000
220,SO000220,8,Delta SafetyObligation 220,SafetyObligation-CitationReference-220,1,1,2026-08-24T00:00:00.000
221,SO000221,159,Zenith SafetyObligation 221,SafetyObligation-CitationReference-221,1,1,2026-08-24T00:00:00.000
222,SO000222,237,Pioneer SafetyObligation 222,SafetyObligation-CitationReference-222,1,1,2026-08-24T00:00:00.000
223,SO000223,313,Atlas SafetyObligation 223,SafetyObligation-CitationReference-223,1,1,2026-08-24T00:00:00.000
224,SO000224,289,Riverton SafetyObligation 224,SafetyObligation-CitationReference-224,1,1,2026-08-24T00:00:00.000
225,SO000225,250,Atlas SafetyObligation 225,SafetyObligation-CitationReference-225,1,1,2026-08-24T00:00:00.000
226,SO000226,97,Zenith SafetyObligation 226,SafetyObligation-CitationReference-226,1,1,2026-08-24T00:00:00.000
227,SO000227,179,Harbor SafetyObligation 227,SafetyObligation-CitationReference-227,1,1,2026-08-24T00:00:00.000
228,SO000228,79,Pioneer SafetyObligation 228,SafetyObligation-CitationReference-228,1,1,2026-08-24T00:00:00.000
229,SO000229,266,Quartz SafetyObligation 229,SafetyObligation-CitationReference-229,1,1,2026-08-24T00:00:00.000
230,SO000230,227,Evergreen SafetyObligation 230,SafetyObligation-CitationReference-230,1,1,2026-08-24T00:00:00.000
231,SO000231,276,Riverton SafetyObligation 231,SafetyObligation-CitationReference-231,1,1,2026-08-24T00:00:00.000
232,SO000232,143,Ion SafetyObligation 232,SafetyObligation-CitationReference-232,1,1,2026-08-24T00:00:00.000
233,SO000233,86,Forge SafetyObligation 233,SafetyObligation-CitationReference-233,1,1,2026-08-24T00:00:00.000
234,SO000234,134,Junction SafetyObligation 234,SafetyObligation-CitationReference-234,1,1,2026-08-24T00:00:00.000
235,SO000235,240,Zenith SafetyObligation 235,SafetyObligation-CitationReference-235,1,1,2026-08-24T00:00:00.000
236,SO000236,59,Orion SafetyObligation 236,SafetyObligation-CitationReference-236,1,1,2026-08-24T00:00:00.000
237,SO000237,139,Pioneer SafetyObligation 237,SafetyObligation-CitationReference-237,1,1,2026-08-24T00:00:00.000
238,SO000238,130,Vertex SafetyObligation 238,SafetyObligation-CitationReference-238,1,1,2026-08-24T00:00:00.000
239,SO000239,58,Meridian SafetyObligation 239,SafetyObligation-CitationReference-239,1,1,2026-08-24T00:00:00.000
240,SO000240,93,Cedar SafetyObligation 240,SafetyObligation-CitationReference-240,1,1,2026-08-24T00:00:00.000
241,SO000241,291,Vertex SafetyObligation 241,SafetyObligation-CitationReference-241,1,1,2026-08-24T00:00:00.000
242,SO000242,196,Summit SafetyObligation 242,SafetyObligation-CitationReference-242,1,1,2026-08-24T00:00:00.000
243,SO000243,199,Forge SafetyObligation 243,SafetyObligation-CitationReference-243,1,1,2026-08-24T00:00:00.000
244,SO000244,314,Titan SafetyObligation 244,SafetyObligation-CitationReference-244,1,1,2026-08-24T00:00:00.000
245,SO000245,271,Ion SafetyObligation 245,SafetyObligation-CitationReference-245,1,1,2026-08-24T00:00:00.000
246,SO000246,144,Cedar SafetyObligation 246,SafetyObligation-CitationReference-246,1,1,2026-08-24T00:00:00.000
247,SO000247,15,Vertex SafetyObligation 247,SafetyObligation-CitationReference-247,1,1,2026-08-24T00:00:00.000
248,SO000248,57,Summit SafetyObligation 248,SafetyObligation-CitationReference-248,1,1,2026-08-24T00:00:00.000
249,SO000249,347,Forge SafetyObligation 249,SafetyObligation-CitationReference-249,1,1,2026-08-24T00:00:00.000
250,SO000250,334,Vertex SafetyObligation 250,SafetyObligation-CitationReference-250,1,1,2026-08-24T00:00:00.000
251,SO000251,123,Granite SafetyObligation 251,SafetyObligation-CitationReference-251,1,1,2026-08-24T00:00:00.000
252,SO000252,65,Vertex SafetyObligation 252,SafetyObligation-CitationReference-252,1,1,2026-08-24T00:00:00.000
253,SO000253,327,Summit SafetyObligation 253,SafetyObligation-CitationReference-253,1,1,2026-08-24T00:00:00.000
254,SO000254,299,Pioneer SafetyObligation 254,SafetyObligation-CitationReference-254,1,1,2026-08-24T00:00:00.000
255,SO000255,133,Quartz SafetyObligation 255,SafetyObligation-CitationReference-255,1,1,2026-08-24T00:00:00.000
256,SO000256,3,Northstar SafetyObligation 256,SafetyObligation-CitationReference-256,1,1,2026-08-24T00:00:00.000
257,SO000257,248,Titan SafetyObligation 257,SafetyObligation-CitationReference-257,1,1,2026-08-24T00:00:00.000
258,SO000258,151,Forge SafetyObligation 258,SafetyObligation-CitationReference-258,1,1,2026-08-24T00:00:00.000
259,SO000259,305,Riverton SafetyObligation 259,SafetyObligation-CitationReference-259,1,1,2026-08-24T00:00:00.000
260,SO000260,80,Junction SafetyObligation 260,SafetyObligation-CitationReference-260,1,1,2026-08-24T00:00:00.000
261,SO000261,293,Unity SafetyObligation 261,SafetyObligation-CitationReference-261,1,1,2026-08-24T00:00:00.000
262,SO000262,177,Orion SafetyObligation 262,SafetyObligation-CitationReference-262,1,1,2026-08-24T00:00:00.000
263,SO000263,229,Keystone SafetyObligation 263,SafetyObligation-CitationReference-263,1,1,2026-08-24T00:00:00.000
264,SO000264,97,Titan SafetyObligation 264,SafetyObligation-CitationReference-264,1,1,2026-08-24T00:00:00.000
265,SO000265,187,Quartz SafetyObligation 265,SafetyObligation-CitationReference-265,1,1,2026-08-24T00:00:00.000
266,SO000266,83,Vertex SafetyObligation 266,SafetyObligation-CitationReference-266,1,1,2026-08-24T00:00:00.000
267,SO000267,167,Junction SafetyObligation 267,SafetyObligation-CitationReference-267,1,1,2026-08-24T00:00:00.000
268,SO000268,339,Titan SafetyObligation 268,SafetyObligation-CitationReference-268,1,1,2026-08-24T00:00:00.000
269,SO000269,277,Northstar SafetyObligation 269,SafetyObligation-CitationReference-269,1,1,2026-08-24T00:00:00.000
270,SO000270,265,Vertex SafetyObligation 270,SafetyObligation-CitationReference-270,1,1,2026-08-24T00:00:00.000
271,SO000271,49,Keystone SafetyObligation 271,SafetyObligation-CitationReference-271,1,1,2026-08-24T00:00:00.000
272,SO000272,311,Liberty SafetyObligation 272,SafetyObligation-CitationReference-272,1,1,2026-08-24T00:00:00.000
273,SO000273,275,Forge SafetyObligation 273,SafetyObligation-CitationReference-273,1,1,2026-08-24T00:00:00.000
274,SO000274,323,Willow SafetyObligation 274,SafetyObligation-CitationReference-274,1,1,2026-08-24T00:00:00.000
275,SO000275,209,Cedar SafetyObligation 275,SafetyObligation-CitationReference-275,1,1,2026-08-24T00:00:00.000
276,SO000276,13,Atlas SafetyObligation 276,SafetyObligation-CitationReference-276,1,1,2026-08-24T00:00:00.000
277,SO000277,245,Harbor SafetyObligation 277,SafetyObligation-CitationReference-277,1,1,2026-08-24T00:00:00.000
278,SO000278,58,Zenith SafetyObligation 278,SafetyObligation-CitationReference-278,1,1,2026-08-24T00:00:00.000
279,SO000279,218,Orion SafetyObligation 279,SafetyObligation-CitationReference-279,1,1,2026-08-24T00:00:00.000
280,SO000280,270,Meridian SafetyObligation 280,SafetyObligation-CitationReference-280,1,1,2026-08-24T00:00:00.000
281,SO000281,71,Atlas SafetyObligation 281,SafetyObligation-CitationReference-281,1,1,2026-08-24T00:00:00.000
282,SO000282,143,Pioneer SafetyObligation 282,SafetyObligation-CitationReference-282,1,1,2026-08-24T00:00:00.000
283,SO000283,276,Quartz SafetyObligation 283,SafetyObligation-CitationReference-283,1,1,2026-08-24T00:00:00.000
284,SO000284,168,Beacon SafetyObligation 284,SafetyObligation-CitationReference-284,1,1,2026-08-24T00:00:00.000
285,SO000285,300,Forge SafetyObligation 285,SafetyObligation-CitationReference-285,1,1,2026-08-24T00:00:00.000
286,SO000286,30,Riverton SafetyObligation 286,SafetyObligation-CitationReference-286,1,1,2026-08-24T00:00:00.000
287,SO000287,317,Ion SafetyObligation 287,SafetyObligation-CitationReference-287,1,1,2026-08-24T00:00:00.000
288,SO000288,267,Delta SafetyObligation 288,SafetyObligation-CitationReference-288,1,1,2026-08-24T00:00:00.000
289,SO000289,23,Vertex SafetyObligation 289,SafetyObligation-CitationReference-289,1,1,2026-08-24T00:00:00.000
290,SO000290,342,Zenith SafetyObligation 290,SafetyObligation-CitationReference-290,1,1,2026-08-24T00:00:00.000
291,SO000291,303,Northstar SafetyObligation 291,SafetyObligation-CitationReference-291,1,1,2026-08-24T00:00:00.000
292,SO000292,112,Evergreen SafetyObligation 292,SafetyObligation-CitationReference-292,1,1,2026-08-24T00:00:00.000
293,SO000293,70,Ion SafetyObligation 293,SafetyObligation-CitationReference-293,1,1,2026-08-24T00:00:00.000
294,SO000294,272,Keystone SafetyObligation 294,SafetyObligation-CitationReference-294,1,1,2026-08-24T00:00:00.000
295,SO000295,309,Zenith SafetyObligation 295,SafetyObligation-CitationReference-295,1,1,2026-08-24T00:00:00.000
296,SO000296,257,Riverton SafetyObligation 296,SafetyObligation-CitationReference-296,1,1,2026-08-24T00:00:00.000
297,SO000297,210,Titan SafetyObligation 297,SafetyObligation-CitationReference-297,1,1,2026-08-24T00:00:00.000
298,SO000298,244,Quartz SafetyObligation 298,SafetyObligation-CitationReference-298,1,1,2026-08-24T00:00:00.000
299,SO000299,162,Keystone SafetyObligation 299,SafetyObligation-CitationReference-299,1,1,2026-08-24T00:00:00.000
300,SO000300,233,Meridian SafetyObligation 300,SafetyObligation-CitationReference-300,1,1,2026-08-24T00:00:00.000
301,SO000301,343,Cedar SafetyObligation 301,SafetyObligation-CitationReference-301,1,1,2026-08-24T00:00:00.000
302,SO000302,95,Forge SafetyObligation 302,SafetyObligation-CitationReference-302,1,1,2026-08-24T00:00:00.000
303,SO000303,19,Riverton SafetyObligation 303,SafetyObligation-CitationReference-303,1,1,2026-08-24T00:00:00.000
304,SO000304,93,Unity SafetyObligation 304,SafetyObligation-CitationReference-304,1,1,2026-08-24T00:00:00.000
305,SO000305,69,Summit SafetyObligation 305,SafetyObligation-CitationReference-305,1,1,2026-08-24T00:00:00.000
306,SO000306,235,Quartz SafetyObligation 306,SafetyObligation-CitationReference-306,1,1,2026-08-24T00:00:00.000
307,SO000307,152,Quartz SafetyObligation 307,SafetyObligation-CitationReference-307,1,1,2026-08-24T00:00:00.000
308,SO000308,184,Riverton SafetyObligation 308,SafetyObligation-CitationReference-308,1,1,2026-08-24T00:00:00.000
309,SO000309,152,Liberty SafetyObligation 309,SafetyObligation-CitationReference-309,1,1,2026-08-24T00:00:00.000
310,SO000310,98,Atlas SafetyObligation 310,SafetyObligation-CitationReference-310,1,1,2026-08-24T00:00:00.000
311,SO000311,116,Cedar SafetyObligation 311,SafetyObligation-CitationReference-311,1,1,2026-08-24T00:00:00.000
312,SO000312,297,Evergreen SafetyObligation 312,SafetyObligation-CitationReference-312,1,1,2026-08-24T00:00:00.000
313,SO000313,324,Delta SafetyObligation 313,SafetyObligation-CitationReference-313,1,1,2026-08-24T00:00:00.000
314,SO000314,257,Granite SafetyObligation 314,SafetyObligation-CitationReference-314,1,1,2026-08-24T00:00:00.000
315,SO000315,66,Evergreen SafetyObligation 315,SafetyObligation-CitationReference-315,1,1,2026-08-24T00:00:00.000
316,SO000316,248,Willow SafetyObligation 316,SafetyObligation-CitationReference-316,1,1,2026-08-24T00:00:00.000
317,SO000317,255,Meridian SafetyObligation 317,SafetyObligation-CitationReference-317,1,1,2026-08-24T00:00:00.000
318,SO000318,234,Riverton SafetyObligation 318,SafetyObligation-CitationReference-318,1,1,2026-08-24T00:00:00.000
319,SO000319,201,Unity SafetyObligation 319,SafetyObligation-CitationReference-319,1,1,2026-08-24T00:00:00.000
320,SO000320,226,Liberty SafetyObligation 320,SafetyObligation-CitationReference-320,1,1,2026-08-24T00:00:00.000
321,SO000321,90,Northstar SafetyObligation 321,SafetyObligation-CitationReference-321,1,1,2026-08-24T00:00:00.000
322,SO000322,219,Delta SafetyObligation 322,SafetyObligation-CitationReference-322,1,1,2026-08-24T00:00:00.000
323,SO000323,316,Liberty SafetyObligation 323,SafetyObligation-CitationReference-323,1,1,2026-08-24T00:00:00.000
324,SO000324,244,Beacon SafetyObligation 324,SafetyObligation-CitationReference-324,1,1,2026-08-24T00:00:00.000
325,SO000325,264,Zenith SafetyObligation 325,SafetyObligation-CitationReference-325,1,1,2026-08-24T00:00:00.000
326,SO000326,301,Harbor SafetyObligation 326,SafetyObligation-CitationReference-326,1,1,2026-08-24T00:00:00.000
327,SO000327,239,Forge SafetyObligation 327,SafetyObligation-CitationReference-327,1,1,2026-08-24T00:00:00.000
328,SO000328,176,Orion SafetyObligation 328,SafetyObligation-CitationReference-328,1,1,2026-08-24T00:00:00.000
329,SO000329,135,Delta SafetyObligation 329,SafetyObligation-CitationReference-329,1,1,2026-08-24T00:00:00.000
330,SO000330,256,Liberty SafetyObligation 330,SafetyObligation-CitationReference-330,1,1,2026-08-24T00:00:00.000
331,SO000331,26,Summit SafetyObligation 331,SafetyObligation-CitationReference-331,1,1,2026-08-24T00:00:00.000
332,SO000332,212,Meridian SafetyObligation 332,SafetyObligation-CitationReference-332,1,1,2026-08-24T00:00:00.000
333,SO000333,79,Unity SafetyObligation 333,SafetyObligation-CitationReference-333,1,1,2026-08-24T00:00:00.000
334,SO000334,156,Pioneer SafetyObligation 334,SafetyObligation-CitationReference-334,1,1,2026-08-24T00:00:00.000
335,SO000335,333,Forge SafetyObligation 335,SafetyObligation-CitationReference-335,1,1,2026-08-24T00:00:00.000
336,SO000336,262,Zenith SafetyObligation 336,SafetyObligation-CitationReference-336,1,1,2026-08-24T00:00:00.000
337,SO000337,245,Orion SafetyObligation 337,SafetyObligation-CitationReference-337,1,1,2026-08-24T00:00:00.000
338,SO000338,127,Pioneer SafetyObligation 338,SafetyObligation-CitationReference-338,1,1,2026-08-24T00:00:00.000
339,SO000339,193,Vertex SafetyObligation 339,SafetyObligation-CitationReference-339,1,1,2026-08-24T00:00:00.000
340,SO000340,240,Harbor SafetyObligation 340,SafetyObligation-CitationReference-340,1,1,2026-08-24T00:00:00.000
341,SO000341,248,Ion SafetyObligation 341,SafetyObligation-CitationReference-341,1,1,2026-08-24T00:00:00.000
342,SO000342,297,Liberty SafetyObligation 342,SafetyObligation-CitationReference-342,1,1,2026-08-24T00:00:00.000
343,SO000343,43,Atlas SafetyObligation 343,SafetyObligation-CitationReference-343,1,1,2026-08-24T00:00:00.000
344,SO000344,348,Willow SafetyObligation 344,SafetyObligation-CitationReference-344,1,1,2026-08-24T00:00:00.000
345,SO000345,91,Pioneer SafetyObligation 345,SafetyObligation-CitationReference-345,1,1,2026-08-24T00:00:00.000
346,SO000346,87,Cedar SafetyObligation 346,SafetyObligation-CitationReference-346,1,1,2026-08-24T00:00:00.000
347,SO000347,177,Zenith SafetyObligation 347,SafetyObligation-CitationReference-347,1,1,2026-08-24T00:00:00.000
348,SO000348,219,Forge SafetyObligation 348,SafetyObligation-CitationReference-348,1,1,2026-08-24T00:00:00.000
349,SO000349,10,Meridian SafetyObligation 349,SafetyObligation-CitationReference-349,1,1,2026-08-24T00:00:00.000
350,SO000350,231,Harbor SafetyObligation 350,SafetyObligation-CitationReference-350,1,1,2026-08-24T00:00:00.000
351,SO000351,168,Titan SafetyObligation 351,SafetyObligation-CitationReference-351,1,1,2026-08-24T00:00:00.000
352,SO000352,223,Summit SafetyObligation 352,SafetyObligation-CitationReference-352,1,1,2026-08-24T00:00:00.000
353,SO000353,71,Unity SafetyObligation 353,SafetyObligation-CitationReference-353,1,1,2026-08-24T00:00:00.000
354,SO000354,11,Vertex SafetyObligation 354,SafetyObligation-CitationReference-354,1,1,2026-08-24T00:00:00.000
355,SO000355,279,Beacon SafetyObligation 355,SafetyObligation-CitationReference-355,1,1,2026-08-24T00:00:00.000
356,SO000356,172,Keystone SafetyObligation 356,SafetyObligation-CitationReference-356,1,1,2026-08-24T00:00:00.000
357,SO000357,305,Harbor SafetyObligation 357,SafetyObligation-CitationReference-357,1,1,2026-08-24T00:00:00.000
358,SO000358,158,Unity SafetyObligation 358,SafetyObligation-CitationReference-358,1,1,2026-08-24T00:00:00.000
359,SO000359,63,Atlas SafetyObligation 359,SafetyObligation-CitationReference-359,1,1,2026-08-24T00:00:00.000
360,SO000360,335,Ion SafetyObligation 360,SafetyObligation-CitationReference-360,1,1,2026-08-24T00:00:00.000
361,SO000361,13,Unity SafetyObligation 361,SafetyObligation-CitationReference-361,1,1,2026-08-24T00:00:00.000
362,SO000362,305,Cedar SafetyObligation 362,SafetyObligation-CitationReference-362,1,1,2026-08-24T00:00:00.000
363,SO000363,213,Meridian SafetyObligation 363,SafetyObligation-CitationReference-363,1,1,2026-08-24T00:00:00.000
364,SO000364,163,Beacon SafetyObligation 364,SafetyObligation-CitationReference-364,1,1,2026-08-24T00:00:00.000
365,SO000365,210,Cedar SafetyObligation 365,SafetyObligation-CitationReference-365,1,1,2026-08-24T00:00:00.000
366,SO000366,169,Delta SafetyObligation 366,SafetyObligation-CitationReference-366,1,1,2026-08-24T00:00:00.000
367,SO000367,283,Willow SafetyObligation 367,SafetyObligation-CitationReference-367,1,1,2026-08-24T00:00:00.000
368,SO000368,132,Cedar SafetyObligation 368,SafetyObligation-CitationReference-368,1,1,2026-08-24T00:00:00.000
369,SO000369,195,Forge SafetyObligation 369,SafetyObligation-CitationReference-369,1,1,2026-08-24T00:00:00.000
370,SO000370,171,Orion SafetyObligation 370,SafetyObligation-CitationReference-370,1,1,2026-08-24T00:00:00.000
371,SO000371,81,Northstar SafetyObligation 371,SafetyObligation-CitationReference-371,1,1,2026-08-24T00:00:00.000
372,SO000372,340,Forge SafetyObligation 372,SafetyObligation-CitationReference-372,1,1,2026-08-24T00:00:00.000
373,SO000373,102,Pioneer SafetyObligation 373,SafetyObligation-CitationReference-373,1,1,2026-08-24T00:00:00.000
374,SO000374,239,Granite SafetyObligation 374,SafetyObligation-CitationReference-374,1,1,2026-08-24T00:00:00.000
375,SO000375,178,Pioneer SafetyObligation 375,SafetyObligation-CitationReference-375,1,1,2026-08-24T00:00:00.000
376,SO000376,154,Riverton SafetyObligation 376,SafetyObligation-CitationReference-376,1,1,2026-08-24T00:00:00.000
377,SO000377,213,Summit SafetyObligation 377,SafetyObligation-CitationReference-377,1,1,2026-08-24T00:00:00.000
378,SO000378,217,Vertex SafetyObligation 378,SafetyObligation-CitationReference-378,1,1,2026-08-24T00:00:00.000
379,SO000379,197,Vertex SafetyObligation 379,SafetyObligation-CitationReference-379,1,1,2026-08-24T00:00:00.000
380,SO000380,318,Atlas SafetyObligation 380,SafetyObligation-CitationReference-380,1,1,2026-08-24T00:00:00.000
381,SO000381,279,Willow SafetyObligation 381,SafetyObligation-CitationReference-381,1,1,2026-08-24T00:00:00.000
382,SO000382,328,Liberty SafetyObligation 382,SafetyObligation-CitationReference-382,1,1,2026-08-24T00:00:00.000
383,SO000383,305,Granite SafetyObligation 383,SafetyObligation-CitationReference-383,1,1,2026-08-24T00:00:00.000
384,SO000384,228,Titan SafetyObligation 384,SafetyObligation-CitationReference-384,1,1,2026-08-24T00:00:00.000
385,SO000385,258,Evergreen SafetyObligation 385,SafetyObligation-CitationReference-385,1,1,2026-08-24T00:00:00.000
386,SO000386,42,Riverton SafetyObligation 386,SafetyObligation-CitationReference-386,1,1,2026-08-24T00:00:00.000
387,SO000387,136,Junction SafetyObligation 387,SafetyObligation-CitationReference-387,1,1,2026-08-24T00:00:00.000
388,SO000388,88,Liberty SafetyObligation 388,SafetyObligation-CitationReference-388,1,1,2026-08-24T00:00:00.000
389,SO000389,301,Delta SafetyObligation 389,SafetyObligation-CitationReference-389,1,1,2026-08-24T00:00:00.000
390,SO000390,214,Delta SafetyObligation 390,SafetyObligation-CitationReference-390,1,1,2026-08-24T00:00:00.000
391,SO000391,207,Pioneer SafetyObligation 391,SafetyObligation-CitationReference-391,1,1,2026-08-24T00:00:00.000
392,SO000392,288,Ion SafetyObligation 392,SafetyObligation-CitationReference-392,1,1,2026-08-24T00:00:00.000
393,SO000393,262,Quartz SafetyObligation 393,SafetyObligation-CitationReference-393,1,1,2026-08-24T00:00:00.000
394,SO000394,5,Cedar SafetyObligation 394,SafetyObligation-CitationReference-394,1,1,2026-08-24T00:00:00.000
395,SO000395,183,Granite SafetyObligation 395,SafetyObligation-CitationReference-395,1,1,2026-08-24T00:00:00.000
396,SO000396,222,Harbor SafetyObligation 396,SafetyObligation-CitationReference-396,1,1,2026-08-24T00:00:00.000
397,SO000397,116,Evergreen SafetyObligation 397,SafetyObligation-CitationReference-397,1,1,2026-08-24T00:00:00.000
398,SO000398,272,Ion SafetyObligation 398,SafetyObligation-CitationReference-398,1,1,2026-08-24T00:00:00.000
399,SO000399,157,Orion SafetyObligation 399,SafetyObligation-CitationReference-399,1,1,2026-08-24T00:00:00.000
400,SO000400,271,Northstar SafetyObligation 400,SafetyObligation-CitationReference-400,1,1,2026-08-24T00:00:00.000
401,SO000401,268,Willow SafetyObligation 401,SafetyObligation-CitationReference-401,1,1,2026-08-24T00:00:00.000
402,SO000402,342,Atlas SafetyObligation 402,SafetyObligation-CitationReference-402,1,1,2026-08-24T00:00:00.000
403,SO000403,235,Beacon SafetyObligation 403,SafetyObligation-CitationReference-403,1,1,2026-08-24T00:00:00.000
404,SO000404,317,Atlas SafetyObligation 404,SafetyObligation-CitationReference-404,1,1,2026-08-24T00:00:00.000
405,SO000405,256,Keystone SafetyObligation 405,SafetyObligation-CitationReference-405,1,1,2026-08-24T00:00:00.000
406,SO000406,319,Atlas SafetyObligation 406,SafetyObligation-CitationReference-406,1,1,2026-08-24T00:00:00.000
407,SO000407,250,Northstar SafetyObligation 407,SafetyObligation-CitationReference-407,1,1,2026-08-24T00:00:00.000
408,SO000408,110,Beacon SafetyObligation 408,SafetyObligation-CitationReference-408,1,1,2026-08-24T00:00:00.000
409,SO000409,106,Liberty SafetyObligation 409,SafetyObligation-CitationReference-409,1,1,2026-08-24T00:00:00.000
410,SO000410,220,Orion SafetyObligation 410,SafetyObligation-CitationReference-410,1,1,2026-08-24T00:00:00.000
411,SO000411,23,Granite SafetyObligation 411,SafetyObligation-CitationReference-411,1,1,2026-08-24T00:00:00.000
412,SO000412,85,Atlas SafetyObligation 412,SafetyObligation-CitationReference-412,1,1,2026-08-24T00:00:00.000
413,SO000413,188,Granite SafetyObligation 413,SafetyObligation-CitationReference-413,1,1,2026-08-24T00:00:00.000
414,SO000414,340,Willow SafetyObligation 414,SafetyObligation-CitationReference-414,1,1,2026-08-24T00:00:00.000
415,SO000415,67,Summit SafetyObligation 415,SafetyObligation-CitationReference-415,1,1,2026-08-24T00:00:00.000
416,SO000416,1,Titan SafetyObligation 416,SafetyObligation-CitationReference-416,1,1,2026-08-24T00:00:00.000
417,SO000417,9,Summit SafetyObligation 417,SafetyObligation-CitationReference-417,1,1,2026-08-24T00:00:00.000
418,SO000418,154,Riverton SafetyObligation 418,SafetyObligation-CitationReference-418,1,1,2026-08-24T00:00:00.000
419,SO000419,122,Pioneer SafetyObligation 419,SafetyObligation-CitationReference-419,1,1,2026-08-24T00:00:00.000
420,SO000420,167,Harbor SafetyObligation 420,SafetyObligation-CitationReference-420,1,1,2026-08-24T00:00:00.000
421,SO000421,253,Zenith SafetyObligation 421,SafetyObligation-CitationReference-421,1,1,2026-08-24T00:00:00.000
422,SO000422,223,Forge SafetyObligation 422,SafetyObligation-CitationReference-422,1,1,2026-08-24T00:00:00.000
423,SO000423,87,Willow SafetyObligation 423,SafetyObligation-CitationReference-423,1,1,2026-08-24T00:00:00.000
424,SO000424,247,Meridian SafetyObligation 424,SafetyObligation-CitationReference-424,1,1,2026-08-24T00:00:00.000
425,SO000425,8,Evergreen SafetyObligation 425,SafetyObligation-CitationReference-425,1,1,2026-08-24T00:00:00.000
426,SO000426,226,Junction SafetyObligation 426,SafetyObligation-CitationReference-426,1,1,2026-08-24T00:00:00.000
427,SO000427,27,Meridian SafetyObligation 427,SafetyObligation-CitationReference-427,1,1,2026-08-24T00:00:00.000
428,SO000428,314,Unity SafetyObligation 428,SafetyObligation-CitationReference-428,1,1,2026-08-24T00:00:00.000
429,SO000429,79,Beacon SafetyObligation 429,SafetyObligation-CitationReference-429,1,1,2026-08-24T00:00:00.000
430,SO000430,79,Junction SafetyObligation 430,SafetyObligation-CitationReference-430,1,1,2026-08-24T00:00:00.000
431,SO000431,150,Vertex SafetyObligation 431,SafetyObligation-CitationReference-431,1,1,2026-08-24T00:00:00.000
432,SO000432,226,Pioneer SafetyObligation 432,SafetyObligation-CitationReference-432,1,1,2026-08-24T00:00:00.000
433,SO000433,216,Forge SafetyObligation 433,SafetyObligation-CitationReference-433,1,1,2026-08-24T00:00:00.000
434,SO000434,219,Vertex SafetyObligation 434,SafetyObligation-CitationReference-434,1,1,2026-08-24T00:00:00.000
435,SO000435,258,Summit SafetyObligation 435,SafetyObligation-CitationReference-435,1,1,2026-08-24T00:00:00.000
436,SO000436,220,Titan SafetyObligation 436,SafetyObligation-CitationReference-436,1,1,2026-08-24T00:00:00.000
437,SO000437,181,Atlas SafetyObligation 437,SafetyObligation-CitationReference-437,1,1,2026-08-24T00:00:00.000
438,SO000438,63,Summit SafetyObligation 438,SafetyObligation-CitationReference-438,1,1,2026-08-24T00:00:00.000
439,SO000439,338,Pioneer SafetyObligation 439,SafetyObligation-CitationReference-439,1,1,2026-08-24T00:00:00.000
440,SO000440,298,Forge SafetyObligation 440,SafetyObligation-CitationReference-440,1,1,2026-08-24T00:00:00.000
441,SO000441,297,Beacon SafetyObligation 441,SafetyObligation-CitationReference-441,1,1,2026-08-24T00:00:00.000
442,SO000442,48,Evergreen SafetyObligation 442,SafetyObligation-CitationReference-442,1,1,2026-08-24T00:00:00.000
443,SO000443,283,Junction SafetyObligation 443,SafetyObligation-CitationReference-443,1,1,2026-08-24T00:00:00.000
444,SO000444,329,Titan SafetyObligation 444,SafetyObligation-CitationReference-444,1,1,2026-08-24T00:00:00.000
445,SO000445,184,Atlas SafetyObligation 445,SafetyObligation-CitationReference-445,1,1,2026-08-24T00:00:00.000
446,SO000446,171,Willow SafetyObligation 446,SafetyObligation-CitationReference-446,1,1,2026-08-24T00:00:00.000
447,SO000447,181,Quartz SafetyObligation 447,SafetyObligation-CitationReference-447,1,1,2026-08-24T00:00:00.000
448,SO000448,210,Titan SafetyObligation 448,SafetyObligation-CitationReference-448,1,1,2026-08-24T00:00:00.000
449,SO000449,69,Harbor SafetyObligation 449,SafetyObligation-CitationReference-449,1,1,2026-08-24T00:00:00.000
450,SO000450,36,Ion SafetyObligation 450,SafetyObligation-CitationReference-450,1,1,2026-08-24T00:00:00.000
451,SO000451,299,Unity SafetyObligation 451,SafetyObligation-CitationReference-451,1,1,2026-08-24T00:00:00.000
452,SO000452,213,Ion SafetyObligation 452,SafetyObligation-CitationReference-452,1,1,2026-08-24T00:00:00.000
453,SO000453,216,Quartz SafetyObligation 453,SafetyObligation-CitationReference-453,1,1,2026-08-24T00:00:00.000
454,SO000454,102,Delta SafetyObligation 454,SafetyObligation-CitationReference-454,1,1,2026-08-24T00:00:00.000
455,SO000455,75,Titan SafetyObligation 455,SafetyObligation-CitationReference-455,1,1,2026-08-24T00:00:00.000
456,SO000456,166,Vertex SafetyObligation 456,SafetyObligation-CitationReference-456,1,1,2026-08-24T00:00:00.000
457,SO000457,209,Meridian SafetyObligation 457,SafetyObligation-CitationReference-457,1,1,2026-08-24T00:00:00.000
458,SO000458,143,Unity SafetyObligation 458,SafetyObligation-CitationReference-458,1,1,2026-08-24T00:00:00.000
459,SO000459,244,Liberty SafetyObligation 459,SafetyObligation-CitationReference-459,1,1,2026-08-24T00:00:00.000
460,SO000460,335,Summit SafetyObligation 460,SafetyObligation-CitationReference-460,1,1,2026-08-24T00:00:00.000
461,SO000461,187,Granite SafetyObligation 461,SafetyObligation-CitationReference-461,1,1,2026-08-24T00:00:00.000
462,SO000462,102,Delta SafetyObligation 462,SafetyObligation-CitationReference-462,1,1,2026-08-24T00:00:00.000
463,SO000463,137,Riverton SafetyObligation 463,SafetyObligation-CitationReference-463,1,1,2026-08-24T00:00:00.000
464,SO000464,157,Evergreen SafetyObligation 464,SafetyObligation-CitationReference-464,1,1,2026-08-24T00:00:00.000
465,SO000465,257,Unity SafetyObligation 465,SafetyObligation-CitationReference-465,1,1,2026-08-24T00:00:00.000
466,SO000466,146,Keystone SafetyObligation 466,SafetyObligation-CitationReference-466,1,1,2026-08-24T00:00:00.000
467,SO000467,171,Summit SafetyObligation 467,SafetyObligation-CitationReference-467,1,1,2026-08-24T00:00:00.000
468,SO000468,199,Pioneer SafetyObligation 468,SafetyObligation-CitationReference-468,1,1,2026-08-24T00:00:00.000
469,SO000469,62,Vertex SafetyObligation 469,SafetyObligation-CitationReference-469,1,1,2026-08-24T00:00:00.000
470,SO000470,125,Quartz SafetyObligation 470,SafetyObligation-CitationReference-470,1,1,2026-08-24T00:00:00.000
471,SO000471,48,Pioneer SafetyObligation 471,SafetyObligation-CitationReference-471,1,1,2026-08-24T00:00:00.000
472,SO000472,67,Willow SafetyObligation 472,SafetyObligation-CitationReference-472,1,1,2026-08-24T00:00:00.000
473,SO000473,9,Evergreen SafetyObligation 473,SafetyObligation-CitationReference-473,1,1,2026-08-24T00:00:00.000
474,SO000474,175,Riverton SafetyObligation 474,SafetyObligation-CitationReference-474,1,1,2026-08-24T00:00:00.000
475,SO000475,183,Summit SafetyObligation 475,SafetyObligation-CitationReference-475,1,1,2026-08-24T00:00:00.000
476,SO000476,167,Titan SafetyObligation 476,SafetyObligation-CitationReference-476,1,1,2026-08-24T00:00:00.000
477,SO000477,219,Ion SafetyObligation 477,SafetyObligation-CitationReference-477,1,1,2026-08-24T00:00:00.000
478,SO000478,230,Pioneer SafetyObligation 478,SafetyObligation-CitationReference-478,1,1,2026-08-24T00:00:00.000
479,SO000479,126,Titan SafetyObligation 479,SafetyObligation-CitationReference-479,1,1,2026-08-24T00:00:00.000
480,SO000480,286,Granite SafetyObligation 480,SafetyObligation-CitationReference-480,1,1,2026-08-24T00:00:00.000
481,SO000481,166,Atlas SafetyObligation 481,SafetyObligation-CitationReference-481,1,1,2026-08-24T00:00:00.000
482,SO000482,296,Evergreen SafetyObligation 482,SafetyObligation-CitationReference-482,1,1,2026-08-24T00:00:00.000
483,SO000483,80,Orion SafetyObligation 483,SafetyObligation-CitationReference-483,1,1,2026-08-24T00:00:00.000
484,SO000484,241,Granite SafetyObligation 484,SafetyObligation-CitationReference-484,1,1,2026-08-24T00:00:00.000
485,SO000485,14,Ion SafetyObligation 485,SafetyObligation-CitationReference-485,1,1,2026-08-24T00:00:00.000
486,SO000486,105,Titan SafetyObligation 486,SafetyObligation-CitationReference-486,1,1,2026-08-24T00:00:00.000
487,SO000487,6,Granite SafetyObligation 487,SafetyObligation-CitationReference-487,1,1,2026-08-24T00:00:00.000
488,SO000488,160,Granite SafetyObligation 488,SafetyObligation-CitationReference-488,1,1,2026-08-24T00:00:00.000
489,SO000489,179,Ion SafetyObligation 489,SafetyObligation-CitationReference-489,1,1,2026-08-24T00:00:00.000
490,SO000490,232,Orion SafetyObligation 490,SafetyObligation-CitationReference-490,1,1,2026-08-24T00:00:00.000
491,SO000491,257,Zenith SafetyObligation 491,SafetyObligation-CitationReference-491,1,1,2026-08-24T00:00:00.000
492,SO000492,336,Titan SafetyObligation 492,SafetyObligation-CitationReference-492,1,1,2026-08-24T00:00:00.000
493,SO000493,266,Quartz SafetyObligation 493,SafetyObligation-CitationReference-493,1,1,2026-08-24T00:00:00.000
494,SO000494,124,Pioneer SafetyObligation 494,SafetyObligation-CitationReference-494,1,1,2026-08-24T00:00:00.000
495,SO000495,102,Willow SafetyObligation 495,SafetyObligation-CitationReference-495,1,1,2026-08-24T00:00:00.000
496,SO000496,109,Harbor SafetyObligation 496,SafetyObligation-CitationReference-496,1,1,2026-08-24T00:00:00.000
497,SO000497,270,Titan SafetyObligation 497,SafetyObligation-CitationReference-497,1,1,2026-08-24T00:00:00.000
498,SO000498,161,Junction SafetyObligation 498,SafetyObligation-CitationReference-498,1,1,2026-08-24T00:00:00.000
499,SO000499,263,Riverton SafetyObligation 499,SafetyObligation-CitationReference-499,1,1,2026-08-24T00:00:00.000
500,SO000500,193,Pioneer SafetyObligation 500,SafetyObligation-CitationReference-500,1,1,2026-08-24T00:00:00.000
