SalesPromotionCampaignKey,SalesPromotionCampaignCode,SalesPromotionProgramKey,SalesPromotionCampaignName,SourceSystemKey,BatchId,LoadedAtUtc
-1,UNKNOWN,-1,Unknown,-1,0,1900-01-01T00:00:00.000
1,SPC000001,63,Delta SalesPromotionCampaign 1,1,1,2026-08-24T00:00:00.000
2,SPC000002,59,Orion SalesPromotionCampaign 2,1,1,2026-08-24T00:00:00.000
3,SPC000003,25,Willow SalesPromotionCampaign 3,1,1,2026-08-24T00:00:00.000
4,SPC000004,19,Pioneer SalesPromotionCampaign 4,1,1,2026-08-24T00:00:00.000
5,SPC000005,32,Willow SalesPromotionCampaign 5,1,1,2026-08-24T00:00:00.000
6,SPC000006,16,Ion SalesPromotionCampaign 6,1,1,2026-08-24T00:00:00.000
7,SPC000007,30,Orion SalesPromotionCampaign 7,1,1,2026-08-24T00:00:00.000
8,SPC000008,26,Keystone SalesPromotionCampaign 8,1,1,2026-08-24T00:00:00.000
9,SPC000009,9,Cedar SalesPromotionCampaign 9,1,1,2026-08-24T00:00:00.000
10,SPC000010,19,Ion SalesPromotionCampaign 10,1,1,2026-08-24T00:00:00.000
11,SPC000011,75,Northstar SalesPromotionCampaign 11,1,1,2026-08-24T00:00:00.000
12,SPC000012,73,Orion SalesPromotionCampaign 12,1,1,2026-08-24T00:00:00.000
13,SPC000013,33,Delta SalesPromotionCampaign 13,1,1,2026-08-24T00:00:00.000
14,SPC000014,63,Harbor SalesPromotionCampaign 14,1,1,2026-08-24T00:00:00.000
15,SPC000015,7,Titan SalesPromotionCampaign 15,1,1,2026-08-24T00:00:00.000
16,SPC000016,58,Atlas SalesPromotionCampaign 16,1,1,2026-08-24T00:00:00.000
17,SPC000017,25,Forge SalesPromotionCampaign 17,1,1,2026-08-24T00:00:00.000
18,SPC000018,41,Delta SalesPromotionCampaign 18,1,1,2026-08-24T00:00:00.000
19,SPC000019,47,Forge SalesPromotionCampaign 19,1,1,2026-08-24T00:00:00.000
20,SPC000020,57,Junction SalesPromotionCampaign 20,1,1,2026-08-24T00:00:00.000
21,SPC000021,51,Ion SalesPromotionCampaign 21,1,1,2026-08-24T00:00:00.000
22,SPC000022,33,Ion SalesPromotionCampaign 22,1,1,2026-08-24T00:00:00.000
23,SPC000023,78,Pioneer SalesPromotionCampaign 23,1,1,2026-08-24T00:00:00.000
24,SPC000024,22,Pioneer SalesPromotionCampaign 24,1,1,2026-08-24T00:00:00.000
25,SPC000025,73,Granite SalesPromotionCampaign 25,1,1,2026-08-24T00:00:00.000
26,SPC000026,4,Junction SalesPromotionCampaign 26,1,1,2026-08-24T00:00:00.000
27,SPC000027,57,Unity SalesPromotionCampaign 27,1,1,2026-08-24T00:00:00.000
28,SPC000028,74,Unity SalesPromotionCampaign 28,1,1,2026-08-24T00:00:00.000
29,SPC000029,30,Keystone SalesPromotionCampaign 29,1,1,2026-08-24T00:00:00.000
30,SPC000030,16,Keystone SalesPromotionCampaign 30,1,1,2026-08-24T00:00:00.000
31,SPC000031,49,Northstar SalesPromotionCampaign 31,1,1,2026-08-24T00:00:00.000
32,SPC000032,43,Keystone SalesPromotionCampaign 32,1,1,2026-08-24T00:00:00.000
33,SPC000033,5,Quartz SalesPromotionCampaign 33,1,1,2026-08-24T00:00:00.000
34,SPC000034,26,Harbor SalesPromotionCampaign 34,1,1,2026-08-24T00:00:00.000
35,SPC000035,16,Granite SalesPromotionCampaign 35,1,1,2026-08-24T00:00:00.000
36,SPC000036,80,Delta SalesPromotionCampaign 36,1,1,2026-08-24T00:00:00.000
37,SPC000037,45,Liberty SalesPromotionCampaign 37,1,1,2026-08-24T00:00:00.000
38,SPC000038,40,Pioneer SalesPromotionCampaign 38,1,1,2026-08-24T00:00:00.000
39,SPC000039,22,Cedar SalesPromotionCampaign 39,1,1,2026-08-24T00:00:00.000
40,SPC000040,24,Unity SalesPromotionCampaign 40,1,1,2026-08-24T00:00:00.000
41,SPC000041,28,Atlas SalesPromotionCampaign 41,1,1,2026-08-24T00:00:00.000
42,SPC000042,36,Vertex SalesPromotionCampaign 42,1,1,2026-08-24T00:00:00.000
43,SPC000043,67,Keystone SalesPromotionCampaign 43,1,1,2026-08-24T00:00:00.000
44,SPC000044,10,Summit SalesPromotionCampaign 44,1,1,2026-08-24T00:00:00.000
45,SPC000045,28,Vertex SalesPromotionCampaign 45,1,1,2026-08-24T00:00:00.000
46,SPC000046,32,Orion SalesPromotionCampaign 46,1,1,2026-08-24T00:00:00.000
47,SPC000047,39,Riverton SalesPromotionCampaign 47,1,1,2026-08-24T00:00:00.000
48,SPC000048,71,Evergreen SalesPromotionCampaign 48,1,1,2026-08-24T00:00:00.000
49,SPC000049,25,Orion SalesPromotionCampaign 49,1,1,2026-08-24T00:00:00.000
50,SPC000050,49,Granite SalesPromotionCampaign 50,1,1,2026-08-24T00:00:00.000
51,SPC000051,12,Keystone SalesPromotionCampaign 51,1,1,2026-08-24T00:00:00.000
52,SPC000052,65,Titan SalesPromotionCampaign 52,1,1,2026-08-24T00:00:00.000
53,SPC000053,3,Beacon SalesPromotionCampaign 53,1,1,2026-08-24T00:00:00.000
54,SPC000054,6,Orion SalesPromotionCampaign 54,1,1,2026-08-24T00:00:00.000
55,SPC000055,15,Pioneer SalesPromotionCampaign 55,1,1,2026-08-24T00:00:00.000
56,SPC000056,25,Ion SalesPromotionCampaign 56,1,1,2026-08-24T00:00:00.000
57,SPC000057,12,Delta SalesPromotionCampaign 57,1,1,2026-08-24T00:00:00.000
58,SPC000058,48,Northstar SalesPromotionCampaign 58,1,1,2026-08-24T00:00:00.000
59,SPC000059,79,Atlas SalesPromotionCampaign 59,1,1,2026-08-24T00:00:00.000
60,SPC000060,23,Titan SalesPromotionCampaign 60,1,1,2026-08-24T00:00:00.000
61,SPC000061,79,Atlas SalesPromotionCampaign 61,1,1,2026-08-24T00:00:00.000
62,SPC000062,79,Granite SalesPromotionCampaign 62,1,1,2026-08-24T00:00:00.000
63,SPC000063,14,Harbor SalesPromotionCampaign 63,1,1,2026-08-24T00:00:00.000
64,SPC000064,7,Unity SalesPromotionCampaign 64,1,1,2026-08-24T00:00:00.000
65,SPC000065,76,Zenith SalesPromotionCampaign 65,1,1,2026-08-24T00:00:00.000
66,SPC000066,4,Liberty SalesPromotionCampaign 66,1,1,2026-08-24T00:00:00.000
67,SPC000067,53,Ion SalesPromotionCampaign 67,1,1,2026-08-24T00:00:00.000
68,SPC000068,16,Forge SalesPromotionCampaign 68,1,1,2026-08-24T00:00:00.000
69,SPC000069,63,Northstar SalesPromotionCampaign 69,1,1,2026-08-24T00:00:00.000
70,SPC000070,2,Willow SalesPromotionCampaign 70,1,1,2026-08-24T00:00:00.000
71,SPC000071,37,Keystone SalesPromotionCampaign 71,1,1,2026-08-24T00:00:00.000
72,SPC000072,51,Zenith SalesPromotionCampaign 72,1,1,2026-08-24T00:00:00.000
73,SPC000073,66,Northstar SalesPromotionCampaign 73,1,1,2026-08-24T00:00:00.000
74,SPC000074,17,Pioneer SalesPromotionCampaign 74,1,1,2026-08-24T00:00:00.000
75,SPC000075,75,Atlas SalesPromotionCampaign 75,1,1,2026-08-24T00:00:00.000
76,SPC000076,78,Vertex SalesPromotionCampaign 76,1,1,2026-08-24T00:00:00.000
77,SPC000077,35,Beacon SalesPromotionCampaign 77,1,1,2026-08-24T00:00:00.000
78,SPC000078,30,Titan SalesPromotionCampaign 78,1,1,2026-08-24T00:00:00.000
79,SPC000079,65,Zenith SalesPromotionCampaign 79,1,1,2026-08-24T00:00:00.000
80,SPC000080,61,Junction SalesPromotionCampaign 80,1,1,2026-08-24T00:00:00.000
81,SPC000081,11,Titan SalesPromotionCampaign 81,1,1,2026-08-24T00:00:00.000
82,SPC000082,4,Granite SalesPromotionCampaign 82,1,1,2026-08-24T00:00:00.000
83,SPC000083,43,Forge SalesPromotionCampaign 83,1,1,2026-08-24T00:00:00.000
84,SPC000084,49,Willow SalesPromotionCampaign 84,1,1,2026-08-24T00:00:00.000
85,SPC000085,47,Junction SalesPromotionCampaign 85,1,1,2026-08-24T00:00:00.000
86,SPC000086,8,Zenith SalesPromotionCampaign 86,1,1,2026-08-24T00:00:00.000
87,SPC000087,72,Evergreen SalesPromotionCampaign 87,1,1,2026-08-24T00:00:00.000
88,SPC000088,52,Riverton SalesPromotionCampaign 88,1,1,2026-08-24T00:00:00.000
89,SPC000089,40,Junction SalesPromotionCampaign 89,1,1,2026-08-24T00:00:00.000
90,SPC000090,29,Unity SalesPromotionCampaign 90,1,1,2026-08-24T00:00:00.000
91,SPC000091,71,Quartz SalesPromotionCampaign 91,1,1,2026-08-24T00:00:00.000
92,SPC000092,80,Vertex SalesPromotionCampaign 92,1,1,2026-08-24T00:00:00.000
93,SPC000093,42,Beacon SalesPromotionCampaign 93,1,1,2026-08-24T00:00:00.000
94,SPC000094,60,Cedar SalesPromotionCampaign 94,1,1,2026-08-24T00:00:00.000
95,SPC000095,76,Forge SalesPromotionCampaign 95,1,1,2026-08-24T00:00:00.000
96,SPC000096,79,Titan SalesPromotionCampaign 96,1,1,2026-08-24T00:00:00.000
97,SPC000097,67,Delta SalesPromotionCampaign 97,1,1,2026-08-24T00:00:00.000
98,SPC000098,17,Liberty SalesPromotionCampaign 98,1,1,2026-08-24T00:00:00.000
99,SPC000099,17,Granite SalesPromotionCampaign 99,1,1,2026-08-24T00:00:00.000
100,SPC000100,63,Evergreen SalesPromotionCampaign 100,1,1,2026-08-24T00:00:00.000
101,SPC000101,3,Harbor SalesPromotionCampaign 101,1,1,2026-08-24T00:00:00.000
102,SPC000102,33,Delta SalesPromotionCampaign 102,1,1,2026-08-24T00:00:00.000
103,SPC000103,59,Vertex SalesPromotionCampaign 103,1,1,2026-08-24T00:00:00.000
104,SPC000104,36,Evergreen SalesPromotionCampaign 104,1,1,2026-08-24T00:00:00.000
105,SPC000105,71,Titan SalesPromotionCampaign 105,1,1,2026-08-24T00:00:00.000
106,SPC000106,32,Keystone SalesPromotionCampaign 106,1,1,2026-08-24T00:00:00.000
107,SPC000107,48,Northstar SalesPromotionCampaign 107,1,1,2026-08-24T00:00:00.000
108,SPC000108,44,Evergreen SalesPromotionCampaign 108,1,1,2026-08-24T00:00:00.000
109,SPC000109,55,Liberty SalesPromotionCampaign 109,1,1,2026-08-24T00:00:00.000
110,SPC000110,67,Cedar SalesPromotionCampaign 110,1,1,2026-08-24T00:00:00.000
111,SPC000111,70,Summit SalesPromotionCampaign 111,1,1,2026-08-24T00:00:00.000
112,SPC000112,62,Vertex SalesPromotionCampaign 112,1,1,2026-08-24T00:00:00.000
113,SPC000113,5,Northstar SalesPromotionCampaign 113,1,1,2026-08-24T00:00:00.000
114,SPC000114,50,Ion SalesPromotionCampaign 114,1,1,2026-08-24T00:00:00.000
115,SPC000115,34,Granite SalesPromotionCampaign 115,1,1,2026-08-24T00:00:00.000
116,SPC000116,19,Cedar SalesPromotionCampaign 116,1,1,2026-08-24T00:00:00.000
117,SPC000117,50,Vertex SalesPromotionCampaign 117,1,1,2026-08-24T00:00:00.000
118,SPC000118,44,Cedar SalesPromotionCampaign 118,1,1,2026-08-24T00:00:00.000
119,SPC000119,53,Titan SalesPromotionCampaign 119,1,1,2026-08-24T00:00:00.000
120,SPC000120,71,Pioneer SalesPromotionCampaign 120,1,1,2026-08-24T00:00:00.000
121,SPC000121,55,Keystone SalesPromotionCampaign 121,1,1,2026-08-24T00:00:00.000
122,SPC000122,40,Riverton SalesPromotionCampaign 122,1,1,2026-08-24T00:00:00.000
123,SPC000123,1,Orion SalesPromotionCampaign 123,1,1,2026-08-24T00:00:00.000
124,SPC000124,44,Meridian SalesPromotionCampaign 124,1,1,2026-08-24T00:00:00.000
125,SPC000125,40,Ion SalesPromotionCampaign 125,1,1,2026-08-24T00:00:00.000
126,SPC000126,80,Granite SalesPromotionCampaign 126,1,1,2026-08-24T00:00:00.000
127,SPC000127,75,Pioneer SalesPromotionCampaign 127,1,1,2026-08-24T00:00:00.000
128,SPC000128,21,Cedar SalesPromotionCampaign 128,1,1,2026-08-24T00:00:00.000
129,SPC000129,46,Unity SalesPromotionCampaign 129,1,1,2026-08-24T00:00:00.000
130,SPC000130,19,Riverton SalesPromotionCampaign 130,1,1,2026-08-24T00:00:00.000
131,SPC000131,5,Keystone SalesPromotionCampaign 131,1,1,2026-08-24T00:00:00.000
132,SPC000132,33,Northstar SalesPromotionCampaign 132,1,1,2026-08-24T00:00:00.000
133,SPC000133,78,Liberty SalesPromotionCampaign 133,1,1,2026-08-24T00:00:00.000
134,SPC000134,22,Harbor SalesPromotionCampaign 134,1,1,2026-08-24T00:00:00.000
135,SPC000135,55,Harbor SalesPromotionCampaign 135,1,1,2026-08-24T00:00:00.000
136,SPC000136,32,Northstar SalesPromotionCampaign 136,1,1,2026-08-24T00:00:00.000
137,SPC000137,71,Zenith SalesPromotionCampaign 137,1,1,2026-08-24T00:00:00.000
138,SPC000138,39,Forge SalesPromotionCampaign 138,1,1,2026-08-24T00:00:00.000
139,SPC000139,40,Cedar SalesPromotionCampaign 139,1,1,2026-08-24T00:00:00.000
140,SPC000140,18,Unity SalesPromotionCampaign 140,1,1,2026-08-24T00:00:00.000
141,SPC000141,9,Cedar SalesPromotionCampaign 141,1,1,2026-08-24T00:00:00.000
142,SPC000142,4,Keystone SalesPromotionCampaign 142,1,1,2026-08-24T00:00:00.000
143,SPC000143,32,Titan SalesPromotionCampaign 143,1,1,2026-08-24T00:00:00.000
144,SPC000144,20,Evergreen SalesPromotionCampaign 144,1,1,2026-08-24T00:00:00.000
145,SPC000145,18,Harbor SalesPromotionCampaign 145,1,1,2026-08-24T00:00:00.000
146,SPC000146,18,Keystone SalesPromotionCampaign 146,1,1,2026-08-24T00:00:00.000
147,SPC000147,59,Beacon SalesPromotionCampaign 147,1,1,2026-08-24T00:00:00.000
148,SPC000148,76,Vertex SalesPromotionCampaign 148,1,1,2026-08-24T00:00:00.000
149,SPC000149,38,Granite SalesPromotionCampaign 149,1,1,2026-08-24T00:00:00.000
150,SPC000150,72,Unity SalesPromotionCampaign 150,1,1,2026-08-24T00:00:00.000
151,SPC000151,74,Liberty SalesPromotionCampaign 151,1,1,2026-08-24T00:00:00.000
152,SPC000152,30,Forge SalesPromotionCampaign 152,1,1,2026-08-24T00:00:00.000
153,SPC000153,59,Riverton SalesPromotionCampaign 153,1,1,2026-08-24T00:00:00.000
154,SPC000154,70,Delta SalesPromotionCampaign 154,1,1,2026-08-24T00:00:00.000
155,SPC000155,54,Pioneer SalesPromotionCampaign 155,1,1,2026-08-24T00:00:00.000
156,SPC000156,49,Granite SalesPromotionCampaign 156,1,1,2026-08-24T00:00:00.000
157,SPC000157,42,Orion SalesPromotionCampaign 157,1,1,2026-08-24T00:00:00.000
158,SPC000158,67,Summit SalesPromotionCampaign 158,1,1,2026-08-24T00:00:00.000
159,SPC000159,16,Liberty SalesPromotionCampaign 159,1,1,2026-08-24T00:00:00.000
160,SPC000160,49,Ion SalesPromotionCampaign 160,1,1,2026-08-24T00:00:00.000
161,SPC000161,33,Keystone SalesPromotionCampaign 161,1,1,2026-08-24T00:00:00.000
162,SPC000162,58,Zenith SalesPromotionCampaign 162,1,1,2026-08-24T00:00:00.000
163,SPC000163,10,Meridian SalesPromotionCampaign 163,1,1,2026-08-24T00:00:00.000
164,SPC000164,17,Junction SalesPromotionCampaign 164,1,1,2026-08-24T00:00:00.000
165,SPC000165,61,Atlas SalesPromotionCampaign 165,1,1,2026-08-24T00:00:00.000
166,SPC000166,42,Forge SalesPromotionCampaign 166,1,1,2026-08-24T00:00:00.000
167,SPC000167,4,Quartz SalesPromotionCampaign 167,1,1,2026-08-24T00:00:00.000
168,SPC000168,64,Junction SalesPromotionCampaign 168,1,1,2026-08-24T00:00:00.000
169,SPC000169,31,Atlas SalesPromotionCampaign 169,1,1,2026-08-24T00:00:00.000
170,SPC000170,53,Northstar SalesPromotionCampaign 170,1,1,2026-08-24T00:00:00.000
171,SPC000171,21,Junction SalesPromotionCampaign 171,1,1,2026-08-24T00:00:00.000
172,SPC000172,7,Orion SalesPromotionCampaign 172,1,1,2026-08-24T00:00:00.000
173,SPC000173,77,Northstar SalesPromotionCampaign 173,1,1,2026-08-24T00:00:00.000
174,SPC000174,5,Northstar SalesPromotionCampaign 174,1,1,2026-08-24T00:00:00.000
175,SPC000175,40,Ion SalesPromotionCampaign 175,1,1,2026-08-24T00:00:00.000
176,SPC000176,30,Quartz SalesPromotionCampaign 176,1,1,2026-08-24T00:00:00.000
177,SPC000177,55,Orion SalesPromotionCampaign 177,1,1,2026-08-24T00:00:00.000
178,SPC000178,41,Orion SalesPromotionCampaign 178,1,1,2026-08-24T00:00:00.000
179,SPC000179,30,Titan SalesPromotionCampaign 179,1,1,2026-08-24T00:00:00.000
180,SPC000180,63,Meridian SalesPromotionCampaign 180,1,1,2026-08-24T00:00:00.000
181,SPC000181,61,Unity SalesPromotionCampaign 181,1,1,2026-08-24T00:00:00.000
182,SPC000182,73,Orion SalesPromotionCampaign 182,1,1,2026-08-24T00:00:00.000
183,SPC000183,24,Titan SalesPromotionCampaign 183,1,1,2026-08-24T00:00:00.000
184,SPC000184,59,Delta SalesPromotionCampaign 184,1,1,2026-08-24T00:00:00.000
185,SPC000185,34,Delta SalesPromotionCampaign 185,1,1,2026-08-24T00:00:00.000
186,SPC000186,27,Forge SalesPromotionCampaign 186,1,1,2026-08-24T00:00:00.000
187,SPC000187,72,Atlas SalesPromotionCampaign 187,1,1,2026-08-24T00:00:00.000
188,SPC000188,18,Unity SalesPromotionCampaign 188,1,1,2026-08-24T00:00:00.000
189,SPC000189,29,Forge SalesPromotionCampaign 189,1,1,2026-08-24T00:00:00.000
190,SPC000190,11,Orion SalesPromotionCampaign 190,1,1,2026-08-24T00:00:00.000
191,SPC000191,77,Granite SalesPromotionCampaign 191,1,1,2026-08-24T00:00:00.000
192,SPC000192,27,Zenith SalesPromotionCampaign 192,1,1,2026-08-24T00:00:00.000
193,SPC000193,27,Northstar SalesPromotionCampaign 193,1,1,2026-08-24T00:00:00.000
194,SPC000194,53,Atlas SalesPromotionCampaign 194,1,1,2026-08-24T00:00:00.000
195,SPC000195,6,Meridian SalesPromotionCampaign 195,1,1,2026-08-24T00:00:00.000
196,SPC000196,44,Forge SalesPromotionCampaign 196,1,1,2026-08-24T00:00:00.000
197,SPC000197,30,Evergreen SalesPromotionCampaign 197,1,1,2026-08-24T00:00:00.000
198,SPC000198,24,Atlas SalesPromotionCampaign 198,1,1,2026-08-24T00:00:00.000
199,SPC000199,38,Delta SalesPromotionCampaign 199,1,1,2026-08-24T00:00:00.000
200,SPC000200,27,Unity SalesPromotionCampaign 200,1,1,2026-08-24T00:00:00.000
201,SPC000201,78,Beacon SalesPromotionCampaign 201,1,1,2026-08-24T00:00:00.000
202,SPC000202,50,Summit SalesPromotionCampaign 202,1,1,2026-08-24T00:00:00.000
203,SPC000203,52,Atlas SalesPromotionCampaign 203,1,1,2026-08-24T00:00:00.000
204,SPC000204,50,Evergreen SalesPromotionCampaign 204,1,1,2026-08-24T00:00:00.000
205,SPC000205,57,Atlas SalesPromotionCampaign 205,1,1,2026-08-24T00:00:00.000
206,SPC000206,26,Quartz SalesPromotionCampaign 206,1,1,2026-08-24T00:00:00.000
207,SPC000207,78,Forge SalesPromotionCampaign 207,1,1,2026-08-24T00:00:00.000
208,SPC000208,30,Granite SalesPromotionCampaign 208,1,1,2026-08-24T00:00:00.000
209,SPC000209,10,Delta SalesPromotionCampaign 209,1,1,2026-08-24T00:00:00.000
210,SPC000210,59,Riverton SalesPromotionCampaign 210,1,1,2026-08-24T00:00:00.000
211,SPC000211,50,Cedar SalesPromotionCampaign 211,1,1,2026-08-24T00:00:00.000
212,SPC000212,80,Forge SalesPromotionCampaign 212,1,1,2026-08-24T00:00:00.000
213,SPC000213,69,Zenith SalesPromotionCampaign 213,1,1,2026-08-24T00:00:00.000
214,SPC000214,39,Forge SalesPromotionCampaign 214,1,1,2026-08-24T00:00:00.000
215,SPC000215,22,Liberty SalesPromotionCampaign 215,1,1,2026-08-24T00:00:00.000
216,SPC000216,79,Meridian SalesPromotionCampaign 216,1,1,2026-08-24T00:00:00.000
217,SPC000217,21,Delta SalesPromotionCampaign 217,1,1,2026-08-24T00:00:00.000
218,SPC000218,23,Riverton SalesPromotionCampaign 218,1,1,2026-08-24T00:00:00.000
219,SPC000219,79,Vertex SalesPromotionCampaign 219,1,1,2026-08-24T00:00:00.000
220,SPC000220,26,Cedar SalesPromotionCampaign 220,1,1,2026-08-24T00:00:00.000
221,SPC000221,60,Ion SalesPromotionCampaign 221,1,1,2026-08-24T00:00:00.000
222,SPC000222,49,Ion SalesPromotionCampaign 222,1,1,2026-08-24T00:00:00.000
223,SPC000223,3,Forge SalesPromotionCampaign 223,1,1,2026-08-24T00:00:00.000
224,SPC000224,34,Pioneer SalesPromotionCampaign 224,1,1,2026-08-24T00:00:00.000
225,SPC000225,69,Summit SalesPromotionCampaign 225,1,1,2026-08-24T00:00:00.000
226,SPC000226,49,Summit SalesPromotionCampaign 226,1,1,2026-08-24T00:00:00.000
227,SPC000227,42,Quartz SalesPromotionCampaign 227,1,1,2026-08-24T00:00:00.000
228,SPC000228,1,Quartz SalesPromotionCampaign 228,1,1,2026-08-24T00:00:00.000
229,SPC000229,2,Beacon SalesPromotionCampaign 229,1,1,2026-08-24T00:00:00.000
230,SPC000230,20,Titan SalesPromotionCampaign 230,1,1,2026-08-24T00:00:00.000
231,SPC000231,59,Meridian SalesPromotionCampaign 231,1,1,2026-08-24T00:00:00.000
232,SPC000232,75,Ion SalesPromotionCampaign 232,1,1,2026-08-24T00:00:00.000
233,SPC000233,5,Pioneer SalesPromotionCampaign 233,1,1,2026-08-24T00:00:00.000
234,SPC000234,22,Quartz SalesPromotionCampaign 234,1,1,2026-08-24T00:00:00.000
235,SPC000235,45,Willow SalesPromotionCampaign 235,1,1,2026-08-24T00:00:00.000
236,SPC000236,58,Riverton SalesPromotionCampaign 236,1,1,2026-08-24T00:00:00.000
237,SPC000237,28,Meridian SalesPromotionCampaign 237,1,1,2026-08-24T00:00:00.000
238,SPC000238,22,Atlas SalesPromotionCampaign 238,1,1,2026-08-24T00:00:00.000
239,SPC000239,53,Atlas SalesPromotionCampaign 239,1,1,2026-08-24T00:00:00.000
240,SPC000240,58,Quartz SalesPromotionCampaign 240,1,1,2026-08-24T00:00:00.000
241,SPC000241,69,Riverton SalesPromotionCampaign 241,1,1,2026-08-24T00:00:00.000
242,SPC000242,44,Unity SalesPromotionCampaign 242,1,1,2026-08-24T00:00:00.000
243,SPC000243,8,Vertex SalesPromotionCampaign 243,1,1,2026-08-24T00:00:00.000
244,SPC000244,35,Pioneer SalesPromotionCampaign 244,1,1,2026-08-24T00:00:00.000
245,SPC000245,59,Summit SalesPromotionCampaign 245,1,1,2026-08-24T00:00:00.000
246,SPC000246,40,Atlas SalesPromotionCampaign 246,1,1,2026-08-24T00:00:00.000
247,SPC000247,54,Pioneer SalesPromotionCampaign 247,1,1,2026-08-24T00:00:00.000
248,SPC000248,22,Summit SalesPromotionCampaign 248,1,1,2026-08-24T00:00:00.000
249,SPC000249,60,Atlas SalesPromotionCampaign 249,1,1,2026-08-24T00:00:00.000
250,SPC000250,47,Keystone SalesPromotionCampaign 250,1,1,2026-08-24T00:00:00.000
251,SPC000251,50,Beacon SalesPromotionCampaign 251,1,1,2026-08-24T00:00:00.000
252,SPC000252,52,Evergreen SalesPromotionCampaign 252,1,1,2026-08-24T00:00:00.000
253,SPC000253,73,Meridian SalesPromotionCampaign 253,1,1,2026-08-24T00:00:00.000
254,SPC000254,7,Zenith SalesPromotionCampaign 254,1,1,2026-08-24T00:00:00.000
255,SPC000255,46,Unity SalesPromotionCampaign 255,1,1,2026-08-24T00:00:00.000
256,SPC000256,44,Unity SalesPromotionCampaign 256,1,1,2026-08-24T00:00:00.000
257,SPC000257,73,Delta SalesPromotionCampaign 257,1,1,2026-08-24T00:00:00.000
258,SPC000258,46,Zenith SalesPromotionCampaign 258,1,1,2026-08-24T00:00:00.000
259,SPC000259,43,Titan SalesPromotionCampaign 259,1,1,2026-08-24T00:00:00.000
260,SPC000260,71,Unity SalesPromotionCampaign 260,1,1,2026-08-24T00:00:00.000
261,SPC000261,21,Orion SalesPromotionCampaign 261,1,1,2026-08-24T00:00:00.000
262,SPC000262,61,Northstar SalesPromotionCampaign 262,1,1,2026-08-24T00:00:00.000
263,SPC000263,49,Junction SalesPromotionCampaign 263,1,1,2026-08-24T00:00:00.000
264,SPC000264,16,Titan SalesPromotionCampaign 264,1,1,2026-08-24T00:00:00.000
265,SPC000265,62,Cedar SalesPromotionCampaign 265,1,1,2026-08-24T00:00:00.000
266,SPC000266,30,Summit SalesPromotionCampaign 266,1,1,2026-08-24T00:00:00.000
267,SPC000267,13,Pioneer SalesPromotionCampaign 267,1,1,2026-08-24T00:00:00.000
268,SPC000268,21,Ion SalesPromotionCampaign 268,1,1,2026-08-24T00:00:00.000
269,SPC000269,9,Willow SalesPromotionCampaign 269,1,1,2026-08-24T00:00:00.000
270,SPC000270,23,Summit SalesPromotionCampaign 270,1,1,2026-08-24T00:00:00.000
271,SPC000271,29,Meridian SalesPromotionCampaign 271,1,1,2026-08-24T00:00:00.000
272,SPC000272,45,Granite SalesPromotionCampaign 272,1,1,2026-08-24T00:00:00.000
273,SPC000273,25,Liberty SalesPromotionCampaign 273,1,1,2026-08-24T00:00:00.000
274,SPC000274,32,Cedar SalesPromotionCampaign 274,1,1,2026-08-24T00:00:00.000
275,SPC000275,20,Titan SalesPromotionCampaign 275,1,1,2026-08-24T00:00:00.000
276,SPC000276,75,Titan SalesPromotionCampaign 276,1,1,2026-08-24T00:00:00.000
277,SPC000277,22,Riverton SalesPromotionCampaign 277,1,1,2026-08-24T00:00:00.000
278,SPC000278,46,Willow SalesPromotionCampaign 278,1,1,2026-08-24T00:00:00.000
279,SPC000279,67,Northstar SalesPromotionCampaign 279,1,1,2026-08-24T00:00:00.000
280,SPC000280,49,Junction SalesPromotionCampaign 280,1,1,2026-08-24T00:00:00.000
281,SPC000281,17,Northstar SalesPromotionCampaign 281,1,1,2026-08-24T00:00:00.000
282,SPC000282,54,Pioneer SalesPromotionCampaign 282,1,1,2026-08-24T00:00:00.000
283,SPC000283,13,Pioneer SalesPromotionCampaign 283,1,1,2026-08-24T00:00:00.000
284,SPC000284,49,Quartz SalesPromotionCampaign 284,1,1,2026-08-24T00:00:00.000
285,SPC000285,21,Riverton SalesPromotionCampaign 285,1,1,2026-08-24T00:00:00.000
286,SPC000286,16,Northstar SalesPromotionCampaign 286,1,1,2026-08-24T00:00:00.000
287,SPC000287,2,Meridian SalesPromotionCampaign 287,1,1,2026-08-24T00:00:00.000
288,SPC000288,49,Vertex SalesPromotionCampaign 288,1,1,2026-08-24T00:00:00.000
289,SPC000289,28,Meridian SalesPromotionCampaign 289,1,1,2026-08-24T00:00:00.000
290,SPC000290,6,Titan SalesPromotionCampaign 290,1,1,2026-08-24T00:00:00.000
291,SPC000291,12,Delta SalesPromotionCampaign 291,1,1,2026-08-24T00:00:00.000
292,SPC000292,56,Liberty SalesPromotionCampaign 292,1,1,2026-08-24T00:00:00.000
293,SPC000293,20,Liberty SalesPromotionCampaign 293,1,1,2026-08-24T00:00:00.000
294,SPC000294,26,Titan SalesPromotionCampaign 294,1,1,2026-08-24T00:00:00.000
295,SPC000295,71,Beacon SalesPromotionCampaign 295,1,1,2026-08-24T00:00:00.000
296,SPC000296,78,Atlas SalesPromotionCampaign 296,1,1,2026-08-24T00:00:00.000
297,SPC000297,61,Beacon SalesPromotionCampaign 297,1,1,2026-08-24T00:00:00.000
298,SPC000298,72,Titan SalesPromotionCampaign 298,1,1,2026-08-24T00:00:00.000
299,SPC000299,60,Unity SalesPromotionCampaign 299,1,1,2026-08-24T00:00:00.000
300,SPC000300,7,Liberty SalesPromotionCampaign 300,1,1,2026-08-24T00:00:00.000
301,SPC000301,27,Titan SalesPromotionCampaign 301,1,1,2026-08-24T00:00:00.000
302,SPC000302,70,Zenith SalesPromotionCampaign 302,1,1,2026-08-24T00:00:00.000
303,SPC000303,58,Beacon SalesPromotionCampaign 303,1,1,2026-08-24T00:00:00.000
304,SPC000304,20,Titan SalesPromotionCampaign 304,1,1,2026-08-24T00:00:00.000
305,SPC000305,19,Cedar SalesPromotionCampaign 305,1,1,2026-08-24T00:00:00.000
306,SPC000306,40,Meridian SalesPromotionCampaign 306,1,1,2026-08-24T00:00:00.000
307,SPC000307,60,Quartz SalesPromotionCampaign 307,1,1,2026-08-24T00:00:00.000
308,SPC000308,4,Junction SalesPromotionCampaign 308,1,1,2026-08-24T00:00:00.000
309,SPC000309,38,Delta SalesPromotionCampaign 309,1,1,2026-08-24T00:00:00.000
310,SPC000310,61,Northstar SalesPromotionCampaign 310,1,1,2026-08-24T00:00:00.000
311,SPC000311,40,Willow SalesPromotionCampaign 311,1,1,2026-08-24T00:00:00.000
312,SPC000312,37,Liberty SalesPromotionCampaign 312,1,1,2026-08-24T00:00:00.000
313,SPC000313,17,Zenith SalesPromotionCampaign 313,1,1,2026-08-24T00:00:00.000
314,SPC000314,33,Evergreen SalesPromotionCampaign 314,1,1,2026-08-24T00:00:00.000
315,SPC000315,51,Titan SalesPromotionCampaign 315,1,1,2026-08-24T00:00:00.000
316,SPC000316,76,Atlas SalesPromotionCampaign 316,1,1,2026-08-24T00:00:00.000
317,SPC000317,14,Meridian SalesPromotionCampaign 317,1,1,2026-08-24T00:00:00.000
318,SPC000318,37,Vertex SalesPromotionCampaign 318,1,1,2026-08-24T00:00:00.000
319,SPC000319,25,Zenith SalesPromotionCampaign 319,1,1,2026-08-24T00:00:00.000
320,SPC000320,16,Liberty SalesPromotionCampaign 320,1,1,2026-08-24T00:00:00.000
321,SPC000321,8,Granite SalesPromotionCampaign 321,1,1,2026-08-24T00:00:00.000
322,SPC000322,11,Granite SalesPromotionCampaign 322,1,1,2026-08-24T00:00:00.000
323,SPC000323,68,Liberty SalesPromotionCampaign 323,1,1,2026-08-24T00:00:00.000
324,SPC000324,46,Harbor SalesPromotionCampaign 324,1,1,2026-08-24T00:00:00.000
325,SPC000325,22,Unity SalesPromotionCampaign 325,1,1,2026-08-24T00:00:00.000
326,SPC000326,63,Pioneer SalesPromotionCampaign 326,1,1,2026-08-24T00:00:00.000
327,SPC000327,33,Evergreen SalesPromotionCampaign 327,1,1,2026-08-24T00:00:00.000
328,SPC000328,14,Riverton SalesPromotionCampaign 328,1,1,2026-08-24T00:00:00.000
329,SPC000329,10,Ion SalesPromotionCampaign 329,1,1,2026-08-24T00:00:00.000
330,SPC000330,65,Unity SalesPromotionCampaign 330,1,1,2026-08-24T00:00:00.000
331,SPC000331,25,Delta SalesPromotionCampaign 331,1,1,2026-08-24T00:00:00.000
332,SPC000332,4,Vertex SalesPromotionCampaign 332,1,1,2026-08-24T00:00:00.000
333,SPC000333,37,Unity SalesPromotionCampaign 333,1,1,2026-08-24T00:00:00.000
334,SPC000334,53,Liberty SalesPromotionCampaign 334,1,1,2026-08-24T00:00:00.000
335,SPC000335,25,Cedar SalesPromotionCampaign 335,1,1,2026-08-24T00:00:00.000
336,SPC000336,74,Summit SalesPromotionCampaign 336,1,1,2026-08-24T00:00:00.000
337,SPC000337,11,Summit SalesPromotionCampaign 337,1,1,2026-08-24T00:00:00.000
338,SPC000338,3,Quartz SalesPromotionCampaign 338,1,1,2026-08-24T00:00:00.000
339,SPC000339,65,Ion SalesPromotionCampaign 339,1,1,2026-08-24T00:00:00.000
340,SPC000340,35,Orion SalesPromotionCampaign 340,1,1,2026-08-24T00:00:00.000
341,SPC000341,9,Granite SalesPromotionCampaign 341,1,1,2026-08-24T00:00:00.000
342,SPC000342,44,Cedar SalesPromotionCampaign 342,1,1,2026-08-24T00:00:00.000
343,SPC000343,41,Keystone SalesPromotionCampaign 343,1,1,2026-08-24T00:00:00.000
344,SPC000344,34,Titan SalesPromotionCampaign 344,1,1,2026-08-24T00:00:00.000
345,SPC000345,6,Delta SalesPromotionCampaign 345,1,1,2026-08-24T00:00:00.000
346,SPC000346,49,Evergreen SalesPromotionCampaign 346,1,1,2026-08-24T00:00:00.000
347,SPC000347,54,Orion SalesPromotionCampaign 347,1,1,2026-08-24T00:00:00.000
348,SPC000348,9,Northstar SalesPromotionCampaign 348,1,1,2026-08-24T00:00:00.000
349,SPC000349,64,Cedar SalesPromotionCampaign 349,1,1,2026-08-24T00:00:00.000
350,SPC000350,65,Pioneer SalesPromotionCampaign 350,1,1,2026-08-24T00:00:00.000
351,SPC000351,7,Riverton SalesPromotionCampaign 351,1,1,2026-08-24T00:00:00.000
352,SPC000352,70,Titan SalesPromotionCampaign 352,1,1,2026-08-24T00:00:00.000
353,SPC000353,59,Meridian SalesPromotionCampaign 353,1,1,2026-08-24T00:00:00.000
354,SPC000354,17,Liberty SalesPromotionCampaign 354,1,1,2026-08-24T00:00:00.000
355,SPC000355,46,Junction SalesPromotionCampaign 355,1,1,2026-08-24T00:00:00.000
356,SPC000356,37,Orion SalesPromotionCampaign 356,1,1,2026-08-24T00:00:00.000
357,SPC000357,46,Evergreen SalesPromotionCampaign 357,1,1,2026-08-24T00:00:00.000
358,SPC000358,42,Atlas SalesPromotionCampaign 358,1,1,2026-08-24T00:00:00.000
359,SPC000359,27,Delta SalesPromotionCampaign 359,1,1,2026-08-24T00:00:00.000
360,SPC000360,47,Evergreen SalesPromotionCampaign 360,1,1,2026-08-24T00:00:00.000
361,SPC000361,16,Liberty SalesPromotionCampaign 361,1,1,2026-08-24T00:00:00.000
362,SPC000362,17,Granite SalesPromotionCampaign 362,1,1,2026-08-24T00:00:00.000
363,SPC000363,28,Forge SalesPromotionCampaign 363,1,1,2026-08-24T00:00:00.000
364,SPC000364,73,Orion SalesPromotionCampaign 364,1,1,2026-08-24T00:00:00.000
365,SPC000365,1,Northstar SalesPromotionCampaign 365,1,1,2026-08-24T00:00:00.000
366,SPC000366,47,Granite SalesPromotionCampaign 366,1,1,2026-08-24T00:00:00.000
367,SPC000367,22,Summit SalesPromotionCampaign 367,1,1,2026-08-24T00:00:00.000
368,SPC000368,30,Orion SalesPromotionCampaign 368,1,1,2026-08-24T00:00:00.000
369,SPC000369,24,Titan SalesPromotionCampaign 369,1,1,2026-08-24T00:00:00.000
370,SPC000370,25,Cedar SalesPromotionCampaign 370,1,1,2026-08-24T00:00:00.000
371,SPC000371,56,Junction SalesPromotionCampaign 371,1,1,2026-08-24T00:00:00.000
372,SPC000372,55,Zenith SalesPromotionCampaign 372,1,1,2026-08-24T00:00:00.000
373,SPC000373,6,Willow SalesPromotionCampaign 373,1,1,2026-08-24T00:00:00.000
374,SPC000374,12,Vertex SalesPromotionCampaign 374,1,1,2026-08-24T00:00:00.000
375,SPC000375,24,Unity SalesPromotionCampaign 375,1,1,2026-08-24T00:00:00.000
376,SPC000376,35,Forge SalesPromotionCampaign 376,1,1,2026-08-24T00:00:00.000
377,SPC000377,18,Orion SalesPromotionCampaign 377,1,1,2026-08-24T00:00:00.000
378,SPC000378,79,Pioneer SalesPromotionCampaign 378,1,1,2026-08-24T00:00:00.000
379,SPC000379,45,Beacon SalesPromotionCampaign 379,1,1,2026-08-24T00:00:00.000
380,SPC000380,13,Quartz SalesPromotionCampaign 380,1,1,2026-08-24T00:00:00.000
381,SPC000381,52,Liberty SalesPromotionCampaign 381,1,1,2026-08-24T00:00:00.000
382,SPC000382,66,Harbor SalesPromotionCampaign 382,1,1,2026-08-24T00:00:00.000
383,SPC000383,66,Vertex SalesPromotionCampaign 383,1,1,2026-08-24T00:00:00.000
384,SPC000384,26,Zenith SalesPromotionCampaign 384,1,1,2026-08-24T00:00:00.000
385,SPC000385,68,Riverton SalesPromotionCampaign 385,1,1,2026-08-24T00:00:00.000
386,SPC000386,52,Forge SalesPromotionCampaign 386,1,1,2026-08-24T00:00:00.000
387,SPC000387,68,Unity SalesPromotionCampaign 387,1,1,2026-08-24T00:00:00.000
388,SPC000388,24,Forge SalesPromotionCampaign 388,1,1,2026-08-24T00:00:00.000
389,SPC000389,69,Forge SalesPromotionCampaign 389,1,1,2026-08-24T00:00:00.000
390,SPC000390,76,Titan SalesPromotionCampaign 390,1,1,2026-08-24T00:00:00.000
391,SPC000391,14,Quartz SalesPromotionCampaign 391,1,1,2026-08-24T00:00:00.000
392,SPC000392,59,Junction SalesPromotionCampaign 392,1,1,2026-08-24T00:00:00.000
393,SPC000393,52,Junction SalesPromotionCampaign 393,1,1,2026-08-24T00:00:00.000
394,SPC000394,50,Vertex SalesPromotionCampaign 394,1,1,2026-08-24T00:00:00.000
395,SPC000395,52,Meridian SalesPromotionCampaign 395,1,1,2026-08-24T00:00:00.000
396,SPC000396,25,Atlas SalesPromotionCampaign 396,1,1,2026-08-24T00:00:00.000
397,SPC000397,5,Forge SalesPromotionCampaign 397,1,1,2026-08-24T00:00:00.000
398,SPC000398,48,Evergreen SalesPromotionCampaign 398,1,1,2026-08-24T00:00:00.000
399,SPC000399,6,Orion SalesPromotionCampaign 399,1,1,2026-08-24T00:00:00.000
400,SPC000400,5,Zenith SalesPromotionCampaign 400,1,1,2026-08-24T00:00:00.000
401,SPC000401,53,Summit SalesPromotionCampaign 401,1,1,2026-08-24T00:00:00.000
402,SPC000402,65,Forge SalesPromotionCampaign 402,1,1,2026-08-24T00:00:00.000
403,SPC000403,54,Orion SalesPromotionCampaign 403,1,1,2026-08-24T00:00:00.000
404,SPC000404,36,Harbor SalesPromotionCampaign 404,1,1,2026-08-24T00:00:00.000
405,SPC000405,56,Harbor SalesPromotionCampaign 405,1,1,2026-08-24T00:00:00.000
406,SPC000406,38,Harbor SalesPromotionCampaign 406,1,1,2026-08-24T00:00:00.000
407,SPC000407,26,Junction SalesPromotionCampaign 407,1,1,2026-08-24T00:00:00.000
408,SPC000408,50,Cedar SalesPromotionCampaign 408,1,1,2026-08-24T00:00:00.000
409,SPC000409,56,Orion SalesPromotionCampaign 409,1,1,2026-08-24T00:00:00.000
410,SPC000410,29,Titan SalesPromotionCampaign 410,1,1,2026-08-24T00:00:00.000
411,SPC000411,40,Willow SalesPromotionCampaign 411,1,1,2026-08-24T00:00:00.000
412,SPC000412,8,Evergreen SalesPromotionCampaign 412,1,1,2026-08-24T00:00:00.000
413,SPC000413,15,Orion SalesPromotionCampaign 413,1,1,2026-08-24T00:00:00.000
414,SPC000414,77,Orion SalesPromotionCampaign 414,1,1,2026-08-24T00:00:00.000
415,SPC000415,48,Willow SalesPromotionCampaign 415,1,1,2026-08-24T00:00:00.000
416,SPC000416,69,Atlas SalesPromotionCampaign 416,1,1,2026-08-24T00:00:00.000
417,SPC000417,69,Beacon SalesPromotionCampaign 417,1,1,2026-08-24T00:00:00.000
418,SPC000418,23,Zenith SalesPromotionCampaign 418,1,1,2026-08-24T00:00:00.000
419,SPC000419,38,Keystone SalesPromotionCampaign 419,1,1,2026-08-24T00:00:00.000
420,SPC000420,7,Granite SalesPromotionCampaign 420,1,1,2026-08-24T00:00:00.000
421,SPC000421,70,Cedar SalesPromotionCampaign 421,1,1,2026-08-24T00:00:00.000
422,SPC000422,38,Vertex SalesPromotionCampaign 422,1,1,2026-08-24T00:00:00.000
423,SPC000423,16,Ion SalesPromotionCampaign 423,1,1,2026-08-24T00:00:00.000
424,SPC000424,64,Northstar SalesPromotionCampaign 424,1,1,2026-08-24T00:00:00.000
425,SPC000425,14,Zenith SalesPromotionCampaign 425,1,1,2026-08-24T00:00:00.000
426,SPC000426,28,Willow SalesPromotionCampaign 426,1,1,2026-08-24T00:00:00.000
427,SPC000427,13,Harbor SalesPromotionCampaign 427,1,1,2026-08-24T00:00:00.000
428,SPC000428,52,Pioneer SalesPromotionCampaign 428,1,1,2026-08-24T00:00:00.000
429,SPC000429,32,Liberty SalesPromotionCampaign 429,1,1,2026-08-24T00:00:00.000
430,SPC000430,58,Pioneer SalesPromotionCampaign 430,1,1,2026-08-24T00:00:00.000
431,SPC000431,62,Keystone SalesPromotionCampaign 431,1,1,2026-08-24T00:00:00.000
432,SPC000432,11,Meridian SalesPromotionCampaign 432,1,1,2026-08-24T00:00:00.000
433,SPC000433,37,Vertex SalesPromotionCampaign 433,1,1,2026-08-24T00:00:00.000
434,SPC000434,3,Zenith SalesPromotionCampaign 434,1,1,2026-08-24T00:00:00.000
435,SPC000435,55,Harbor SalesPromotionCampaign 435,1,1,2026-08-24T00:00:00.000
436,SPC000436,62,Granite SalesPromotionCampaign 436,1,1,2026-08-24T00:00:00.000
437,SPC000437,6,Unity SalesPromotionCampaign 437,1,1,2026-08-24T00:00:00.000
438,SPC000438,37,Willow SalesPromotionCampaign 438,1,1,2026-08-24T00:00:00.000
439,SPC000439,69,Willow SalesPromotionCampaign 439,1,1,2026-08-24T00:00:00.000
440,SPC000440,67,Liberty SalesPromotionCampaign 440,1,1,2026-08-24T00:00:00.000
441,SPC000441,21,Orion SalesPromotionCampaign 441,1,1,2026-08-24T00:00:00.000
442,SPC000442,57,Granite SalesPromotionCampaign 442,1,1,2026-08-24T00:00:00.000
443,SPC000443,66,Northstar SalesPromotionCampaign 443,1,1,2026-08-24T00:00:00.000
444,SPC000444,48,Junction SalesPromotionCampaign 444,1,1,2026-08-24T00:00:00.000
445,SPC000445,4,Summit SalesPromotionCampaign 445,1,1,2026-08-24T00:00:00.000
446,SPC000446,8,Unity SalesPromotionCampaign 446,1,1,2026-08-24T00:00:00.000
447,SPC000447,10,Harbor SalesPromotionCampaign 447,1,1,2026-08-24T00:00:00.000
448,SPC000448,7,Meridian SalesPromotionCampaign 448,1,1,2026-08-24T00:00:00.000
449,SPC000449,64,Vertex SalesPromotionCampaign 449,1,1,2026-08-24T00:00:00.000
450,SPC000450,71,Willow SalesPromotionCampaign 450,1,1,2026-08-24T00:00:00.000
451,SPC000451,27,Vertex SalesPromotionCampaign 451,1,1,2026-08-24T00:00:00.000
452,SPC000452,78,Atlas SalesPromotionCampaign 452,1,1,2026-08-24T00:00:00.000
453,SPC000453,26,Cedar SalesPromotionCampaign 453,1,1,2026-08-24T00:00:00.000
454,SPC000454,47,Orion SalesPromotionCampaign 454,1,1,2026-08-24T00:00:00.000
455,SPC000455,9,Ion SalesPromotionCampaign 455,1,1,2026-08-24T00:00:00.000
456,SPC000456,27,Titan SalesPromotionCampaign 456,1,1,2026-08-24T00:00:00.000
457,SPC000457,68,Beacon SalesPromotionCampaign 457,1,1,2026-08-24T00:00:00.000
458,SPC000458,54,Forge SalesPromotionCampaign 458,1,1,2026-08-24T00:00:00.000
459,SPC000459,40,Evergreen SalesPromotionCampaign 459,1,1,2026-08-24T00:00:00.000
460,SPC000460,50,Ion SalesPromotionCampaign 460,1,1,2026-08-24T00:00:00.000
461,SPC000461,31,Junction SalesPromotionCampaign 461,1,1,2026-08-24T00:00:00.000
462,SPC000462,23,Titan SalesPromotionCampaign 462,1,1,2026-08-24T00:00:00.000
463,SPC000463,2,Evergreen SalesPromotionCampaign 463,1,1,2026-08-24T00:00:00.000
464,SPC000464,33,Ion SalesPromotionCampaign 464,1,1,2026-08-24T00:00:00.000
465,SPC000465,19,Cedar SalesPromotionCampaign 465,1,1,2026-08-24T00:00:00.000
466,SPC000466,53,Evergreen SalesPromotionCampaign 466,1,1,2026-08-24T00:00:00.000
467,SPC000467,20,Willow SalesPromotionCampaign 467,1,1,2026-08-24T00:00:00.000
468,SPC000468,6,Forge SalesPromotionCampaign 468,1,1,2026-08-24T00:00:00.000
469,SPC000469,27,Evergreen SalesPromotionCampaign 469,1,1,2026-08-24T00:00:00.000
470,SPC000470,10,Zenith SalesPromotionCampaign 470,1,1,2026-08-24T00:00:00.000
471,SPC000471,60,Ion SalesPromotionCampaign 471,1,1,2026-08-24T00:00:00.000
472,SPC000472,75,Meridian SalesPromotionCampaign 472,1,1,2026-08-24T00:00:00.000
473,SPC000473,49,Orion SalesPromotionCampaign 473,1,1,2026-08-24T00:00:00.000
474,SPC000474,18,Atlas SalesPromotionCampaign 474,1,1,2026-08-24T00:00:00.000
475,SPC000475,30,Quartz SalesPromotionCampaign 475,1,1,2026-08-24T00:00:00.000
476,SPC000476,7,Willow SalesPromotionCampaign 476,1,1,2026-08-24T00:00:00.000
477,SPC000477,60,Riverton SalesPromotionCampaign 477,1,1,2026-08-24T00:00:00.000
478,SPC000478,32,Titan SalesPromotionCampaign 478,1,1,2026-08-24T00:00:00.000
479,SPC000479,2,Unity SalesPromotionCampaign 479,1,1,2026-08-24T00:00:00.000
480,SPC000480,19,Unity SalesPromotionCampaign 480,1,1,2026-08-24T00:00:00.000
481,SPC000481,8,Liberty SalesPromotionCampaign 481,1,1,2026-08-24T00:00:00.000
482,SPC000482,78,Delta SalesPromotionCampaign 482,1,1,2026-08-24T00:00:00.000
483,SPC000483,53,Forge SalesPromotionCampaign 483,1,1,2026-08-24T00:00:00.000
484,SPC000484,21,Beacon SalesPromotionCampaign 484,1,1,2026-08-24T00:00:00.000
485,SPC000485,57,Atlas SalesPromotionCampaign 485,1,1,2026-08-24T00:00:00.000
486,SPC000486,4,Quartz SalesPromotionCampaign 486,1,1,2026-08-24T00:00:00.000
487,SPC000487,64,Meridian SalesPromotionCampaign 487,1,1,2026-08-24T00:00:00.000
488,SPC000488,66,Orion SalesPromotionCampaign 488,1,1,2026-08-24T00:00:00.000
489,SPC000489,7,Pioneer SalesPromotionCampaign 489,1,1,2026-08-24T00:00:00.000
490,SPC000490,23,Beacon SalesPromotionCampaign 490,1,1,2026-08-24T00:00:00.000
491,SPC000491,31,Unity SalesPromotionCampaign 491,1,1,2026-08-24T00:00:00.000
492,SPC000492,54,Atlas SalesPromotionCampaign 492,1,1,2026-08-24T00:00:00.000
493,SPC000493,14,Zenith SalesPromotionCampaign 493,1,1,2026-08-24T00:00:00.000
494,SPC000494,65,Riverton SalesPromotionCampaign 494,1,1,2026-08-24T00:00:00.000
495,SPC000495,26,Pioneer SalesPromotionCampaign 495,1,1,2026-08-24T00:00:00.000
496,SPC000496,72,Zenith SalesPromotionCampaign 496,1,1,2026-08-24T00:00:00.000
497,SPC000497,36,Quartz SalesPromotionCampaign 497,1,1,2026-08-24T00:00:00.000
498,SPC000498,7,Evergreen SalesPromotionCampaign 498,1,1,2026-08-24T00:00:00.000
499,SPC000499,36,Summit SalesPromotionCampaign 499,1,1,2026-08-24T00:00:00.000
500,SPC000500,53,Willow SalesPromotionCampaign 500,1,1,2026-08-24T00:00:00.000
